student_id,full_name,career,semester,gpa,skill_score
1001,Juan Perez 1001,Ingenieria en Sistemas,1,60.00,120
1002,Ana Lopez 1002,Ingenieria Industrial,2,60.17,157
1003,Carlos Ruiz 1003,Ingenieria Civil,3,60.34,194
1004,Maria Garcia 1004,Ingenieria Administrativa,4,60.51,231
1005,Luis Hernandez 1005,Ingenieria en Software,5,60.68,268
1006,Sofia Morales 1006,Ingenieria Mecanica,6,60.85,305
1007,Pedro Castillo 1007,Ingenieria en Sistemas,7,61.02,342
1008,Elena Pineda 1008,Ingenieria Industrial,8,61.19,379
1009,Jorge Contreras 1009,Ingenieria Civil,9,61.36,416
1010,Valeria Barrios 1010,Ingenieria Administrativa,10,61.53,453
1011,Karla Gomez 1011,Ingenieria en Software,1,61.70,490
1012,Diego Navarro 1012,Ingenieria Mecanica,2,61.87,527
1013,Rosa Fuentes 1013,Ingenieria en Sistemas,3,62.04,564
1014,Mario Lemus 1014,Ingenieria Industrial,4,62.21,601
1015,Paola Ortiz 1015,Ingenieria Civil,5,62.38,638
1016,Sergio Aragon 1016,Ingenieria Administrativa,6,62.55,675
1017,Dulce Arana 1017,Ingenieria en Software,7,62.72,712
1018,Nancy Chamalé 1018,Ingenieria Mecanica,8,62.89,749
1019,Byron Castellanos 1019,Ingenieria en Sistemas,9,63.06,786
1020,Helen Conoz 1020,Ingenieria Industrial,10,63.23,823
1021,Juan Perez 1021,Ingenieria Civil,1,63.40,860
1022,Ana Lopez 1022,Ingenieria Administrativa,2,63.57,897
1023,Carlos Ruiz 1023,Ingenieria en Software,3,63.74,934
1024,Maria Garcia 1024,Ingenieria Mecanica,4,63.91,971
1025,Luis Hernandez 1025,Ingenieria en Sistemas,5,64.08,1008
1026,Sofia Morales 1026,Ingenieria Industrial,6,64.25,1045
1027,Pedro Castillo 1027,Ingenieria Civil,7,64.42,1082
1028,Elena Pineda 1028,Ingenieria Administrativa,8,64.59,1119
1029,Jorge Contreras 1029,Ingenieria en Software,9,64.76,1156
1030,Valeria Barrios 1030,Ingenieria Mecanica,10,64.93,1193
1031,Karla Gomez 1031,Ingenieria en Sistemas,1,65.10,1230
1032,Diego Navarro 1032,Ingenieria Industrial,2,65.27,1267
1033,Rosa Fuentes 1033,Ingenieria Civil,3,65.44,1304
1034,Mario Lemus 1034,Ingenieria Administrativa,4,65.61,1341
1035,Paola Ortiz 1035,Ingenieria en Software,5,65.78,1378
1036,Sergio Aragon 1036,Ingenieria Mecanica,6,65.95,1415
1037,Dulce Arana 1037,Ingenieria en Sistemas,7,66.12,1452
1038,Nancy Chamalé 1038,Ingenieria Industrial,8,66.29,1489
1039,Byron Castellanos 1039,Ingenieria Civil,9,66.46,1526
1040,Helen Conoz 1040,Ingenieria Administrativa,10,66.63,1563
1041,Juan Perez 1041,Ingenieria en Software,1,66.80,1600
1042,Ana Lopez 1042,Ingenieria Mecanica,2,66.97,1637
1043,Carlos Ruiz 1043,Ingenieria en Sistemas,3,67.14,1674
1044,Maria Garcia 1044,Ingenieria Industrial,4,67.31,1711
1045,Luis Hernandez 1045,Ingenieria Civil,5,67.48,1748
1046,Sofia Morales 1046,Ingenieria Administrativa,6,67.65,1785
1047,Pedro Castillo 1047,Ingenieria en Software,7,67.82,1822
1048,Elena Pineda 1048,Ingenieria Mecanica,8,67.99,1859
1049,Jorge Contreras 1049,Ingenieria en Sistemas,9,68.16,1896
1050,Valeria Barrios 1050,Ingenieria Industrial,10,68.33,1933
1051,Karla Gomez 1051,Ingenieria Civil,1,68.50,1970
1052,Diego Navarro 1052,Ingenieria Administrativa,2,68.67,2007
1053,Rosa Fuentes 1053,Ingenieria en Software,3,68.84,2044
1054,Mario Lemus 1054,Ingenieria Mecanica,4,69.01,2081
1055,Paola Ortiz 1055,Ingenieria en Sistemas,5,69.18,2118
1056,Sergio Aragon 1056,Ingenieria Industrial,6,69.35,2155
1057,Dulce Arana 1057,Ingenieria Civil,7,69.52,2192
1058,Nancy Chamalé 1058,Ingenieria Administrativa,8,69.69,2229
1059,Byron Castellanos 1059,Ingenieria en Software,9,69.86,2266
1060,Helen Conoz 1060,Ingenieria Mecanica,10,70.03,2303
1061,Juan Perez 1061,Ingenieria en Sistemas,1,70.20,2340
1062,Ana Lopez 1062,Ingenieria Industrial,2,70.37,2377
1063,Carlos Ruiz 1063,Ingenieria Civil,3,70.54,2414
1064,Maria Garcia 1064,Ingenieria Administrativa,4,70.71,2451
1065,Luis Hernandez 1065,Ingenieria en Software,5,70.88,2488
1066,Sofia Morales 1066,Ingenieria Mecanica,6,71.05,2525
1067,Pedro Castillo 1067,Ingenieria en Sistemas,7,71.22,2562
1068,Elena Pineda 1068,Ingenieria Industrial,8,71.39,2599
1069,Jorge Contreras 1069,Ingenieria Civil,9,71.56,2636
1070,Valeria Barrios 1070,Ingenieria Administrativa,10,71.73,2673
1071,Karla Gomez 1071,Ingenieria en Software,1,71.90,2710
1072,Diego Navarro 1072,Ingenieria Mecanica,2,72.07,2747
1073,Rosa Fuentes 1073,Ingenieria en Sistemas,3,72.24,2784
1074,Mario Lemus 1074,Ingenieria Industrial,4,72.41,2821
1075,Paola Ortiz 1075,Ingenieria Civil,5,72.58,2858
1076,Sergio Aragon 1076,Ingenieria Administrativa,6,72.75,2895
1077,Dulce Arana 1077,Ingenieria en Software,7,72.92,2932
1078,Nancy Chamalé 1078,Ingenieria Mecanica,8,73.09,2969
1079,Byron Castellanos 1079,Ingenieria en Sistemas,9,73.26,3006
1080,Helen Conoz 1080,Ingenieria Industrial,10,73.43,3043
1081,Juan Perez 1081,Ingenieria Civil,1,73.60,3080
1082,Ana Lopez 1082,Ingenieria Administrativa,2,73.77,3117
1083,Carlos Ruiz 1083,Ingenieria en Software,3,73.94,3154
1084,Maria Garcia 1084,Ingenieria Mecanica,4,74.11,3191
1085,Luis Hernandez 1085,Ingenieria en Sistemas,5,74.28,3228
1086,Sofia Morales 1086,Ingenieria Industrial,6,74.45,3265
1087,Pedro Castillo 1087,Ingenieria Civil,7,74.62,3302
1088,Elena Pineda 1088,Ingenieria Administrativa,8,74.79,3339
1089,Jorge Contreras 1089,Ingenieria en Software,9,74.96,3376
1090,Valeria Barrios 1090,Ingenieria Mecanica,10,75.13,3413
1091,Karla Gomez 1091,Ingenieria en Sistemas,1,75.30,3450
1092,Diego Navarro 1092,Ingenieria Industrial,2,75.47,3487
1093,Rosa Fuentes 1093,Ingenieria Civil,3,75.64,3524
1094,Mario Lemus 1094,Ingenieria Administrativa,4,75.81,3561
1095,Paola Ortiz 1095,Ingenieria en Software,5,75.98,3598
1096,Sergio Aragon 1096,Ingenieria Mecanica,6,76.15,3635
1097,Dulce Arana 1097,Ingenieria en Sistemas,7,76.32,3672
1098,Nancy Chamalé 1098,Ingenieria Industrial,8,76.49,3709
1099,Byron Castellanos 1099,Ingenieria Civil,9,76.66,3746
1100,Helen Conoz 1100,Ingenieria Administrativa,10,76.83,3783
1101,Juan Perez 1101,Ingenieria en Software,1,77.00,3820
1102,Ana Lopez 1102,Ingenieria Mecanica,2,77.17,3857
1103,Carlos Ruiz 1103,Ingenieria en Sistemas,3,77.34,3894
1104,Maria Garcia 1104,Ingenieria Industrial,4,77.51,3931
1105,Luis Hernandez 1105,Ingenieria Civil,5,77.68,3968
1106,Sofia Morales 1106,Ingenieria Administrativa,6,77.85,4005
1107,Pedro Castillo 1107,Ingenieria en Software,7,78.02,4042
1108,Elena Pineda 1108,Ingenieria Mecanica,8,78.19,4079
1109,Jorge Contreras 1109,Ingenieria en Sistemas,9,78.36,4116
1110,Valeria Barrios 1110,Ingenieria Industrial,10,78.53,4153
1111,Karla Gomez 1111,Ingenieria Civil,1,78.70,4190
1112,Diego Navarro 1112,Ingenieria Administrativa,2,78.87,4227
1113,Rosa Fuentes 1113,Ingenieria en Software,3,79.04,4264
1114,Mario Lemus 1114,Ingenieria Mecanica,4,79.21,4301
1115,Paola Ortiz 1115,Ingenieria en Sistemas,5,79.38,4338
1116,Sergio Aragon 1116,Ingenieria Industrial,6,79.55,4375
1117,Dulce Arana 1117,Ingenieria Civil,7,79.72,4412
1118,Nancy Chamalé 1118,Ingenieria Administrativa,8,79.89,4449
1119,Byron Castellanos 1119,Ingenieria en Software,9,80.06,4486
1120,Helen Conoz 1120,Ingenieria Mecanica,10,80.23,4523
1121,Juan Perez 1121,Ingenieria en Sistemas,1,80.40,4560
1122,Ana Lopez 1122,Ingenieria Industrial,2,80.57,4597
1123,Carlos Ruiz 1123,Ingenieria Civil,3,80.74,4634
1124,Maria Garcia 1124,Ingenieria Administrativa,4,80.91,4671
1125,Luis Hernandez 1125,Ingenieria en Software,5,81.08,4708
1126,Sofia Morales 1126,Ingenieria Mecanica,6,81.25,4745
1127,Pedro Castillo 1127,Ingenieria en Sistemas,7,81.42,4782
1128,Elena Pineda 1128,Ingenieria Industrial,8,81.59,4819
1129,Jorge Contreras 1129,Ingenieria Civil,9,81.76,4856
1130,Valeria Barrios 1130,Ingenieria Administrativa,10,81.93,4893
1131,Karla Gomez 1131,Ingenieria en Software,1,82.10,4930
1132,Diego Navarro 1132,Ingenieria Mecanica,2,82.27,4967
1133,Rosa Fuentes 1133,Ingenieria en Sistemas,3,82.44,5004
1134,Mario Lemus 1134,Ingenieria Industrial,4,82.61,5041
1135,Paola Ortiz 1135,Ingenieria Civil,5,82.78,5078
1136,Sergio Aragon 1136,Ingenieria Administrativa,6,82.95,5115
1137,Dulce Arana 1137,Ingenieria en Software,7,83.12,5152
1138,Nancy Chamalé 1138,Ingenieria Mecanica,8,83.29,5189
1139,Byron Castellanos 1139,Ingenieria en Sistemas,9,83.46,5226
1140,Helen Conoz 1140,Ingenieria Industrial,10,83.63,5263
1141,Juan Perez 1141,Ingenieria Civil,1,83.80,5300
1142,Ana Lopez 1142,Ingenieria Administrativa,2,83.97,5337
1143,Carlos Ruiz 1143,Ingenieria en Software,3,84.14,5374
1144,Maria Garcia 1144,Ingenieria Mecanica,4,84.31,5411
1145,Luis Hernandez 1145,Ingenieria en Sistemas,5,84.48,5448
1146,Sofia Morales 1146,Ingenieria Industrial,6,84.65,5485
1147,Pedro Castillo 1147,Ingenieria Civil,7,84.82,5522
1148,Elena Pineda 1148,Ingenieria Administrativa,8,84.99,5559
1149,Jorge Contreras 1149,Ingenieria en Software,9,85.16,5596
1150,Valeria Barrios 1150,Ingenieria Mecanica,10,85.33,5633
1151,Karla Gomez 1151,Ingenieria en Sistemas,1,85.50,5670
1152,Diego Navarro 1152,Ingenieria Industrial,2,85.67,5707
1153,Rosa Fuentes 1153,Ingenieria Civil,3,85.84,5744
1154,Mario Lemus 1154,Ingenieria Administrativa,4,86.01,5781
1155,Paola Ortiz 1155,Ingenieria en Software,5,86.18,5818
1156,Sergio Aragon 1156,Ingenieria Mecanica,6,86.35,5855
1157,Dulce Arana 1157,Ingenieria en Sistemas,7,86.52,5892
1158,Nancy Chamalé 1158,Ingenieria Industrial,8,86.69,5929
1159,Byron Castellanos 1159,Ingenieria Civil,9,86.86,5966
1160,Helen Conoz 1160,Ingenieria Administrativa,10,87.03,6003
1161,Juan Perez 1161,Ingenieria en Software,1,87.20,6040
1162,Ana Lopez 1162,Ingenieria Mecanica,2,87.37,6077
1163,Carlos Ruiz 1163,Ingenieria en Sistemas,3,87.54,6114
1164,Maria Garcia 1164,Ingenieria Industrial,4,87.71,6151
1165,Luis Hernandez 1165,Ingenieria Civil,5,87.88,6188
1166,Sofia Morales 1166,Ingenieria Administrativa,6,88.05,6225
1167,Pedro Castillo 1167,Ingenieria en Software,7,88.22,6262
1168,Elena Pineda 1168,Ingenieria Mecanica,8,88.39,6299
1169,Jorge Contreras 1169,Ingenieria en Sistemas,9,88.56,6336
1170,Valeria Barrios 1170,Ingenieria Industrial,10,88.73,6373
1171,Karla Gomez 1171,Ingenieria Civil,1,88.90,6410
1172,Diego Navarro 1172,Ingenieria Administrativa,2,89.07,6447
1173,Rosa Fuentes 1173,Ingenieria en Software,3,89.24,6484
1174,Mario Lemus 1174,Ingenieria Mecanica,4,89.41,6521
1175,Paola Ortiz 1175,Ingenieria en Sistemas,5,89.58,6558
1176,Sergio Aragon 1176,Ingenieria Industrial,6,89.75,6595
1177,Dulce Arana 1177,Ingenieria Civil,7,89.92,6632
1178,Nancy Chamalé 1178,Ingenieria Administrativa,8,90.09,6669
1179,Byron Castellanos 1179,Ingenieria en Software,9,90.26,6706
1180,Helen Conoz 1180,Ingenieria Mecanica,10,90.43,6743
1181,Juan Perez 1181,Ingenieria en Sistemas,1,90.60,6780
1182,Ana Lopez 1182,Ingenieria Industrial,2,90.77,6817
1183,Carlos Ruiz 1183,Ingenieria Civil,3,90.94,6854
1184,Maria Garcia 1184,Ingenieria Administrativa,4,91.11,6891
1185,Luis Hernandez 1185,Ingenieria en Software,5,91.28,6928
1186,Sofia Morales 1186,Ingenieria Mecanica,6,91.45,6965
1187,Pedro Castillo 1187,Ingenieria en Sistemas,7,91.62,7002
1188,Elena Pineda 1188,Ingenieria Industrial,8,91.79,7039
1189,Jorge Contreras 1189,Ingenieria Civil,9,91.96,7076
1190,Valeria Barrios 1190,Ingenieria Administrativa,10,92.13,7113
1191,Karla Gomez 1191,Ingenieria en Software,1,92.30,7150
1192,Diego Navarro 1192,Ingenieria Mecanica,2,92.47,7187
1193,Rosa Fuentes 1193,Ingenieria en Sistemas,3,92.64,7224
1194,Mario Lemus 1194,Ingenieria Industrial,4,92.81,7261
1195,Paola Ortiz 1195,Ingenieria Civil,5,92.98,7298
1196,Sergio Aragon 1196,Ingenieria Administrativa,6,93.15,7335
1197,Dulce Arana 1197,Ingenieria en Software,7,93.32,7372
1198,Nancy Chamalé 1198,Ingenieria Mecanica,8,93.49,7409
1199,Byron Castellanos 1199,Ingenieria en Sistemas,9,93.66,7446
1200,Helen Conoz 1200,Ingenieria Industrial,10,93.83,7483
1201,Juan Perez 1201,Ingenieria Civil,1,94.00,7520
1202,Ana Lopez 1202,Ingenieria Administrativa,2,94.17,7557
1203,Carlos Ruiz 1203,Ingenieria en Software,3,94.34,7594
1204,Maria Garcia 1204,Ingenieria Mecanica,4,94.51,7631
1205,Luis Hernandez 1205,Ingenieria en Sistemas,5,94.68,7668
1206,Sofia Morales 1206,Ingenieria Industrial,6,94.85,7705
1207,Pedro Castillo 1207,Ingenieria Civil,7,95.02,7742
1208,Elena Pineda 1208,Ingenieria Administrativa,8,95.19,7779
1209,Jorge Contreras 1209,Ingenieria en Software,9,95.36,7816
1210,Valeria Barrios 1210,Ingenieria Mecanica,10,95.53,7853
1211,Karla Gomez 1211,Ingenieria en Sistemas,1,95.70,7890
1212,Diego Navarro 1212,Ingenieria Industrial,2,95.87,7927
1213,Rosa Fuentes 1213,Ingenieria Civil,3,96.04,7964
1214,Mario Lemus 1214,Ingenieria Administrativa,4,96.21,8001
1215,Paola Ortiz 1215,Ingenieria en Software,5,96.38,8038
1216,Sergio Aragon 1216,Ingenieria Mecanica,6,96.55,8075
1217,Dulce Arana 1217,Ingenieria en Sistemas,7,96.72,8112
1218,Nancy Chamalé 1218,Ingenieria Industrial,8,96.89,8149
1219,Byron Castellanos 1219,Ingenieria Civil,9,97.06,8186
1220,Helen Conoz 1220,Ingenieria Administrativa,10,97.23,8223
1221,Juan Perez 1221,Ingenieria en Software,1,97.40,8260
1222,Ana Lopez 1222,Ingenieria Mecanica,2,97.57,8297
1223,Carlos Ruiz 1223,Ingenieria en Sistemas,3,97.74,8334
1224,Maria Garcia 1224,Ingenieria Industrial,4,97.91,8371
1225,Luis Hernandez 1225,Ingenieria Civil,5,98.08,8408
1226,Sofia Morales 1226,Ingenieria Administrativa,6,98.25,8445
1227,Pedro Castillo 1227,Ingenieria en Software,7,98.42,8482
1228,Elena Pineda 1228,Ingenieria Mecanica,8,98.59,8519
1229,Jorge Contreras 1229,Ingenieria en Sistemas,9,98.76,8556
1230,Valeria Barrios 1230,Ingenieria Industrial,10,98.93,8593
1231,Karla Gomez 1231,Ingenieria Civil,1,99.10,8630
1232,Diego Navarro 1232,Ingenieria Administrativa,2,99.27,8667
1233,Rosa Fuentes 1233,Ingenieria en Software,3,99.44,8704
1234,Mario Lemus 1234,Ingenieria Mecanica,4,99.61,8741
1235,Paola Ortiz 1235,Ingenieria en Sistemas,5,99.78,8778
1236,Sergio Aragon 1236,Ingenieria Industrial,6,99.95,8815
1237,Dulce Arana 1237,Ingenieria Civil,7,60.12,8852
1238,Nancy Chamalé 1238,Ingenieria Administrativa,8,60.29,8889
1239,Byron Castellanos 1239,Ingenieria en Software,9,60.46,8926
1240,Helen Conoz 1240,Ingenieria Mecanica,10,60.63,8963
1241,Juan Perez 1241,Ingenieria en Sistemas,1,60.80,9000
1242,Ana Lopez 1242,Ingenieria Industrial,2,60.97,9037
1243,Carlos Ruiz 1243,Ingenieria Civil,3,61.14,9074
1244,Maria Garcia 1244,Ingenieria Administrativa,4,61.31,9111
1245,Luis Hernandez 1245,Ingenieria en Software,5,61.48,9148
1246,Sofia Morales 1246,Ingenieria Mecanica,6,61.65,9185
1247,Pedro Castillo 1247,Ingenieria en Sistemas,7,61.82,9222
1248,Elena Pineda 1248,Ingenieria Industrial,8,61.99,9259
1249,Jorge Contreras 1249,Ingenieria Civil,9,62.16,9296
1250,Valeria Barrios 1250,Ingenieria Administrativa,10,62.33,9333
1251,Karla Gomez 1251,Ingenieria en Software,1,62.50,9370
1252,Diego Navarro 1252,Ingenieria Mecanica,2,62.67,9407
1253,Rosa Fuentes 1253,Ingenieria en Sistemas,3,62.84,9444
1254,Mario Lemus 1254,Ingenieria Industrial,4,63.01,9481
1255,Paola Ortiz 1255,Ingenieria Civil,5,63.18,9518
1256,Sergio Aragon 1256,Ingenieria Administrativa,6,63.35,9555
1257,Dulce Arana 1257,Ingenieria en Software,7,63.52,9592
1258,Nancy Chamalé 1258,Ingenieria Mecanica,8,63.69,9629
1259,Byron Castellanos 1259,Ingenieria en Sistemas,9,63.86,9666
1260,Helen Conoz 1260,Ingenieria Industrial,10,64.03,9703
1261,Juan Perez 1261,Ingenieria Civil,1,64.20,9740
1262,Ana Lopez 1262,Ingenieria Administrativa,2,64.37,9777
1263,Carlos Ruiz 1263,Ingenieria en Software,3,64.54,9814
1264,Maria Garcia 1264,Ingenieria Mecanica,4,64.71,9851
1265,Luis Hernandez 1265,Ingenieria en Sistemas,5,64.88,9888
1266,Sofia Morales 1266,Ingenieria Industrial,6,65.05,9925
1267,Pedro Castillo 1267,Ingenieria Civil,7,65.22,9962
1268,Elena Pineda 1268,Ingenieria Administrativa,8,65.39,9999
1269,Jorge Contreras 1269,Ingenieria en Software,9,65.56,10036
1270,Valeria Barrios 1270,Ingenieria Mecanica,10,65.73,10073
1271,Karla Gomez 1271,Ingenieria en Sistemas,1,65.90,10110
1272,Diego Navarro 1272,Ingenieria Industrial,2,66.07,10147
1273,Rosa Fuentes 1273,Ingenieria Civil,3,66.24,10184
1274,Mario Lemus 1274,Ingenieria Administrativa,4,66.41,10221
1275,Paola Ortiz 1275,Ingenieria en Software,5,66.58,10258
1276,Sergio Aragon 1276,Ingenieria Mecanica,6,66.75,10295
1277,Dulce Arana 1277,Ingenieria en Sistemas,7,66.92,10332
1278,Nancy Chamalé 1278,Ingenieria Industrial,8,67.09,10369
1279,Byron Castellanos 1279,Ingenieria Civil,9,67.26,10406
1280,Helen Conoz 1280,Ingenieria Administrativa,10,67.43,10443
1281,Juan Perez 1281,Ingenieria en Software,1,67.60,10480
1282,Ana Lopez 1282,Ingenieria Mecanica,2,67.77,10517
1283,Carlos Ruiz 1283,Ingenieria en Sistemas,3,67.94,10554
1284,Maria Garcia 1284,Ingenieria Industrial,4,68.11,10591
1285,Luis Hernandez 1285,Ingenieria Civil,5,68.28,10628
1286,Sofia Morales 1286,Ingenieria Administrativa,6,68.45,10665
1287,Pedro Castillo 1287,Ingenieria en Software,7,68.62,10702
1288,Elena Pineda 1288,Ingenieria Mecanica,8,68.79,10739
1289,Jorge Contreras 1289,Ingenieria en Sistemas,9,68.96,10776
1290,Valeria Barrios 1290,Ingenieria Industrial,10,69.13,10813
1291,Karla Gomez 1291,Ingenieria Civil,1,69.30,10850
1292,Diego Navarro 1292,Ingenieria Administrativa,2,69.47,10887
1293,Rosa Fuentes 1293,Ingenieria en Software,3,69.64,10924
1294,Mario Lemus 1294,Ingenieria Mecanica,4,69.81,10961
1295,Paola Ortiz 1295,Ingenieria en Sistemas,5,69.98,10998
1296,Sergio Aragon 1296,Ingenieria Industrial,6,70.15,11035
1297,Dulce Arana 1297,Ingenieria Civil,7,70.32,11072
1298,Nancy Chamalé 1298,Ingenieria Administrativa,8,70.49,11109
1299,Byron Castellanos 1299,Ingenieria en Software,9,70.66,11146
1300,Helen Conoz 1300,Ingenieria Mecanica,10,70.83,11183
1301,Juan Perez 1301,Ingenieria en Sistemas,1,71.00,11220
1302,Ana Lopez 1302,Ingenieria Industrial,2,71.17,11257
1303,Carlos Ruiz 1303,Ingenieria Civil,3,71.34,11294
1304,Maria Garcia 1304,Ingenieria Administrativa,4,71.51,11331
1305,Luis Hernandez 1305,Ingenieria en Software,5,71.68,11368
1306,Sofia Morales 1306,Ingenieria Mecanica,6,71.85,11405
1307,Pedro Castillo 1307,Ingenieria en Sistemas,7,72.02,11442
1308,Elena Pineda 1308,Ingenieria Industrial,8,72.19,11479
1309,Jorge Contreras 1309,Ingenieria Civil,9,72.36,11516
1310,Valeria Barrios 1310,Ingenieria Administrativa,10,72.53,11553
1311,Karla Gomez 1311,Ingenieria en Software,1,72.70,11590
1312,Diego Navarro 1312,Ingenieria Mecanica,2,72.87,11627
1313,Rosa Fuentes 1313,Ingenieria en Sistemas,3,73.04,11664
1314,Mario Lemus 1314,Ingenieria Industrial,4,73.21,11701
1315,Paola Ortiz 1315,Ingenieria Civil,5,73.38,11738
1316,Sergio Aragon 1316,Ingenieria Administrativa,6,73.55,11775
1317,Dulce Arana 1317,Ingenieria en Software,7,73.72,11812
1318,Nancy Chamalé 1318,Ingenieria Mecanica,8,73.89,11849
1319,Byron Castellanos 1319,Ingenieria en Sistemas,9,74.06,11886
1320,Helen Conoz 1320,Ingenieria Industrial,10,74.23,11923
1321,Juan Perez 1321,Ingenieria Civil,1,74.40,11960
1322,Ana Lopez 1322,Ingenieria Administrativa,2,74.57,11997
1323,Carlos Ruiz 1323,Ingenieria en Software,3,74.74,12034
1324,Maria Garcia 1324,Ingenieria Mecanica,4,74.91,12071
1325,Luis Hernandez 1325,Ingenieria en Sistemas,5,75.08,12108
1326,Sofia Morales 1326,Ingenieria Industrial,6,75.25,12145
1327,Pedro Castillo 1327,Ingenieria Civil,7,75.42,12182
1328,Elena Pineda 1328,Ingenieria Administrativa,8,75.59,12219
1329,Jorge Contreras 1329,Ingenieria en Software,9,75.76,12256
1330,Valeria Barrios 1330,Ingenieria Mecanica,10,75.93,12293
1331,Karla Gomez 1331,Ingenieria en Sistemas,1,76.10,12330
1332,Diego Navarro 1332,Ingenieria Industrial,2,76.27,12367
1333,Rosa Fuentes 1333,Ingenieria Civil,3,76.44,12404
1334,Mario Lemus 1334,Ingenieria Administrativa,4,76.61,12441
1335,Paola Ortiz 1335,Ingenieria en Software,5,76.78,12478
1336,Sergio Aragon 1336,Ingenieria Mecanica,6,76.95,12515
1337,Dulce Arana 1337,Ingenieria en Sistemas,7,77.12,12552
1338,Nancy Chamalé 1338,Ingenieria Industrial,8,77.29,12589
1339,Byron Castellanos 1339,Ingenieria Civil,9,77.46,12626
1340,Helen Conoz 1340,Ingenieria Administrativa,10,77.63,12663
1341,Juan Perez 1341,Ingenieria en Software,1,77.80,12700
1342,Ana Lopez 1342,Ingenieria Mecanica,2,77.97,12737
1343,Carlos Ruiz 1343,Ingenieria en Sistemas,3,78.14,12774
1344,Maria Garcia 1344,Ingenieria Industrial,4,78.31,12811
1345,Luis Hernandez 1345,Ingenieria Civil,5,78.48,12848
1346,Sofia Morales 1346,Ingenieria Administrativa,6,78.65,12885
1347,Pedro Castillo 1347,Ingenieria en Software,7,78.82,12922
1348,Elena Pineda 1348,Ingenieria Mecanica,8,78.99,12959
1349,Jorge Contreras 1349,Ingenieria en Sistemas,9,79.16,12996
1350,Valeria Barrios 1350,Ingenieria Industrial,10,79.33,13033
1351,Karla Gomez 1351,Ingenieria Civil,1,79.50,13070
1352,Diego Navarro 1352,Ingenieria Administrativa,2,79.67,13107
1353,Rosa Fuentes 1353,Ingenieria en Software,3,79.84,13144
1354,Mario Lemus 1354,Ingenieria Mecanica,4,80.01,13181
1355,Paola Ortiz 1355,Ingenieria en Sistemas,5,80.18,13218
1356,Sergio Aragon 1356,Ingenieria Industrial,6,80.35,13255
1357,Dulce Arana 1357,Ingenieria Civil,7,80.52,13292
1358,Nancy Chamalé 1358,Ingenieria Administrativa,8,80.69,13329
1359,Byron Castellanos 1359,Ingenieria en Software,9,80.86,13366
1360,Helen Conoz 1360,Ingenieria Mecanica,10,81.03,13403
1361,Juan Perez 1361,Ingenieria en Sistemas,1,81.20,13440
1362,Ana Lopez 1362,Ingenieria Industrial,2,81.37,13477
1363,Carlos Ruiz 1363,Ingenieria Civil,3,81.54,13514
1364,Maria Garcia 1364,Ingenieria Administrativa,4,81.71,13551
1365,Luis Hernandez 1365,Ingenieria en Software,5,81.88,13588
1366,Sofia Morales 1366,Ingenieria Mecanica,6,82.05,13625
1367,Pedro Castillo 1367,Ingenieria en Sistemas,7,82.22,13662
1368,Elena Pineda 1368,Ingenieria Industrial,8,82.39,13699
1369,Jorge Contreras 1369,Ingenieria Civil,9,82.56,13736
1370,Valeria Barrios 1370,Ingenieria Administrativa,10,82.73,13773
1371,Karla Gomez 1371,Ingenieria en Software,1,82.90,13810
1372,Diego Navarro 1372,Ingenieria Mecanica,2,83.07,13847
1373,Rosa Fuentes 1373,Ingenieria en Sistemas,3,83.24,13884
1374,Mario Lemus 1374,Ingenieria Industrial,4,83.41,13921
1375,Paola Ortiz 1375,Ingenieria Civil,5,83.58,13958
1376,Sergio Aragon 1376,Ingenieria Administrativa,6,83.75,13995
1377,Dulce Arana 1377,Ingenieria en Software,7,83.92,14032
1378,Nancy Chamalé 1378,Ingenieria Mecanica,8,84.09,14069
1379,Byron Castellanos 1379,Ingenieria en Sistemas,9,84.26,14106
1380,Helen Conoz 1380,Ingenieria Industrial,10,84.43,14143
1381,Juan Perez 1381,Ingenieria Civil,1,84.60,14180
1382,Ana Lopez 1382,Ingenieria Administrativa,2,84.77,14217
1383,Carlos Ruiz 1383,Ingenieria en Software,3,84.94,14254
1384,Maria Garcia 1384,Ingenieria Mecanica,4,85.11,14291
1385,Luis Hernandez 1385,Ingenieria en Sistemas,5,85.28,14328
1386,Sofia Morales 1386,Ingenieria Industrial,6,85.45,14365
1387,Pedro Castillo 1387,Ingenieria Civil,7,85.62,14402
1388,Elena Pineda 1388,Ingenieria Administrativa,8,85.79,14439
1389,Jorge Contreras 1389,Ingenieria en Software,9,85.96,14476
1390,Valeria Barrios 1390,Ingenieria Mecanica,10,86.13,14513
1391,Karla Gomez 1391,Ingenieria en Sistemas,1,86.30,14550
1392,Diego Navarro 1392,Ingenieria Industrial,2,86.47,14587
1393,Rosa Fuentes 1393,Ingenieria Civil,3,86.64,14624
1394,Mario Lemus 1394,Ingenieria Administrativa,4,86.81,14661
1395,Paola Ortiz 1395,Ingenieria en Software,5,86.98,14698
1396,Sergio Aragon 1396,Ingenieria Mecanica,6,87.15,14735
1397,Dulce Arana 1397,Ingenieria en Sistemas,7,87.32,14772
1398,Nancy Chamalé 1398,Ingenieria Industrial,8,87.49,14809
1399,Byron Castellanos 1399,Ingenieria Civil,9,87.66,14846
1400,Helen Conoz 1400,Ingenieria Administrativa,10,87.83,14883
1401,Juan Perez 1401,Ingenieria en Software,1,88.00,14920
1402,Ana Lopez 1402,Ingenieria Mecanica,2,88.17,14957
1403,Carlos Ruiz 1403,Ingenieria en Sistemas,3,88.34,14994
1404,Maria Garcia 1404,Ingenieria Industrial,4,88.51,15031
1405,Luis Hernandez 1405,Ingenieria Civil,5,88.68,15068
1406,Sofia Morales 1406,Ingenieria Administrativa,6,88.85,15105
1407,Pedro Castillo 1407,Ingenieria en Software,7,89.02,15142
1408,Elena Pineda 1408,Ingenieria Mecanica,8,89.19,15179
1409,Jorge Contreras 1409,Ingenieria en Sistemas,9,89.36,15216
1410,Valeria Barrios 1410,Ingenieria Industrial,10,89.53,15253
1411,Karla Gomez 1411,Ingenieria Civil,1,89.70,15290
1412,Diego Navarro 1412,Ingenieria Administrativa,2,89.87,15327
1413,Rosa Fuentes 1413,Ingenieria en Software,3,90.04,15364
1414,Mario Lemus 1414,Ingenieria Mecanica,4,90.21,15401
1415,Paola Ortiz 1415,Ingenieria en Sistemas,5,90.38,15438
1416,Sergio Aragon 1416,Ingenieria Industrial,6,90.55,15475
1417,Dulce Arana 1417,Ingenieria Civil,7,90.72,15512
1418,Nancy Chamalé 1418,Ingenieria Administrativa,8,90.89,15549
1419,Byron Castellanos 1419,Ingenieria en Software,9,91.06,15586
1420,Helen Conoz 1420,Ingenieria Mecanica,10,91.23,15623
1421,Juan Perez 1421,Ingenieria en Sistemas,1,91.40,15660
1422,Ana Lopez 1422,Ingenieria Industrial,2,91.57,15697
1423,Carlos Ruiz 1423,Ingenieria Civil,3,91.74,15734
1424,Maria Garcia 1424,Ingenieria Administrativa,4,91.91,15771
1425,Luis Hernandez 1425,Ingenieria en Software,5,92.08,15808
1426,Sofia Morales 1426,Ingenieria Mecanica,6,92.25,15845
1427,Pedro Castillo 1427,Ingenieria en Sistemas,7,92.42,15882
1428,Elena Pineda 1428,Ingenieria Industrial,8,92.59,15919
1429,Jorge Contreras 1429,Ingenieria Civil,9,92.76,15956
1430,Valeria Barrios 1430,Ingenieria Administrativa,10,92.93,15993
1431,Karla Gomez 1431,Ingenieria en Software,1,93.10,16030
1432,Diego Navarro 1432,Ingenieria Mecanica,2,93.27,16067
1433,Rosa Fuentes 1433,Ingenieria en Sistemas,3,93.44,16104
1434,Mario Lemus 1434,Ingenieria Industrial,4,93.61,16141
1435,Paola Ortiz 1435,Ingenieria Civil,5,93.78,16178
1436,Sergio Aragon 1436,Ingenieria Administrativa,6,93.95,16215
1437,Dulce Arana 1437,Ingenieria en Software,7,94.12,16252
1438,Nancy Chamalé 1438,Ingenieria Mecanica,8,94.29,16289
1439,Byron Castellanos 1439,Ingenieria en Sistemas,9,94.46,16326
1440,Helen Conoz 1440,Ingenieria Industrial,10,94.63,16363
1441,Juan Perez 1441,Ingenieria Civil,1,94.80,16400
1442,Ana Lopez 1442,Ingenieria Administrativa,2,94.97,16437
1443,Carlos Ruiz 1443,Ingenieria en Software,3,95.14,16474
1444,Maria Garcia 1444,Ingenieria Mecanica,4,95.31,16511
1445,Luis Hernandez 1445,Ingenieria en Sistemas,5,95.48,16548
1446,Sofia Morales 1446,Ingenieria Industrial,6,95.65,16585
1447,Pedro Castillo 1447,Ingenieria Civil,7,95.82,16622
1448,Elena Pineda 1448,Ingenieria Administrativa,8,95.99,16659
1449,Jorge Contreras 1449,Ingenieria en Software,9,96.16,16696
1450,Valeria Barrios 1450,Ingenieria Mecanica,10,96.33,16733
1451,Karla Gomez 1451,Ingenieria en Sistemas,1,96.50,16770
1452,Diego Navarro 1452,Ingenieria Industrial,2,96.67,16807
1453,Rosa Fuentes 1453,Ingenieria Civil,3,96.84,16844
1454,Mario Lemus 1454,Ingenieria Administrativa,4,97.01,16881
1455,Paola Ortiz 1455,Ingenieria en Software,5,97.18,16918
1456,Sergio Aragon 1456,Ingenieria Mecanica,6,97.35,16955
1457,Dulce Arana 1457,Ingenieria en Sistemas,7,97.52,16992
1458,Nancy Chamalé 1458,Ingenieria Industrial,8,97.69,17029
1459,Byron Castellanos 1459,Ingenieria Civil,9,97.86,17066
1460,Helen Conoz 1460,Ingenieria Administrativa,10,98.03,17103
1461,Juan Perez 1461,Ingenieria en Software,1,98.20,17140
1462,Ana Lopez 1462,Ingenieria Mecanica,2,98.37,17177
1463,Carlos Ruiz 1463,Ingenieria en Sistemas,3,98.54,17214
1464,Maria Garcia 1464,Ingenieria Industrial,4,98.71,17251
1465,Luis Hernandez 1465,Ingenieria Civil,5,98.88,17288
1466,Sofia Morales 1466,Ingenieria Administrativa,6,99.05,17325
1467,Pedro Castillo 1467,Ingenieria en Software,7,99.22,17362
1468,Elena Pineda 1468,Ingenieria Mecanica,8,99.39,17399
1469,Jorge Contreras 1469,Ingenieria en Sistemas,9,99.56,17436
1470,Valeria Barrios 1470,Ingenieria Industrial,10,99.73,17473
1471,Karla Gomez 1471,Ingenieria Civil,1,99.90,17510
1472,Diego Navarro 1472,Ingenieria Administrativa,2,60.07,17547
1473,Rosa Fuentes 1473,Ingenieria en Software,3,60.24,17584
1474,Mario Lemus 1474,Ingenieria Mecanica,4,60.41,17621
1475,Paola Ortiz 1475,Ingenieria en Sistemas,5,60.58,17658
1476,Sergio Aragon 1476,Ingenieria Industrial,6,60.75,17695
1477,Dulce Arana 1477,Ingenieria Civil,7,60.92,17732
1478,Nancy Chamalé 1478,Ingenieria Administrativa,8,61.09,17769
1479,Byron Castellanos 1479,Ingenieria en Software,9,61.26,17806
1480,Helen Conoz 1480,Ingenieria Mecanica,10,61.43,17843
1481,Juan Perez 1481,Ingenieria en Sistemas,1,61.60,17880
1482,Ana Lopez 1482,Ingenieria Industrial,2,61.77,17917
1483,Carlos Ruiz 1483,Ingenieria Civil,3,61.94,17954
1484,Maria Garcia 1484,Ingenieria Administrativa,4,62.11,17991
1485,Luis Hernandez 1485,Ingenieria en Software,5,62.28,18028
1486,Sofia Morales 1486,Ingenieria Mecanica,6,62.45,18065
1487,Pedro Castillo 1487,Ingenieria en Sistemas,7,62.62,18102
1488,Elena Pineda 1488,Ingenieria Industrial,8,62.79,18139
1489,Jorge Contreras 1489,Ingenieria Civil,9,62.96,18176
1490,Valeria Barrios 1490,Ingenieria Administrativa,10,63.13,18213
1491,Karla Gomez 1491,Ingenieria en Software,1,63.30,18250
1492,Diego Navarro 1492,Ingenieria Mecanica,2,63.47,18287
1493,Rosa Fuentes 1493,Ingenieria en Sistemas,3,63.64,18324
1494,Mario Lemus 1494,Ingenieria Industrial,4,63.81,18361
1495,Paola Ortiz 1495,Ingenieria Civil,5,63.98,18398
1496,Sergio Aragon 1496,Ingenieria Administrativa,6,64.15,18435
1497,Dulce Arana 1497,Ingenieria en Software,7,64.32,18472
1498,Nancy Chamalé 1498,Ingenieria Mecanica,8,64.49,18509
1499,Byron Castellanos 1499,Ingenieria en Sistemas,9,64.66,18546
1500,Helen Conoz 1500,Ingenieria Industrial,10,64.83,18583
1501,Juan Perez 1501,Ingenieria Civil,1,65.00,18620
1502,Ana Lopez 1502,Ingenieria Administrativa,2,65.17,18657
1503,Carlos Ruiz 1503,Ingenieria en Software,3,65.34,18694
1504,Maria Garcia 1504,Ingenieria Mecanica,4,65.51,18731
1505,Luis Hernandez 1505,Ingenieria en Sistemas,5,65.68,18768
1506,Sofia Morales 1506,Ingenieria Industrial,6,65.85,18805
1507,Pedro Castillo 1507,Ingenieria Civil,7,66.02,18842
1508,Elena Pineda 1508,Ingenieria Administrativa,8,66.19,18879
1509,Jorge Contreras 1509,Ingenieria en Software,9,66.36,18916
1510,Valeria Barrios 1510,Ingenieria Mecanica,10,66.53,18953
1511,Karla Gomez 1511,Ingenieria en Sistemas,1,66.70,18990
1512,Diego Navarro 1512,Ingenieria Industrial,2,66.87,19027
1513,Rosa Fuentes 1513,Ingenieria Civil,3,67.04,19064
1514,Mario Lemus 1514,Ingenieria Administrativa,4,67.21,19101
1515,Paola Ortiz 1515,Ingenieria en Software,5,67.38,19138
1516,Sergio Aragon 1516,Ingenieria Mecanica,6,67.55,19175
1517,Dulce Arana 1517,Ingenieria en Sistemas,7,67.72,19212
1518,Nancy Chamalé 1518,Ingenieria Industrial,8,67.89,19249
1519,Byron Castellanos 1519,Ingenieria Civil,9,68.06,19286
1520,Helen Conoz 1520,Ingenieria Administrativa,10,68.23,19323
1521,Juan Perez 1521,Ingenieria en Software,1,68.40,19360
1522,Ana Lopez 1522,Ingenieria Mecanica,2,68.57,19397
1523,Carlos Ruiz 1523,Ingenieria en Sistemas,3,68.74,19434
1524,Maria Garcia 1524,Ingenieria Industrial,4,68.91,19471
1525,Luis Hernandez 1525,Ingenieria Civil,5,69.08,19508
1526,Sofia Morales 1526,Ingenieria Administrativa,6,69.25,19545
1527,Pedro Castillo 1527,Ingenieria en Software,7,69.42,19582
1528,Elena Pineda 1528,Ingenieria Mecanica,8,69.59,19619
1529,Jorge Contreras 1529,Ingenieria en Sistemas,9,69.76,19656
1530,Valeria Barrios 1530,Ingenieria Industrial,10,69.93,19693
1531,Karla Gomez 1531,Ingenieria Civil,1,70.10,19730
1532,Diego Navarro 1532,Ingenieria Administrativa,2,70.27,19767
1533,Rosa Fuentes 1533,Ingenieria en Software,3,70.44,19804
1534,Mario Lemus 1534,Ingenieria Mecanica,4,70.61,19841
1535,Paola Ortiz 1535,Ingenieria en Sistemas,5,70.78,19878
1536,Sergio Aragon 1536,Ingenieria Industrial,6,70.95,19915
1537,Dulce Arana 1537,Ingenieria Civil,7,71.12,19952
1538,Nancy Chamalé 1538,Ingenieria Administrativa,8,71.29,19989
1539,Byron Castellanos 1539,Ingenieria en Software,9,71.46,20026
1540,Helen Conoz 1540,Ingenieria Mecanica,10,71.63,20063
1541,Juan Perez 1541,Ingenieria en Sistemas,1,71.80,20100
1542,Ana Lopez 1542,Ingenieria Industrial,2,71.97,20137
1543,Carlos Ruiz 1543,Ingenieria Civil,3,72.14,20174
1544,Maria Garcia 1544,Ingenieria Administrativa,4,72.31,20211
1545,Luis Hernandez 1545,Ingenieria en Software,5,72.48,20248
1546,Sofia Morales 1546,Ingenieria Mecanica,6,72.65,20285
1547,Pedro Castillo 1547,Ingenieria en Sistemas,7,72.82,20322
1548,Elena Pineda 1548,Ingenieria Industrial,8,72.99,20359
1549,Jorge Contreras 1549,Ingenieria Civil,9,73.16,20396
1550,Valeria Barrios 1550,Ingenieria Administrativa,10,73.33,20433
1551,Karla Gomez 1551,Ingenieria en Software,1,73.50,20470
1552,Diego Navarro 1552,Ingenieria Mecanica,2,73.67,20507
1553,Rosa Fuentes 1553,Ingenieria en Sistemas,3,73.84,20544
1554,Mario Lemus 1554,Ingenieria Industrial,4,74.01,20581
1555,Paola Ortiz 1555,Ingenieria Civil,5,74.18,20618
1556,Sergio Aragon 1556,Ingenieria Administrativa,6,74.35,20655
1557,Dulce Arana 1557,Ingenieria en Software,7,74.52,20692
1558,Nancy Chamalé 1558,Ingenieria Mecanica,8,74.69,20729
1559,Byron Castellanos 1559,Ingenieria en Sistemas,9,74.86,20766
1560,Helen Conoz 1560,Ingenieria Industrial,10,75.03,20803
1561,Juan Perez 1561,Ingenieria Civil,1,75.20,20840
1562,Ana Lopez 1562,Ingenieria Administrativa,2,75.37,20877
1563,Carlos Ruiz 1563,Ingenieria en Software,3,75.54,20914
1564,Maria Garcia 1564,Ingenieria Mecanica,4,75.71,20951
1565,Luis Hernandez 1565,Ingenieria en Sistemas,5,75.88,20988
1566,Sofia Morales 1566,Ingenieria Industrial,6,76.05,21025
1567,Pedro Castillo 1567,Ingenieria Civil,7,76.22,21062
1568,Elena Pineda 1568,Ingenieria Administrativa,8,76.39,21099
1569,Jorge Contreras 1569,Ingenieria en Software,9,76.56,21136
1570,Valeria Barrios 1570,Ingenieria Mecanica,10,76.73,21173
1571,Karla Gomez 1571,Ingenieria en Sistemas,1,76.90,21210
1572,Diego Navarro 1572,Ingenieria Industrial,2,77.07,21247
1573,Rosa Fuentes 1573,Ingenieria Civil,3,77.24,21284
1574,Mario Lemus 1574,Ingenieria Administrativa,4,77.41,21321
1575,Paola Ortiz 1575,Ingenieria en Software,5,77.58,21358
1576,Sergio Aragon 1576,Ingenieria Mecanica,6,77.75,21395
1577,Dulce Arana 1577,Ingenieria en Sistemas,7,77.92,21432
1578,Nancy Chamalé 1578,Ingenieria Industrial,8,78.09,21469
1579,Byron Castellanos 1579,Ingenieria Civil,9,78.26,21506
1580,Helen Conoz 1580,Ingenieria Administrativa,10,78.43,21543
1581,Juan Perez 1581,Ingenieria en Software,1,78.60,21580
1582,Ana Lopez 1582,Ingenieria Mecanica,2,78.77,21617
1583,Carlos Ruiz 1583,Ingenieria en Sistemas,3,78.94,21654
1584,Maria Garcia 1584,Ingenieria Industrial,4,79.11,21691
1585,Luis Hernandez 1585,Ingenieria Civil,5,79.28,21728
1586,Sofia Morales 1586,Ingenieria Administrativa,6,79.45,21765
1587,Pedro Castillo 1587,Ingenieria en Software,7,79.62,21802
1588,Elena Pineda 1588,Ingenieria Mecanica,8,79.79,21839
1589,Jorge Contreras 1589,Ingenieria en Sistemas,9,79.96,21876
1590,Valeria Barrios 1590,Ingenieria Industrial,10,80.13,21913
1591,Karla Gomez 1591,Ingenieria Civil,1,80.30,21950
1592,Diego Navarro 1592,Ingenieria Administrativa,2,80.47,21987
1593,Rosa Fuentes 1593,Ingenieria en Software,3,80.64,22024
1594,Mario Lemus 1594,Ingenieria Mecanica,4,80.81,22061
1595,Paola Ortiz 1595,Ingenieria en Sistemas,5,80.98,22098
1596,Sergio Aragon 1596,Ingenieria Industrial,6,81.15,22135
1597,Dulce Arana 1597,Ingenieria Civil,7,81.32,22172
1598,Nancy Chamalé 1598,Ingenieria Administrativa,8,81.49,22209
1599,Byron Castellanos 1599,Ingenieria en Software,9,81.66,22246
1600,Helen Conoz 1600,Ingenieria Mecanica,10,81.83,22283
1601,Juan Perez 1601,Ingenieria en Sistemas,1,82.00,22320
1602,Ana Lopez 1602,Ingenieria Industrial,2,82.17,22357
1603,Carlos Ruiz 1603,Ingenieria Civil,3,82.34,22394
1604,Maria Garcia 1604,Ingenieria Administrativa,4,82.51,22431
1605,Luis Hernandez 1605,Ingenieria en Software,5,82.68,22468
1606,Sofia Morales 1606,Ingenieria Mecanica,6,82.85,22505
1607,Pedro Castillo 1607,Ingenieria en Sistemas,7,83.02,22542
1608,Elena Pineda 1608,Ingenieria Industrial,8,83.19,22579
1609,Jorge Contreras 1609,Ingenieria Civil,9,83.36,22616
1610,Valeria Barrios 1610,Ingenieria Administrativa,10,83.53,22653
1611,Karla Gomez 1611,Ingenieria en Software,1,83.70,22690
1612,Diego Navarro 1612,Ingenieria Mecanica,2,83.87,22727
1613,Rosa Fuentes 1613,Ingenieria en Sistemas,3,84.04,22764
1614,Mario Lemus 1614,Ingenieria Industrial,4,84.21,22801
1615,Paola Ortiz 1615,Ingenieria Civil,5,84.38,22838
1616,Sergio Aragon 1616,Ingenieria Administrativa,6,84.55,22875
1617,Dulce Arana 1617,Ingenieria en Software,7,84.72,22912
1618,Nancy Chamalé 1618,Ingenieria Mecanica,8,84.89,22949
1619,Byron Castellanos 1619,Ingenieria en Sistemas,9,85.06,22986
1620,Helen Conoz 1620,Ingenieria Industrial,10,85.23,23023
1621,Juan Perez 1621,Ingenieria Civil,1,85.40,23060
1622,Ana Lopez 1622,Ingenieria Administrativa,2,85.57,23097
1623,Carlos Ruiz 1623,Ingenieria en Software,3,85.74,23134
1624,Maria Garcia 1624,Ingenieria Mecanica,4,85.91,23171
1625,Luis Hernandez 1625,Ingenieria en Sistemas,5,86.08,23208
1626,Sofia Morales 1626,Ingenieria Industrial,6,86.25,23245
1627,Pedro Castillo 1627,Ingenieria Civil,7,86.42,23282
1628,Elena Pineda 1628,Ingenieria Administrativa,8,86.59,23319
1629,Jorge Contreras 1629,Ingenieria en Software,9,86.76,23356
1630,Valeria Barrios 1630,Ingenieria Mecanica,10,86.93,23393
1631,Karla Gomez 1631,Ingenieria en Sistemas,1,87.10,23430
1632,Diego Navarro 1632,Ingenieria Industrial,2,87.27,23467
1633,Rosa Fuentes 1633,Ingenieria Civil,3,87.44,23504
1634,Mario Lemus 1634,Ingenieria Administrativa,4,87.61,23541
1635,Paola Ortiz 1635,Ingenieria en Software,5,87.78,23578
1636,Sergio Aragon 1636,Ingenieria Mecanica,6,87.95,23615
1637,Dulce Arana 1637,Ingenieria en Sistemas,7,88.12,23652
1638,Nancy Chamalé 1638,Ingenieria Industrial,8,88.29,23689
1639,Byron Castellanos 1639,Ingenieria Civil,9,88.46,23726
1640,Helen Conoz 1640,Ingenieria Administrativa,10,88.63,23763
1641,Juan Perez 1641,Ingenieria en Software,1,88.80,23800
1642,Ana Lopez 1642,Ingenieria Mecanica,2,88.97,23837
1643,Carlos Ruiz 1643,Ingenieria en Sistemas,3,89.14,23874
1644,Maria Garcia 1644,Ingenieria Industrial,4,89.31,23911
1645,Luis Hernandez 1645,Ingenieria Civil,5,89.48,23948
1646,Sofia Morales 1646,Ingenieria Administrativa,6,89.65,23985
1647,Pedro Castillo 1647,Ingenieria en Software,7,89.82,24022
1648,Elena Pineda 1648,Ingenieria Mecanica,8,89.99,24059
1649,Jorge Contreras 1649,Ingenieria en Sistemas,9,90.16,24096
1650,Valeria Barrios 1650,Ingenieria Industrial,10,90.33,24133
1651,Karla Gomez 1651,Ingenieria Civil,1,90.50,24170
1652,Diego Navarro 1652,Ingenieria Administrativa,2,90.67,24207
1653,Rosa Fuentes 1653,Ingenieria en Software,3,90.84,24244
1654,Mario Lemus 1654,Ingenieria Mecanica,4,91.01,24281
1655,Paola Ortiz 1655,Ingenieria en Sistemas,5,91.18,24318
1656,Sergio Aragon 1656,Ingenieria Industrial,6,91.35,24355
1657,Dulce Arana 1657,Ingenieria Civil,7,91.52,24392
1658,Nancy Chamalé 1658,Ingenieria Administrativa,8,91.69,24429
1659,Byron Castellanos 1659,Ingenieria en Software,9,91.86,24466
1660,Helen Conoz 1660,Ingenieria Mecanica,10,92.03,24503
1661,Juan Perez 1661,Ingenieria en Sistemas,1,92.20,24540
1662,Ana Lopez 1662,Ingenieria Industrial,2,92.37,24577
1663,Carlos Ruiz 1663,Ingenieria Civil,3,92.54,24614
1664,Maria Garcia 1664,Ingenieria Administrativa,4,92.71,24651
1665,Luis Hernandez 1665,Ingenieria en Software,5,92.88,24688
1666,Sofia Morales 1666,Ingenieria Mecanica,6,93.05,24725
1667,Pedro Castillo 1667,Ingenieria en Sistemas,7,93.22,24762
1668,Elena Pineda 1668,Ingenieria Industrial,8,93.39,24799
1669,Jorge Contreras 1669,Ingenieria Civil,9,93.56,24836
1670,Valeria Barrios 1670,Ingenieria Administrativa,10,93.73,24873
1671,Karla Gomez 1671,Ingenieria en Software,1,93.90,24910
1672,Diego Navarro 1672,Ingenieria Mecanica,2,94.07,24947
1673,Rosa Fuentes 1673,Ingenieria en Sistemas,3,94.24,24984
1674,Mario Lemus 1674,Ingenieria Industrial,4,94.41,25021
1675,Paola Ortiz 1675,Ingenieria Civil,5,94.58,25058
1676,Sergio Aragon 1676,Ingenieria Administrativa,6,94.75,25095
1677,Dulce Arana 1677,Ingenieria en Software,7,94.92,25132
1678,Nancy Chamalé 1678,Ingenieria Mecanica,8,95.09,25169
1679,Byron Castellanos 1679,Ingenieria en Sistemas,9,95.26,25206
1680,Helen Conoz 1680,Ingenieria Industrial,10,95.43,25243
1681,Juan Perez 1681,Ingenieria Civil,1,95.60,25280
1682,Ana Lopez 1682,Ingenieria Administrativa,2,95.77,25317
1683,Carlos Ruiz 1683,Ingenieria en Software,3,95.94,25354
1684,Maria Garcia 1684,Ingenieria Mecanica,4,96.11,25391
1685,Luis Hernandez 1685,Ingenieria en Sistemas,5,96.28,25428
1686,Sofia Morales 1686,Ingenieria Industrial,6,96.45,25465
1687,Pedro Castillo 1687,Ingenieria Civil,7,96.62,25502
1688,Elena Pineda 1688,Ingenieria Administrativa,8,96.79,25539
1689,Jorge Contreras 1689,Ingenieria en Software,9,96.96,25576
1690,Valeria Barrios 1690,Ingenieria Mecanica,10,97.13,25613
1691,Karla Gomez 1691,Ingenieria en Sistemas,1,97.30,25650
1692,Diego Navarro 1692,Ingenieria Industrial,2,97.47,25687
1693,Rosa Fuentes 1693,Ingenieria Civil,3,97.64,25724
1694,Mario Lemus 1694,Ingenieria Administrativa,4,97.81,25761
1695,Paola Ortiz 1695,Ingenieria en Software,5,97.98,25798
1696,Sergio Aragon 1696,Ingenieria Mecanica,6,98.15,25835
1697,Dulce Arana 1697,Ingenieria en Sistemas,7,98.32,25872
1698,Nancy Chamalé 1698,Ingenieria Industrial,8,98.49,25909
1699,Byron Castellanos 1699,Ingenieria Civil,9,98.66,25946
1700,Helen Conoz 1700,Ingenieria Administrativa,10,98.83,25983
1701,Juan Perez 1701,Ingenieria en Software,1,99.00,26020
1702,Ana Lopez 1702,Ingenieria Mecanica,2,99.17,26057
1703,Carlos Ruiz 1703,Ingenieria en Sistemas,3,99.34,26094
1704,Maria Garcia 1704,Ingenieria Industrial,4,99.51,26131
1705,Luis Hernandez 1705,Ingenieria Civil,5,99.68,26168
1706,Sofia Morales 1706,Ingenieria Administrativa,6,99.85,26205
1707,Pedro Castillo 1707,Ingenieria en Software,7,60.02,26242
1708,Elena Pineda 1708,Ingenieria Mecanica,8,60.19,26279
1709,Jorge Contreras 1709,Ingenieria en Sistemas,9,60.36,26316
1710,Valeria Barrios 1710,Ingenieria Industrial,10,60.53,26353
1711,Karla Gomez 1711,Ingenieria Civil,1,60.70,26390
1712,Diego Navarro 1712,Ingenieria Administrativa,2,60.87,26427
1713,Rosa Fuentes 1713,Ingenieria en Software,3,61.04,26464
1714,Mario Lemus 1714,Ingenieria Mecanica,4,61.21,26501
1715,Paola Ortiz 1715,Ingenieria en Sistemas,5,61.38,26538
1716,Sergio Aragon 1716,Ingenieria Industrial,6,61.55,26575
1717,Dulce Arana 1717,Ingenieria Civil,7,61.72,26612
1718,Nancy Chamalé 1718,Ingenieria Administrativa,8,61.89,26649
1719,Byron Castellanos 1719,Ingenieria en Software,9,62.06,26686
1720,Helen Conoz 1720,Ingenieria Mecanica,10,62.23,26723
1721,Juan Perez 1721,Ingenieria en Sistemas,1,62.40,26760
1722,Ana Lopez 1722,Ingenieria Industrial,2,62.57,26797
1723,Carlos Ruiz 1723,Ingenieria Civil,3,62.74,26834
1724,Maria Garcia 1724,Ingenieria Administrativa,4,62.91,26871
1725,Luis Hernandez 1725,Ingenieria en Software,5,63.08,26908
1726,Sofia Morales 1726,Ingenieria Mecanica,6,63.25,26945
1727,Pedro Castillo 1727,Ingenieria en Sistemas,7,63.42,26982
1728,Elena Pineda 1728,Ingenieria Industrial,8,63.59,27019
1729,Jorge Contreras 1729,Ingenieria Civil,9,63.76,27056
1730,Valeria Barrios 1730,Ingenieria Administrativa,10,63.93,27093
1731,Karla Gomez 1731,Ingenieria en Software,1,64.10,27130
1732,Diego Navarro 1732,Ingenieria Mecanica,2,64.27,27167
1733,Rosa Fuentes 1733,Ingenieria en Sistemas,3,64.44,27204
1734,Mario Lemus 1734,Ingenieria Industrial,4,64.61,27241
1735,Paola Ortiz 1735,Ingenieria Civil,5,64.78,27278
1736,Sergio Aragon 1736,Ingenieria Administrativa,6,64.95,27315
1737,Dulce Arana 1737,Ingenieria en Software,7,65.12,27352
1738,Nancy Chamalé 1738,Ingenieria Mecanica,8,65.29,27389
1739,Byron Castellanos 1739,Ingenieria en Sistemas,9,65.46,27426
1740,Helen Conoz 1740,Ingenieria Industrial,10,65.63,27463
1741,Juan Perez 1741,Ingenieria Civil,1,65.80,27500
1742,Ana Lopez 1742,Ingenieria Administrativa,2,65.97,27537
1743,Carlos Ruiz 1743,Ingenieria en Software,3,66.14,27574
1744,Maria Garcia 1744,Ingenieria Mecanica,4,66.31,27611
1745,Luis Hernandez 1745,Ingenieria en Sistemas,5,66.48,27648
1746,Sofia Morales 1746,Ingenieria Industrial,6,66.65,27685
1747,Pedro Castillo 1747,Ingenieria Civil,7,66.82,27722
1748,Elena Pineda 1748,Ingenieria Administrativa,8,66.99,27759
1749,Jorge Contreras 1749,Ingenieria en Software,9,67.16,27796
1750,Valeria Barrios 1750,Ingenieria Mecanica,10,67.33,27833
1751,Karla Gomez 1751,Ingenieria en Sistemas,1,67.50,27870
1752,Diego Navarro 1752,Ingenieria Industrial,2,67.67,27907
1753,Rosa Fuentes 1753,Ingenieria Civil,3,67.84,27944
1754,Mario Lemus 1754,Ingenieria Administrativa,4,68.01,27981
1755,Paola Ortiz 1755,Ingenieria en Software,5,68.18,28018
1756,Sergio Aragon 1756,Ingenieria Mecanica,6,68.35,28055
1757,Dulce Arana 1757,Ingenieria en Sistemas,7,68.52,28092
1758,Nancy Chamalé 1758,Ingenieria Industrial,8,68.69,28129
1759,Byron Castellanos 1759,Ingenieria Civil,9,68.86,28166
1760,Helen Conoz 1760,Ingenieria Administrativa,10,69.03,28203
1761,Juan Perez 1761,Ingenieria en Software,1,69.20,28240
1762,Ana Lopez 1762,Ingenieria Mecanica,2,69.37,28277
1763,Carlos Ruiz 1763,Ingenieria en Sistemas,3,69.54,28314
1764,Maria Garcia 1764,Ingenieria Industrial,4,69.71,28351
1765,Luis Hernandez 1765,Ingenieria Civil,5,69.88,28388
1766,Sofia Morales 1766,Ingenieria Administrativa,6,70.05,28425
1767,Pedro Castillo 1767,Ingenieria en Software,7,70.22,28462
1768,Elena Pineda 1768,Ingenieria Mecanica,8,70.39,28499
1769,Jorge Contreras 1769,Ingenieria en Sistemas,9,70.56,28536
1770,Valeria Barrios 1770,Ingenieria Industrial,10,70.73,28573
1771,Karla Gomez 1771,Ingenieria Civil,1,70.90,28610
1772,Diego Navarro 1772,Ingenieria Administrativa,2,71.07,28647
1773,Rosa Fuentes 1773,Ingenieria en Software,3,71.24,28684
1774,Mario Lemus 1774,Ingenieria Mecanica,4,71.41,28721
1775,Paola Ortiz 1775,Ingenieria en Sistemas,5,71.58,28758
1776,Sergio Aragon 1776,Ingenieria Industrial,6,71.75,28795
1777,Dulce Arana 1777,Ingenieria Civil,7,71.92,28832
1778,Nancy Chamalé 1778,Ingenieria Administrativa,8,72.09,28869
1779,Byron Castellanos 1779,Ingenieria en Software,9,72.26,28906
1780,Helen Conoz 1780,Ingenieria Mecanica,10,72.43,28943
1781,Juan Perez 1781,Ingenieria en Sistemas,1,72.60,28980
1782,Ana Lopez 1782,Ingenieria Industrial,2,72.77,29017
1783,Carlos Ruiz 1783,Ingenieria Civil,3,72.94,29054
1784,Maria Garcia 1784,Ingenieria Administrativa,4,73.11,29091
1785,Luis Hernandez 1785,Ingenieria en Software,5,73.28,29128
1786,Sofia Morales 1786,Ingenieria Mecanica,6,73.45,29165
1787,Pedro Castillo 1787,Ingenieria en Sistemas,7,73.62,29202
1788,Elena Pineda 1788,Ingenieria Industrial,8,73.79,29239
1789,Jorge Contreras 1789,Ingenieria Civil,9,73.96,29276
1790,Valeria Barrios 1790,Ingenieria Administrativa,10,74.13,29313
1791,Karla Gomez 1791,Ingenieria en Software,1,74.30,29350
1792,Diego Navarro 1792,Ingenieria Mecanica,2,74.47,29387
1793,Rosa Fuentes 1793,Ingenieria en Sistemas,3,74.64,29424
1794,Mario Lemus 1794,Ingenieria Industrial,4,74.81,29461
1795,Paola Ortiz 1795,Ingenieria Civil,5,74.98,29498
1796,Sergio Aragon 1796,Ingenieria Administrativa,6,75.15,29535
1797,Dulce Arana 1797,Ingenieria en Software,7,75.32,29572
1798,Nancy Chamalé 1798,Ingenieria Mecanica,8,75.49,29609
1799,Byron Castellanos 1799,Ingenieria en Sistemas,9,75.66,29646
1800,Helen Conoz 1800,Ingenieria Industrial,10,75.83,29683
1801,Juan Perez 1801,Ingenieria Civil,1,76.00,29720
1802,Ana Lopez 1802,Ingenieria Administrativa,2,76.17,29757
1803,Carlos Ruiz 1803,Ingenieria en Software,3,76.34,29794
1804,Maria Garcia 1804,Ingenieria Mecanica,4,76.51,29831
1805,Luis Hernandez 1805,Ingenieria en Sistemas,5,76.68,29868
1806,Sofia Morales 1806,Ingenieria Industrial,6,76.85,29905
1807,Pedro Castillo 1807,Ingenieria Civil,7,77.02,29942
1808,Elena Pineda 1808,Ingenieria Administrativa,8,77.19,29979
1809,Jorge Contreras 1809,Ingenieria en Software,9,77.36,30016
1810,Valeria Barrios 1810,Ingenieria Mecanica,10,77.53,30053
1811,Karla Gomez 1811,Ingenieria en Sistemas,1,77.70,30090
1812,Diego Navarro 1812,Ingenieria Industrial,2,77.87,30127
1813,Rosa Fuentes 1813,Ingenieria Civil,3,78.04,30164
1814,Mario Lemus 1814,Ingenieria Administrativa,4,78.21,30201
1815,Paola Ortiz 1815,Ingenieria en Software,5,78.38,30238
1816,Sergio Aragon 1816,Ingenieria Mecanica,6,78.55,30275
1817,Dulce Arana 1817,Ingenieria en Sistemas,7,78.72,30312
1818,Nancy Chamalé 1818,Ingenieria Industrial,8,78.89,30349
1819,Byron Castellanos 1819,Ingenieria Civil,9,79.06,30386
1820,Helen Conoz 1820,Ingenieria Administrativa,10,79.23,30423
1821,Juan Perez 1821,Ingenieria en Software,1,79.40,30460
1822,Ana Lopez 1822,Ingenieria Mecanica,2,79.57,30497
1823,Carlos Ruiz 1823,Ingenieria en Sistemas,3,79.74,30534
1824,Maria Garcia 1824,Ingenieria Industrial,4,79.91,30571
1825,Luis Hernandez 1825,Ingenieria Civil,5,80.08,30608
1826,Sofia Morales 1826,Ingenieria Administrativa,6,80.25,30645
1827,Pedro Castillo 1827,Ingenieria en Software,7,80.42,30682
1828,Elena Pineda 1828,Ingenieria Mecanica,8,80.59,30719
1829,Jorge Contreras 1829,Ingenieria en Sistemas,9,80.76,30756
1830,Valeria Barrios 1830,Ingenieria Industrial,10,80.93,30793
1831,Karla Gomez 1831,Ingenieria Civil,1,81.10,30830
1832,Diego Navarro 1832,Ingenieria Administrativa,2,81.27,30867
1833,Rosa Fuentes 1833,Ingenieria en Software,3,81.44,30904
1834,Mario Lemus 1834,Ingenieria Mecanica,4,81.61,30941
1835,Paola Ortiz 1835,Ingenieria en Sistemas,5,81.78,30978
1836,Sergio Aragon 1836,Ingenieria Industrial,6,81.95,31015
1837,Dulce Arana 1837,Ingenieria Civil,7,82.12,31052
1838,Nancy Chamalé 1838,Ingenieria Administrativa,8,82.29,31089
1839,Byron Castellanos 1839,Ingenieria en Software,9,82.46,31126
1840,Helen Conoz 1840,Ingenieria Mecanica,10,82.63,31163
1841,Juan Perez 1841,Ingenieria en Sistemas,1,82.80,31200
1842,Ana Lopez 1842,Ingenieria Industrial,2,82.97,31237
1843,Carlos Ruiz 1843,Ingenieria Civil,3,83.14,31274
1844,Maria Garcia 1844,Ingenieria Administrativa,4,83.31,31311
1845,Luis Hernandez 1845,Ingenieria en Software,5,83.48,31348
1846,Sofia Morales 1846,Ingenieria Mecanica,6,83.65,31385
1847,Pedro Castillo 1847,Ingenieria en Sistemas,7,83.82,31422
1848,Elena Pineda 1848,Ingenieria Industrial,8,83.99,31459
1849,Jorge Contreras 1849,Ingenieria Civil,9,84.16,31496
1850,Valeria Barrios 1850,Ingenieria Administrativa,10,84.33,31533
1851,Karla Gomez 1851,Ingenieria en Software,1,84.50,31570
1852,Diego Navarro 1852,Ingenieria Mecanica,2,84.67,31607
1853,Rosa Fuentes 1853,Ingenieria en Sistemas,3,84.84,31644
1854,Mario Lemus 1854,Ingenieria Industrial,4,85.01,31681
1855,Paola Ortiz 1855,Ingenieria Civil,5,85.18,31718
1856,Sergio Aragon 1856,Ingenieria Administrativa,6,85.35,31755
1857,Dulce Arana 1857,Ingenieria en Software,7,85.52,31792
1858,Nancy Chamalé 1858,Ingenieria Mecanica,8,85.69,31829
1859,Byron Castellanos 1859,Ingenieria en Sistemas,9,85.86,31866
1860,Helen Conoz 1860,Ingenieria Industrial,10,86.03,31903
1861,Juan Perez 1861,Ingenieria Civil,1,86.20,31940
1862,Ana Lopez 1862,Ingenieria Administrativa,2,86.37,31977
1863,Carlos Ruiz 1863,Ingenieria en Software,3,86.54,32014
1864,Maria Garcia 1864,Ingenieria Mecanica,4,86.71,32051
1865,Luis Hernandez 1865,Ingenieria en Sistemas,5,86.88,32088
1866,Sofia Morales 1866,Ingenieria Industrial,6,87.05,32125
1867,Pedro Castillo 1867,Ingenieria Civil,7,87.22,32162
1868,Elena Pineda 1868,Ingenieria Administrativa,8,87.39,32199
1869,Jorge Contreras 1869,Ingenieria en Software,9,87.56,32236
1870,Valeria Barrios 1870,Ingenieria Mecanica,10,87.73,32273
1871,Karla Gomez 1871,Ingenieria en Sistemas,1,87.90,32310
1872,Diego Navarro 1872,Ingenieria Industrial,2,88.07,32347
1873,Rosa Fuentes 1873,Ingenieria Civil,3,88.24,32384
1874,Mario Lemus 1874,Ingenieria Administrativa,4,88.41,32421
1875,Paola Ortiz 1875,Ingenieria en Software,5,88.58,32458
1876,Sergio Aragon 1876,Ingenieria Mecanica,6,88.75,32495
1877,Dulce Arana 1877,Ingenieria en Sistemas,7,88.92,32532
1878,Nancy Chamalé 1878,Ingenieria Industrial,8,89.09,32569
1879,Byron Castellanos 1879,Ingenieria Civil,9,89.26,32606
1880,Helen Conoz 1880,Ingenieria Administrativa,10,89.43,32643
1881,Juan Perez 1881,Ingenieria en Software,1,89.60,32680
1882,Ana Lopez 1882,Ingenieria Mecanica,2,89.77,32717
1883,Carlos Ruiz 1883,Ingenieria en Sistemas,3,89.94,32754
1884,Maria Garcia 1884,Ingenieria Industrial,4,90.11,32791
1885,Luis Hernandez 1885,Ingenieria Civil,5,90.28,32828
1886,Sofia Morales 1886,Ingenieria Administrativa,6,90.45,32865
1887,Pedro Castillo 1887,Ingenieria en Software,7,90.62,32902
1888,Elena Pineda 1888,Ingenieria Mecanica,8,90.79,32939
1889,Jorge Contreras 1889,Ingenieria en Sistemas,9,90.96,32976
1890,Valeria Barrios 1890,Ingenieria Industrial,10,91.13,33013
1891,Karla Gomez 1891,Ingenieria Civil,1,91.30,33050
1892,Diego Navarro 1892,Ingenieria Administrativa,2,91.47,33087
1893,Rosa Fuentes 1893,Ingenieria en Software,3,91.64,33124
1894,Mario Lemus 1894,Ingenieria Mecanica,4,91.81,33161
1895,Paola Ortiz 1895,Ingenieria en Sistemas,5,91.98,33198
1896,Sergio Aragon 1896,Ingenieria Industrial,6,92.15,33235
1897,Dulce Arana 1897,Ingenieria Civil,7,92.32,33272
1898,Nancy Chamalé 1898,Ingenieria Administrativa,8,92.49,33309
1899,Byron Castellanos 1899,Ingenieria en Software,9,92.66,33346
1900,Helen Conoz 1900,Ingenieria Mecanica,10,92.83,33383
1901,Juan Perez 1901,Ingenieria en Sistemas,1,93.00,33420
1902,Ana Lopez 1902,Ingenieria Industrial,2,93.17,33457
1903,Carlos Ruiz 1903,Ingenieria Civil,3,93.34,33494
1904,Maria Garcia 1904,Ingenieria Administrativa,4,93.51,33531
1905,Luis Hernandez 1905,Ingenieria en Software,5,93.68,33568
1906,Sofia Morales 1906,Ingenieria Mecanica,6,93.85,33605
1907,Pedro Castillo 1907,Ingenieria en Sistemas,7,94.02,33642
1908,Elena Pineda 1908,Ingenieria Industrial,8,94.19,33679
1909,Jorge Contreras 1909,Ingenieria Civil,9,94.36,33716
1910,Valeria Barrios 1910,Ingenieria Administrativa,10,94.53,33753
1911,Karla Gomez 1911,Ingenieria en Software,1,94.70,33790
1912,Diego Navarro 1912,Ingenieria Mecanica,2,94.87,33827
1913,Rosa Fuentes 1913,Ingenieria en Sistemas,3,95.04,33864
1914,Mario Lemus 1914,Ingenieria Industrial,4,95.21,33901
1915,Paola Ortiz 1915,Ingenieria Civil,5,95.38,33938
1916,Sergio Aragon 1916,Ingenieria Administrativa,6,95.55,33975
1917,Dulce Arana 1917,Ingenieria en Software,7,95.72,34012
1918,Nancy Chamalé 1918,Ingenieria Mecanica,8,95.89,34049
1919,Byron Castellanos 1919,Ingenieria en Sistemas,9,96.06,34086
1920,Helen Conoz 1920,Ingenieria Industrial,10,96.23,34123
1921,Juan Perez 1921,Ingenieria Civil,1,96.40,34160
1922,Ana Lopez 1922,Ingenieria Administrativa,2,96.57,34197
1923,Carlos Ruiz 1923,Ingenieria en Software,3,96.74,34234
1924,Maria Garcia 1924,Ingenieria Mecanica,4,96.91,34271
1925,Luis Hernandez 1925,Ingenieria en Sistemas,5,97.08,34308
1926,Sofia Morales 1926,Ingenieria Industrial,6,97.25,34345
1927,Pedro Castillo 1927,Ingenieria Civil,7,97.42,34382
1928,Elena Pineda 1928,Ingenieria Administrativa,8,97.59,34419
1929,Jorge Contreras 1929,Ingenieria en Software,9,97.76,34456
1930,Valeria Barrios 1930,Ingenieria Mecanica,10,97.93,34493
1931,Karla Gomez 1931,Ingenieria en Sistemas,1,98.10,34530
1932,Diego Navarro 1932,Ingenieria Industrial,2,98.27,34567
1933,Rosa Fuentes 1933,Ingenieria Civil,3,98.44,34604
1934,Mario Lemus 1934,Ingenieria Administrativa,4,98.61,34641
1935,Paola Ortiz 1935,Ingenieria en Software,5,98.78,34678
1936,Sergio Aragon 1936,Ingenieria Mecanica,6,98.95,34715
1937,Dulce Arana 1937,Ingenieria en Sistemas,7,99.12,34752
1938,Nancy Chamalé 1938,Ingenieria Industrial,8,99.29,34789
1939,Byron Castellanos 1939,Ingenieria Civil,9,99.46,34826
1940,Helen Conoz 1940,Ingenieria Administrativa,10,99.63,34863
1941,Juan Perez 1941,Ingenieria en Software,1,99.80,34900
1942,Ana Lopez 1942,Ingenieria Mecanica,2,99.97,34937
1943,Carlos Ruiz 1943,Ingenieria en Sistemas,3,60.14,34974
1944,Maria Garcia 1944,Ingenieria Industrial,4,60.31,35011
1945,Luis Hernandez 1945,Ingenieria Civil,5,60.48,35048
1946,Sofia Morales 1946,Ingenieria Administrativa,6,60.65,35085
1947,Pedro Castillo 1947,Ingenieria en Software,7,60.82,35122
1948,Elena Pineda 1948,Ingenieria Mecanica,8,60.99,35159
1949,Jorge Contreras 1949,Ingenieria en Sistemas,9,61.16,35196
1950,Valeria Barrios 1950,Ingenieria Industrial,10,61.33,35233
1951,Karla Gomez 1951,Ingenieria Civil,1,61.50,35270
1952,Diego Navarro 1952,Ingenieria Administrativa,2,61.67,35307
1953,Rosa Fuentes 1953,Ingenieria en Software,3,61.84,35344
1954,Mario Lemus 1954,Ingenieria Mecanica,4,62.01,35381
1955,Paola Ortiz 1955,Ingenieria en Sistemas,5,62.18,35418
1956,Sergio Aragon 1956,Ingenieria Industrial,6,62.35,35455
1957,Dulce Arana 1957,Ingenieria Civil,7,62.52,35492
1958,Nancy Chamalé 1958,Ingenieria Administrativa,8,62.69,35529
1959,Byron Castellanos 1959,Ingenieria en Software,9,62.86,35566
1960,Helen Conoz 1960,Ingenieria Mecanica,10,63.03,35603
1961,Juan Perez 1961,Ingenieria en Sistemas,1,63.20,35640
1962,Ana Lopez 1962,Ingenieria Industrial,2,63.37,35677
1963,Carlos Ruiz 1963,Ingenieria Civil,3,63.54,35714
1964,Maria Garcia 1964,Ingenieria Administrativa,4,63.71,35751
1965,Luis Hernandez 1965,Ingenieria en Software,5,63.88,35788
1966,Sofia Morales 1966,Ingenieria Mecanica,6,64.05,35825
1967,Pedro Castillo 1967,Ingenieria en Sistemas,7,64.22,35862
1968,Elena Pineda 1968,Ingenieria Industrial,8,64.39,35899
1969,Jorge Contreras 1969,Ingenieria Civil,9,64.56,35936
1970,Valeria Barrios 1970,Ingenieria Administrativa,10,64.73,35973
1971,Karla Gomez 1971,Ingenieria en Software,1,64.90,36010
1972,Diego Navarro 1972,Ingenieria Mecanica,2,65.07,36047
1973,Rosa Fuentes 1973,Ingenieria en Sistemas,3,65.24,36084
1974,Mario Lemus 1974,Ingenieria Industrial,4,65.41,36121
1975,Paola Ortiz 1975,Ingenieria Civil,5,65.58,36158
1976,Sergio Aragon 1976,Ingenieria Administrativa,6,65.75,36195
1977,Dulce Arana 1977,Ingenieria en Software,7,65.92,36232
1978,Nancy Chamalé 1978,Ingenieria Mecanica,8,66.09,36269
1979,Byron Castellanos 1979,Ingenieria en Sistemas,9,66.26,36306
1980,Helen Conoz 1980,Ingenieria Industrial,10,66.43,36343
1981,Juan Perez 1981,Ingenieria Civil,1,66.60,36380
1982,Ana Lopez 1982,Ingenieria Administrativa,2,66.77,36417
1983,Carlos Ruiz 1983,Ingenieria en Software,3,66.94,36454
1984,Maria Garcia 1984,Ingenieria Mecanica,4,67.11,36491
1985,Luis Hernandez 1985,Ingenieria en Sistemas,5,67.28,36528
1986,Sofia Morales 1986,Ingenieria Industrial,6,67.45,36565
1987,Pedro Castillo 1987,Ingenieria Civil,7,67.62,36602
1988,Elena Pineda 1988,Ingenieria Administrativa,8,67.79,36639
1989,Jorge Contreras 1989,Ingenieria en Software,9,67.96,36676
1990,Valeria Barrios 1990,Ingenieria Mecanica,10,68.13,36713
1991,Karla Gomez 1991,Ingenieria en Sistemas,1,68.30,36750
1992,Diego Navarro 1992,Ingenieria Industrial,2,68.47,36787
1993,Rosa Fuentes 1993,Ingenieria Civil,3,68.64,36824
1994,Mario Lemus 1994,Ingenieria Administrativa,4,68.81,36861
1995,Paola Ortiz 1995,Ingenieria en Software,5,68.98,36898
1996,Sergio Aragon 1996,Ingenieria Mecanica,6,69.15,36935
1997,Dulce Arana 1997,Ingenieria en Sistemas,7,69.32,36972
1998,Nancy Chamalé 1998,Ingenieria Industrial,8,69.49,37009
1999,Byron Castellanos 1999,Ingenieria Civil,9,69.66,37046
2000,Helen Conoz 2000,Ingenieria Administrativa,10,69.83,37083
2001,Juan Perez 2001,Ingenieria en Software,1,70.00,37120
2002,Ana Lopez 2002,Ingenieria Mecanica,2,70.17,37157
2003,Carlos Ruiz 2003,Ingenieria en Sistemas,3,70.34,37194
2004,Maria Garcia 2004,Ingenieria Industrial,4,70.51,37231
2005,Luis Hernandez 2005,Ingenieria Civil,5,70.68,37268
2006,Sofia Morales 2006,Ingenieria Administrativa,6,70.85,37305
2007,Pedro Castillo 2007,Ingenieria en Software,7,71.02,37342
2008,Elena Pineda 2008,Ingenieria Mecanica,8,71.19,37379
2009,Jorge Contreras 2009,Ingenieria en Sistemas,9,71.36,37416
2010,Valeria Barrios 2010,Ingenieria Industrial,10,71.53,37453
2011,Karla Gomez 2011,Ingenieria Civil,1,71.70,37490
2012,Diego Navarro 2012,Ingenieria Administrativa,2,71.87,37527
2013,Rosa Fuentes 2013,Ingenieria en Software,3,72.04,37564
2014,Mario Lemus 2014,Ingenieria Mecanica,4,72.21,37601
2015,Paola Ortiz 2015,Ingenieria en Sistemas,5,72.38,37638
2016,Sergio Aragon 2016,Ingenieria Industrial,6,72.55,37675
2017,Dulce Arana 2017,Ingenieria Civil,7,72.72,37712
2018,Nancy Chamalé 2018,Ingenieria Administrativa,8,72.89,37749
2019,Byron Castellanos 2019,Ingenieria en Software,9,73.06,37786
2020,Helen Conoz 2020,Ingenieria Mecanica,10,73.23,37823
2021,Juan Perez 2021,Ingenieria en Sistemas,1,73.40,37860
2022,Ana Lopez 2022,Ingenieria Industrial,2,73.57,37897
2023,Carlos Ruiz 2023,Ingenieria Civil,3,73.74,37934
2024,Maria Garcia 2024,Ingenieria Administrativa,4,73.91,37971
2025,Luis Hernandez 2025,Ingenieria en Software,5,74.08,38008
2026,Sofia Morales 2026,Ingenieria Mecanica,6,74.25,38045
2027,Pedro Castillo 2027,Ingenieria en Sistemas,7,74.42,38082
2028,Elena Pineda 2028,Ingenieria Industrial,8,74.59,38119
2029,Jorge Contreras 2029,Ingenieria Civil,9,74.76,38156
2030,Valeria Barrios 2030,Ingenieria Administrativa,10,74.93,38193
2031,Karla Gomez 2031,Ingenieria en Software,1,75.10,38230
2032,Diego Navarro 2032,Ingenieria Mecanica,2,75.27,38267
2033,Rosa Fuentes 2033,Ingenieria en Sistemas,3,75.44,38304
2034,Mario Lemus 2034,Ingenieria Industrial,4,75.61,38341
2035,Paola Ortiz 2035,Ingenieria Civil,5,75.78,38378
2036,Sergio Aragon 2036,Ingenieria Administrativa,6,75.95,38415
2037,Dulce Arana 2037,Ingenieria en Software,7,76.12,38452
2038,Nancy Chamalé 2038,Ingenieria Mecanica,8,76.29,38489
2039,Byron Castellanos 2039,Ingenieria en Sistemas,9,76.46,38526
2040,Helen Conoz 2040,Ingenieria Industrial,10,76.63,38563
2041,Juan Perez 2041,Ingenieria Civil,1,76.80,38600
2042,Ana Lopez 2042,Ingenieria Administrativa,2,76.97,38637
2043,Carlos Ruiz 2043,Ingenieria en Software,3,77.14,38674
2044,Maria Garcia 2044,Ingenieria Mecanica,4,77.31,38711
2045,Luis Hernandez 2045,Ingenieria en Sistemas,5,77.48,38748
2046,Sofia Morales 2046,Ingenieria Industrial,6,77.65,38785
2047,Pedro Castillo 2047,Ingenieria Civil,7,77.82,38822
2048,Elena Pineda 2048,Ingenieria Administrativa,8,77.99,38859
2049,Jorge Contreras 2049,Ingenieria en Software,9,78.16,38896
2050,Valeria Barrios 2050,Ingenieria Mecanica,10,78.33,38933
2051,Karla Gomez 2051,Ingenieria en Sistemas,1,78.50,38970
2052,Diego Navarro 2052,Ingenieria Industrial,2,78.67,39007
2053,Rosa Fuentes 2053,Ingenieria Civil,3,78.84,39044
2054,Mario Lemus 2054,Ingenieria Administrativa,4,79.01,39081
2055,Paola Ortiz 2055,Ingenieria en Software,5,79.18,39118
2056,Sergio Aragon 2056,Ingenieria Mecanica,6,79.35,39155
2057,Dulce Arana 2057,Ingenieria en Sistemas,7,79.52,39192
2058,Nancy Chamalé 2058,Ingenieria Industrial,8,79.69,39229
2059,Byron Castellanos 2059,Ingenieria Civil,9,79.86,39266
2060,Helen Conoz 2060,Ingenieria Administrativa,10,80.03,39303
2061,Juan Perez 2061,Ingenieria en Software,1,80.20,39340
2062,Ana Lopez 2062,Ingenieria Mecanica,2,80.37,39377
2063,Carlos Ruiz 2063,Ingenieria en Sistemas,3,80.54,39414
2064,Maria Garcia 2064,Ingenieria Industrial,4,80.71,39451
2065,Luis Hernandez 2065,Ingenieria Civil,5,80.88,39488
2066,Sofia Morales 2066,Ingenieria Administrativa,6,81.05,39525
2067,Pedro Castillo 2067,Ingenieria en Software,7,81.22,39562
2068,Elena Pineda 2068,Ingenieria Mecanica,8,81.39,39599
2069,Jorge Contreras 2069,Ingenieria en Sistemas,9,81.56,39636
2070,Valeria Barrios 2070,Ingenieria Industrial,10,81.73,39673
2071,Karla Gomez 2071,Ingenieria Civil,1,81.90,39710
2072,Diego Navarro 2072,Ingenieria Administrativa,2,82.07,39747
2073,Rosa Fuentes 2073,Ingenieria en Software,3,82.24,39784
2074,Mario Lemus 2074,Ingenieria Mecanica,4,82.41,39821
2075,Paola Ortiz 2075,Ingenieria en Sistemas,5,82.58,39858
2076,Sergio Aragon 2076,Ingenieria Industrial,6,82.75,39895
2077,Dulce Arana 2077,Ingenieria Civil,7,82.92,39932
2078,Nancy Chamalé 2078,Ingenieria Administrativa,8,83.09,39969
2079,Byron Castellanos 2079,Ingenieria en Software,9,83.26,40006
2080,Helen Conoz 2080,Ingenieria Mecanica,10,83.43,40043
2081,Juan Perez 2081,Ingenieria en Sistemas,1,83.60,40080
2082,Ana Lopez 2082,Ingenieria Industrial,2,83.77,40117
2083,Carlos Ruiz 2083,Ingenieria Civil,3,83.94,40154
2084,Maria Garcia 2084,Ingenieria Administrativa,4,84.11,40191
2085,Luis Hernandez 2085,Ingenieria en Software,5,84.28,40228
2086,Sofia Morales 2086,Ingenieria Mecanica,6,84.45,40265
2087,Pedro Castillo 2087,Ingenieria en Sistemas,7,84.62,40302
2088,Elena Pineda 2088,Ingenieria Industrial,8,84.79,40339
2089,Jorge Contreras 2089,Ingenieria Civil,9,84.96,40376
2090,Valeria Barrios 2090,Ingenieria Administrativa,10,85.13,40413
2091,Karla Gomez 2091,Ingenieria en Software,1,85.30,40450
2092,Diego Navarro 2092,Ingenieria Mecanica,2,85.47,40487
2093,Rosa Fuentes 2093,Ingenieria en Sistemas,3,85.64,40524
2094,Mario Lemus 2094,Ingenieria Industrial,4,85.81,40561
2095,Paola Ortiz 2095,Ingenieria Civil,5,85.98,40598
2096,Sergio Aragon 2096,Ingenieria Administrativa,6,86.15,40635
2097,Dulce Arana 2097,Ingenieria en Software,7,86.32,40672
2098,Nancy Chamalé 2098,Ingenieria Mecanica,8,86.49,40709
2099,Byron Castellanos 2099,Ingenieria en Sistemas,9,86.66,40746
2100,Helen Conoz 2100,Ingenieria Industrial,10,86.83,40783
2101,Juan Perez 2101,Ingenieria Civil,1,87.00,40820
2102,Ana Lopez 2102,Ingenieria Administrativa,2,87.17,40857
2103,Carlos Ruiz 2103,Ingenieria en Software,3,87.34,40894
2104,Maria Garcia 2104,Ingenieria Mecanica,4,87.51,40931
2105,Luis Hernandez 2105,Ingenieria en Sistemas,5,87.68,40968
2106,Sofia Morales 2106,Ingenieria Industrial,6,87.85,41005
2107,Pedro Castillo 2107,Ingenieria Civil,7,88.02,41042
2108,Elena Pineda 2108,Ingenieria Administrativa,8,88.19,41079
2109,Jorge Contreras 2109,Ingenieria en Software,9,88.36,41116
2110,Valeria Barrios 2110,Ingenieria Mecanica,10,88.53,41153
2111,Karla Gomez 2111,Ingenieria en Sistemas,1,88.70,41190
2112,Diego Navarro 2112,Ingenieria Industrial,2,88.87,41227
2113,Rosa Fuentes 2113,Ingenieria Civil,3,89.04,41264
2114,Mario Lemus 2114,Ingenieria Administrativa,4,89.21,41301
2115,Paola Ortiz 2115,Ingenieria en Software,5,89.38,41338
2116,Sergio Aragon 2116,Ingenieria Mecanica,6,89.55,41375
2117,Dulce Arana 2117,Ingenieria en Sistemas,7,89.72,41412
2118,Nancy Chamalé 2118,Ingenieria Industrial,8,89.89,41449
2119,Byron Castellanos 2119,Ingenieria Civil,9,90.06,41486
2120,Helen Conoz 2120,Ingenieria Administrativa,10,90.23,41523
2121,Juan Perez 2121,Ingenieria en Software,1,90.40,41560
2122,Ana Lopez 2122,Ingenieria Mecanica,2,90.57,41597
2123,Carlos Ruiz 2123,Ingenieria en Sistemas,3,90.74,41634
2124,Maria Garcia 2124,Ingenieria Industrial,4,90.91,41671
2125,Luis Hernandez 2125,Ingenieria Civil,5,91.08,41708
2126,Sofia Morales 2126,Ingenieria Administrativa,6,91.25,41745
2127,Pedro Castillo 2127,Ingenieria en Software,7,91.42,41782
2128,Elena Pineda 2128,Ingenieria Mecanica,8,91.59,41819
2129,Jorge Contreras 2129,Ingenieria en Sistemas,9,91.76,41856
2130,Valeria Barrios 2130,Ingenieria Industrial,10,91.93,41893
2131,Karla Gomez 2131,Ingenieria Civil,1,92.10,41930
2132,Diego Navarro 2132,Ingenieria Administrativa,2,92.27,41967
2133,Rosa Fuentes 2133,Ingenieria en Software,3,92.44,42004
2134,Mario Lemus 2134,Ingenieria Mecanica,4,92.61,42041
2135,Paola Ortiz 2135,Ingenieria en Sistemas,5,92.78,42078
2136,Sergio Aragon 2136,Ingenieria Industrial,6,92.95,42115
2137,Dulce Arana 2137,Ingenieria Civil,7,93.12,42152
2138,Nancy Chamalé 2138,Ingenieria Administrativa,8,93.29,42189
2139,Byron Castellanos 2139,Ingenieria en Software,9,93.46,42226
2140,Helen Conoz 2140,Ingenieria Mecanica,10,93.63,42263
2141,Juan Perez 2141,Ingenieria en Sistemas,1,93.80,42300
2142,Ana Lopez 2142,Ingenieria Industrial,2,93.97,42337
2143,Carlos Ruiz 2143,Ingenieria Civil,3,94.14,42374
2144,Maria Garcia 2144,Ingenieria Administrativa,4,94.31,42411
2145,Luis Hernandez 2145,Ingenieria en Software,5,94.48,42448
2146,Sofia Morales 2146,Ingenieria Mecanica,6,94.65,42485
2147,Pedro Castillo 2147,Ingenieria en Sistemas,7,94.82,42522
2148,Elena Pineda 2148,Ingenieria Industrial,8,94.99,42559
2149,Jorge Contreras 2149,Ingenieria Civil,9,95.16,42596
2150,Valeria Barrios 2150,Ingenieria Administrativa,10,95.33,42633
2151,Karla Gomez 2151,Ingenieria en Software,1,95.50,42670
2152,Diego Navarro 2152,Ingenieria Mecanica,2,95.67,42707
2153,Rosa Fuentes 2153,Ingenieria en Sistemas,3,95.84,42744
2154,Mario Lemus 2154,Ingenieria Industrial,4,96.01,42781
2155,Paola Ortiz 2155,Ingenieria Civil,5,96.18,42818
2156,Sergio Aragon 2156,Ingenieria Administrativa,6,96.35,42855
2157,Dulce Arana 2157,Ingenieria en Software,7,96.52,42892
2158,Nancy Chamalé 2158,Ingenieria Mecanica,8,96.69,42929
2159,Byron Castellanos 2159,Ingenieria en Sistemas,9,96.86,42966
2160,Helen Conoz 2160,Ingenieria Industrial,10,97.03,43003
2161,Juan Perez 2161,Ingenieria Civil,1,97.20,43040
2162,Ana Lopez 2162,Ingenieria Administrativa,2,97.37,43077
2163,Carlos Ruiz 2163,Ingenieria en Software,3,97.54,43114
2164,Maria Garcia 2164,Ingenieria Mecanica,4,97.71,43151
2165,Luis Hernandez 2165,Ingenieria en Sistemas,5,97.88,43188
2166,Sofia Morales 2166,Ingenieria Industrial,6,98.05,43225
2167,Pedro Castillo 2167,Ingenieria Civil,7,98.22,43262
2168,Elena Pineda 2168,Ingenieria Administrativa,8,98.39,43299
2169,Jorge Contreras 2169,Ingenieria en Software,9,98.56,43336
2170,Valeria Barrios 2170,Ingenieria Mecanica,10,98.73,43373
2171,Karla Gomez 2171,Ingenieria en Sistemas,1,98.90,43410
2172,Diego Navarro 2172,Ingenieria Industrial,2,99.07,43447
2173,Rosa Fuentes 2173,Ingenieria Civil,3,99.24,43484
2174,Mario Lemus 2174,Ingenieria Administrativa,4,99.41,43521
2175,Paola Ortiz 2175,Ingenieria en Software,5,99.58,43558
2176,Sergio Aragon 2176,Ingenieria Mecanica,6,99.75,43595
2177,Dulce Arana 2177,Ingenieria en Sistemas,7,99.92,43632
2178,Nancy Chamalé 2178,Ingenieria Industrial,8,60.09,43669
2179,Byron Castellanos 2179,Ingenieria Civil,9,60.26,43706
2180,Helen Conoz 2180,Ingenieria Administrativa,10,60.43,43743
2181,Juan Perez 2181,Ingenieria en Software,1,60.60,43780
2182,Ana Lopez 2182,Ingenieria Mecanica,2,60.77,43817
2183,Carlos Ruiz 2183,Ingenieria en Sistemas,3,60.94,43854
2184,Maria Garcia 2184,Ingenieria Industrial,4,61.11,43891
2185,Luis Hernandez 2185,Ingenieria Civil,5,61.28,43928
2186,Sofia Morales 2186,Ingenieria Administrativa,6,61.45,43965
2187,Pedro Castillo 2187,Ingenieria en Software,7,61.62,44002
2188,Elena Pineda 2188,Ingenieria Mecanica,8,61.79,44039
2189,Jorge Contreras 2189,Ingenieria en Sistemas,9,61.96,44076
2190,Valeria Barrios 2190,Ingenieria Industrial,10,62.13,44113
2191,Karla Gomez 2191,Ingenieria Civil,1,62.30,44150
2192,Diego Navarro 2192,Ingenieria Administrativa,2,62.47,44187
2193,Rosa Fuentes 2193,Ingenieria en Software,3,62.64,44224
2194,Mario Lemus 2194,Ingenieria Mecanica,4,62.81,44261
2195,Paola Ortiz 2195,Ingenieria en Sistemas,5,62.98,44298
2196,Sergio Aragon 2196,Ingenieria Industrial,6,63.15,44335
2197,Dulce Arana 2197,Ingenieria Civil,7,63.32,44372
2198,Nancy Chamalé 2198,Ingenieria Administrativa,8,63.49,44409
2199,Byron Castellanos 2199,Ingenieria en Software,9,63.66,44446
2200,Helen Conoz 2200,Ingenieria Mecanica,10,63.83,44483
2201,Juan Perez 2201,Ingenieria en Sistemas,1,64.00,44520
2202,Ana Lopez 2202,Ingenieria Industrial,2,64.17,44557
2203,Carlos Ruiz 2203,Ingenieria Civil,3,64.34,44594
2204,Maria Garcia 2204,Ingenieria Administrativa,4,64.51,44631
2205,Luis Hernandez 2205,Ingenieria en Software,5,64.68,44668
2206,Sofia Morales 2206,Ingenieria Mecanica,6,64.85,44705
2207,Pedro Castillo 2207,Ingenieria en Sistemas,7,65.02,44742
2208,Elena Pineda 2208,Ingenieria Industrial,8,65.19,44779
2209,Jorge Contreras 2209,Ingenieria Civil,9,65.36,44816
2210,Valeria Barrios 2210,Ingenieria Administrativa,10,65.53,44853
2211,Karla Gomez 2211,Ingenieria en Software,1,65.70,44890
2212,Diego Navarro 2212,Ingenieria Mecanica,2,65.87,44927
2213,Rosa Fuentes 2213,Ingenieria en Sistemas,3,66.04,44964
2214,Mario Lemus 2214,Ingenieria Industrial,4,66.21,45001
2215,Paola Ortiz 2215,Ingenieria Civil,5,66.38,45038
2216,Sergio Aragon 2216,Ingenieria Administrativa,6,66.55,45075
2217,Dulce Arana 2217,Ingenieria en Software,7,66.72,45112
2218,Nancy Chamalé 2218,Ingenieria Mecanica,8,66.89,45149
2219,Byron Castellanos 2219,Ingenieria en Sistemas,9,67.06,45186
2220,Helen Conoz 2220,Ingenieria Industrial,10,67.23,45223
2221,Juan Perez 2221,Ingenieria Civil,1,67.40,45260
2222,Ana Lopez 2222,Ingenieria Administrativa,2,67.57,45297
2223,Carlos Ruiz 2223,Ingenieria en Software,3,67.74,45334
2224,Maria Garcia 2224,Ingenieria Mecanica,4,67.91,45371
2225,Luis Hernandez 2225,Ingenieria en Sistemas,5,68.08,45408
2226,Sofia Morales 2226,Ingenieria Industrial,6,68.25,45445
2227,Pedro Castillo 2227,Ingenieria Civil,7,68.42,45482
2228,Elena Pineda 2228,Ingenieria Administrativa,8,68.59,45519
2229,Jorge Contreras 2229,Ingenieria en Software,9,68.76,45556
2230,Valeria Barrios 2230,Ingenieria Mecanica,10,68.93,45593
2231,Karla Gomez 2231,Ingenieria en Sistemas,1,69.10,45630
2232,Diego Navarro 2232,Ingenieria Industrial,2,69.27,45667
2233,Rosa Fuentes 2233,Ingenieria Civil,3,69.44,45704
2234,Mario Lemus 2234,Ingenieria Administrativa,4,69.61,45741
2235,Paola Ortiz 2235,Ingenieria en Software,5,69.78,45778
2236,Sergio Aragon 2236,Ingenieria Mecanica,6,69.95,45815
2237,Dulce Arana 2237,Ingenieria en Sistemas,7,70.12,45852
2238,Nancy Chamalé 2238,Ingenieria Industrial,8,70.29,45889
2239,Byron Castellanos 2239,Ingenieria Civil,9,70.46,45926
2240,Helen Conoz 2240,Ingenieria Administrativa,10,70.63,45963
2241,Juan Perez 2241,Ingenieria en Software,1,70.80,46000
2242,Ana Lopez 2242,Ingenieria Mecanica,2,70.97,46037
2243,Carlos Ruiz 2243,Ingenieria en Sistemas,3,71.14,46074
2244,Maria Garcia 2244,Ingenieria Industrial,4,71.31,46111
2245,Luis Hernandez 2245,Ingenieria Civil,5,71.48,46148
2246,Sofia Morales 2246,Ingenieria Administrativa,6,71.65,46185
2247,Pedro Castillo 2247,Ingenieria en Software,7,71.82,46222
2248,Elena Pineda 2248,Ingenieria Mecanica,8,71.99,46259
2249,Jorge Contreras 2249,Ingenieria en Sistemas,9,72.16,46296
2250,Valeria Barrios 2250,Ingenieria Industrial,10,72.33,46333
2251,Karla Gomez 2251,Ingenieria Civil,1,72.50,46370
2252,Diego Navarro 2252,Ingenieria Administrativa,2,72.67,46407
2253,Rosa Fuentes 2253,Ingenieria en Software,3,72.84,46444
2254,Mario Lemus 2254,Ingenieria Mecanica,4,73.01,46481
2255,Paola Ortiz 2255,Ingenieria en Sistemas,5,73.18,46518
2256,Sergio Aragon 2256,Ingenieria Industrial,6,73.35,46555
2257,Dulce Arana 2257,Ingenieria Civil,7,73.52,46592
2258,Nancy Chamalé 2258,Ingenieria Administrativa,8,73.69,46629
2259,Byron Castellanos 2259,Ingenieria en Software,9,73.86,46666
2260,Helen Conoz 2260,Ingenieria Mecanica,10,74.03,46703
2261,Juan Perez 2261,Ingenieria en Sistemas,1,74.20,46740
2262,Ana Lopez 2262,Ingenieria Industrial,2,74.37,46777
2263,Carlos Ruiz 2263,Ingenieria Civil,3,74.54,46814
2264,Maria Garcia 2264,Ingenieria Administrativa,4,74.71,46851
2265,Luis Hernandez 2265,Ingenieria en Software,5,74.88,46888
2266,Sofia Morales 2266,Ingenieria Mecanica,6,75.05,46925
2267,Pedro Castillo 2267,Ingenieria en Sistemas,7,75.22,46962
2268,Elena Pineda 2268,Ingenieria Industrial,8,75.39,46999
2269,Jorge Contreras 2269,Ingenieria Civil,9,75.56,47036
2270,Valeria Barrios 2270,Ingenieria Administrativa,10,75.73,47073
2271,Karla Gomez 2271,Ingenieria en Software,1,75.90,47110
2272,Diego Navarro 2272,Ingenieria Mecanica,2,76.07,47147
2273,Rosa Fuentes 2273,Ingenieria en Sistemas,3,76.24,47184
2274,Mario Lemus 2274,Ingenieria Industrial,4,76.41,47221
2275,Paola Ortiz 2275,Ingenieria Civil,5,76.58,47258
2276,Sergio Aragon 2276,Ingenieria Administrativa,6,76.75,47295
2277,Dulce Arana 2277,Ingenieria en Software,7,76.92,47332
2278,Nancy Chamalé 2278,Ingenieria Mecanica,8,77.09,47369
2279,Byron Castellanos 2279,Ingenieria en Sistemas,9,77.26,47406
2280,Helen Conoz 2280,Ingenieria Industrial,10,77.43,47443
2281,Juan Perez 2281,Ingenieria Civil,1,77.60,47480
2282,Ana Lopez 2282,Ingenieria Administrativa,2,77.77,47517
2283,Carlos Ruiz 2283,Ingenieria en Software,3,77.94,47554
2284,Maria Garcia 2284,Ingenieria Mecanica,4,78.11,47591
2285,Luis Hernandez 2285,Ingenieria en Sistemas,5,78.28,47628
2286,Sofia Morales 2286,Ingenieria Industrial,6,78.45,47665
2287,Pedro Castillo 2287,Ingenieria Civil,7,78.62,47702
2288,Elena Pineda 2288,Ingenieria Administrativa,8,78.79,47739
2289,Jorge Contreras 2289,Ingenieria en Software,9,78.96,47776
2290,Valeria Barrios 2290,Ingenieria Mecanica,10,79.13,47813
2291,Karla Gomez 2291,Ingenieria en Sistemas,1,79.30,47850
2292,Diego Navarro 2292,Ingenieria Industrial,2,79.47,47887
2293,Rosa Fuentes 2293,Ingenieria Civil,3,79.64,47924
2294,Mario Lemus 2294,Ingenieria Administrativa,4,79.81,47961
2295,Paola Ortiz 2295,Ingenieria en Software,5,79.98,47998
2296,Sergio Aragon 2296,Ingenieria Mecanica,6,80.15,48035
2297,Dulce Arana 2297,Ingenieria en Sistemas,7,80.32,48072
2298,Nancy Chamalé 2298,Ingenieria Industrial,8,80.49,48109
2299,Byron Castellanos 2299,Ingenieria Civil,9,80.66,48146
2300,Helen Conoz 2300,Ingenieria Administrativa,10,80.83,48183
2301,Juan Perez 2301,Ingenieria en Software,1,81.00,48220
2302,Ana Lopez 2302,Ingenieria Mecanica,2,81.17,48257
2303,Carlos Ruiz 2303,Ingenieria en Sistemas,3,81.34,48294
2304,Maria Garcia 2304,Ingenieria Industrial,4,81.51,48331
2305,Luis Hernandez 2305,Ingenieria Civil,5,81.68,48368
2306,Sofia Morales 2306,Ingenieria Administrativa,6,81.85,48405
2307,Pedro Castillo 2307,Ingenieria en Software,7,82.02,48442
2308,Elena Pineda 2308,Ingenieria Mecanica,8,82.19,48479
2309,Jorge Contreras 2309,Ingenieria en Sistemas,9,82.36,48516
2310,Valeria Barrios 2310,Ingenieria Industrial,10,82.53,48553
2311,Karla Gomez 2311,Ingenieria Civil,1,82.70,48590
2312,Diego Navarro 2312,Ingenieria Administrativa,2,82.87,48627
2313,Rosa Fuentes 2313,Ingenieria en Software,3,83.04,48664
2314,Mario Lemus 2314,Ingenieria Mecanica,4,83.21,48701
2315,Paola Ortiz 2315,Ingenieria en Sistemas,5,83.38,48738
2316,Sergio Aragon 2316,Ingenieria Industrial,6,83.55,48775
2317,Dulce Arana 2317,Ingenieria Civil,7,83.72,48812
2318,Nancy Chamalé 2318,Ingenieria Administrativa,8,83.89,48849
2319,Byron Castellanos 2319,Ingenieria en Software,9,84.06,48886
2320,Helen Conoz 2320,Ingenieria Mecanica,10,84.23,48923
2321,Juan Perez 2321,Ingenieria en Sistemas,1,84.40,48960
2322,Ana Lopez 2322,Ingenieria Industrial,2,84.57,48997
2323,Carlos Ruiz 2323,Ingenieria Civil,3,84.74,49034
2324,Maria Garcia 2324,Ingenieria Administrativa,4,84.91,49071
2325,Luis Hernandez 2325,Ingenieria en Software,5,85.08,49108
2326,Sofia Morales 2326,Ingenieria Mecanica,6,85.25,49145
2327,Pedro Castillo 2327,Ingenieria en Sistemas,7,85.42,49182
2328,Elena Pineda 2328,Ingenieria Industrial,8,85.59,49219
2329,Jorge Contreras 2329,Ingenieria Civil,9,85.76,49256
2330,Valeria Barrios 2330,Ingenieria Administrativa,10,85.93,49293
2331,Karla Gomez 2331,Ingenieria en Software,1,86.10,49330
2332,Diego Navarro 2332,Ingenieria Mecanica,2,86.27,49367
2333,Rosa Fuentes 2333,Ingenieria en Sistemas,3,86.44,49404
2334,Mario Lemus 2334,Ingenieria Industrial,4,86.61,49441
2335,Paola Ortiz 2335,Ingenieria Civil,5,86.78,49478
2336,Sergio Aragon 2336,Ingenieria Administrativa,6,86.95,49515
2337,Dulce Arana 2337,Ingenieria en Software,7,87.12,49552
2338,Nancy Chamalé 2338,Ingenieria Mecanica,8,87.29,49589
2339,Byron Castellanos 2339,Ingenieria en Sistemas,9,87.46,49626
2340,Helen Conoz 2340,Ingenieria Industrial,10,87.63,49663
2341,Juan Perez 2341,Ingenieria Civil,1,87.80,49700
2342,Ana Lopez 2342,Ingenieria Administrativa,2,87.97,49737
2343,Carlos Ruiz 2343,Ingenieria en Software,3,88.14,49774
2344,Maria Garcia 2344,Ingenieria Mecanica,4,88.31,49811
2345,Luis Hernandez 2345,Ingenieria en Sistemas,5,88.48,49848
2346,Sofia Morales 2346,Ingenieria Industrial,6,88.65,49885
2347,Pedro Castillo 2347,Ingenieria Civil,7,88.82,49922
2348,Elena Pineda 2348,Ingenieria Administrativa,8,88.99,49959
2349,Jorge Contreras 2349,Ingenieria en Software,9,89.16,49996
2350,Valeria Barrios 2350,Ingenieria Mecanica,10,89.33,50033
2351,Karla Gomez 2351,Ingenieria en Sistemas,1,89.50,50070
2352,Diego Navarro 2352,Ingenieria Industrial,2,89.67,50107
2353,Rosa Fuentes 2353,Ingenieria Civil,3,89.84,50144
2354,Mario Lemus 2354,Ingenieria Administrativa,4,90.01,50181
2355,Paola Ortiz 2355,Ingenieria en Software,5,90.18,50218
2356,Sergio Aragon 2356,Ingenieria Mecanica,6,90.35,50255
2357,Dulce Arana 2357,Ingenieria en Sistemas,7,90.52,50292
2358,Nancy Chamalé 2358,Ingenieria Industrial,8,90.69,50329
2359,Byron Castellanos 2359,Ingenieria Civil,9,90.86,50366
2360,Helen Conoz 2360,Ingenieria Administrativa,10,91.03,50403
2361,Juan Perez 2361,Ingenieria en Software,1,91.20,50440
2362,Ana Lopez 2362,Ingenieria Mecanica,2,91.37,50477
2363,Carlos Ruiz 2363,Ingenieria en Sistemas,3,91.54,50514
2364,Maria Garcia 2364,Ingenieria Industrial,4,91.71,50551
2365,Luis Hernandez 2365,Ingenieria Civil,5,91.88,50588
2366,Sofia Morales 2366,Ingenieria Administrativa,6,92.05,50625
2367,Pedro Castillo 2367,Ingenieria en Software,7,92.22,50662
2368,Elena Pineda 2368,Ingenieria Mecanica,8,92.39,50699
2369,Jorge Contreras 2369,Ingenieria en Sistemas,9,92.56,50736
2370,Valeria Barrios 2370,Ingenieria Industrial,10,92.73,50773
2371,Karla Gomez 2371,Ingenieria Civil,1,92.90,50810
2372,Diego Navarro 2372,Ingenieria Administrativa,2,93.07,50847
2373,Rosa Fuentes 2373,Ingenieria en Software,3,93.24,50884
2374,Mario Lemus 2374,Ingenieria Mecanica,4,93.41,50921
2375,Paola Ortiz 2375,Ingenieria en Sistemas,5,93.58,50958
2376,Sergio Aragon 2376,Ingenieria Industrial,6,93.75,50995
2377,Dulce Arana 2377,Ingenieria Civil,7,93.92,51032
2378,Nancy Chamalé 2378,Ingenieria Administrativa,8,94.09,51069
2379,Byron Castellanos 2379,Ingenieria en Software,9,94.26,51106
2380,Helen Conoz 2380,Ingenieria Mecanica,10,94.43,51143
2381,Juan Perez 2381,Ingenieria en Sistemas,1,94.60,51180
2382,Ana Lopez 2382,Ingenieria Industrial,2,94.77,51217
2383,Carlos Ruiz 2383,Ingenieria Civil,3,94.94,51254
2384,Maria Garcia 2384,Ingenieria Administrativa,4,95.11,51291
2385,Luis Hernandez 2385,Ingenieria en Software,5,95.28,51328
2386,Sofia Morales 2386,Ingenieria Mecanica,6,95.45,51365
2387,Pedro Castillo 2387,Ingenieria en Sistemas,7,95.62,51402
2388,Elena Pineda 2388,Ingenieria Industrial,8,95.79,51439
2389,Jorge Contreras 2389,Ingenieria Civil,9,95.96,51476
2390,Valeria Barrios 2390,Ingenieria Administrativa,10,96.13,51513
2391,Karla Gomez 2391,Ingenieria en Software,1,96.30,51550
2392,Diego Navarro 2392,Ingenieria Mecanica,2,96.47,51587
2393,Rosa Fuentes 2393,Ingenieria en Sistemas,3,96.64,51624
2394,Mario Lemus 2394,Ingenieria Industrial,4,96.81,51661
2395,Paola Ortiz 2395,Ingenieria Civil,5,96.98,51698
2396,Sergio Aragon 2396,Ingenieria Administrativa,6,97.15,51735
2397,Dulce Arana 2397,Ingenieria en Software,7,97.32,51772
2398,Nancy Chamalé 2398,Ingenieria Mecanica,8,97.49,51809
2399,Byron Castellanos 2399,Ingenieria en Sistemas,9,97.66,51846
2400,Helen Conoz 2400,Ingenieria Industrial,10,97.83,51883
2401,Juan Perez 2401,Ingenieria Civil,1,98.00,51920
2402,Ana Lopez 2402,Ingenieria Administrativa,2,98.17,51957
2403,Carlos Ruiz 2403,Ingenieria en Software,3,98.34,51994
2404,Maria Garcia 2404,Ingenieria Mecanica,4,98.51,52031
2405,Luis Hernandez 2405,Ingenieria en Sistemas,5,98.68,52068
2406,Sofia Morales 2406,Ingenieria Industrial,6,98.85,52105
2407,Pedro Castillo 2407,Ingenieria Civil,7,99.02,52142
2408,Elena Pineda 2408,Ingenieria Administrativa,8,99.19,52179
2409,Jorge Contreras 2409,Ingenieria en Software,9,99.36,52216
2410,Valeria Barrios 2410,Ingenieria Mecanica,10,99.53,52253
2411,Karla Gomez 2411,Ingenieria en Sistemas,1,99.70,52290
2412,Diego Navarro 2412,Ingenieria Industrial,2,99.87,52327
2413,Rosa Fuentes 2413,Ingenieria Civil,3,60.04,52364
2414,Mario Lemus 2414,Ingenieria Administrativa,4,60.21,52401
2415,Paola Ortiz 2415,Ingenieria en Software,5,60.38,52438
2416,Sergio Aragon 2416,Ingenieria Mecanica,6,60.55,52475
2417,Dulce Arana 2417,Ingenieria en Sistemas,7,60.72,52512
2418,Nancy Chamalé 2418,Ingenieria Industrial,8,60.89,52549
2419,Byron Castellanos 2419,Ingenieria Civil,9,61.06,52586
2420,Helen Conoz 2420,Ingenieria Administrativa,10,61.23,52623
2421,Juan Perez 2421,Ingenieria en Software,1,61.40,52660
2422,Ana Lopez 2422,Ingenieria Mecanica,2,61.57,52697
2423,Carlos Ruiz 2423,Ingenieria en Sistemas,3,61.74,52734
2424,Maria Garcia 2424,Ingenieria Industrial,4,61.91,52771
2425,Luis Hernandez 2425,Ingenieria Civil,5,62.08,52808
2426,Sofia Morales 2426,Ingenieria Administrativa,6,62.25,52845
2427,Pedro Castillo 2427,Ingenieria en Software,7,62.42,52882
2428,Elena Pineda 2428,Ingenieria Mecanica,8,62.59,52919
2429,Jorge Contreras 2429,Ingenieria en Sistemas,9,62.76,52956
2430,Valeria Barrios 2430,Ingenieria Industrial,10,62.93,52993
2431,Karla Gomez 2431,Ingenieria Civil,1,63.10,53030
2432,Diego Navarro 2432,Ingenieria Administrativa,2,63.27,53067
2433,Rosa Fuentes 2433,Ingenieria en Software,3,63.44,53104
2434,Mario Lemus 2434,Ingenieria Mecanica,4,63.61,53141
2435,Paola Ortiz 2435,Ingenieria en Sistemas,5,63.78,53178
2436,Sergio Aragon 2436,Ingenieria Industrial,6,63.95,53215
2437,Dulce Arana 2437,Ingenieria Civil,7,64.12,53252
2438,Nancy Chamalé 2438,Ingenieria Administrativa,8,64.29,53289
2439,Byron Castellanos 2439,Ingenieria en Software,9,64.46,53326
2440,Helen Conoz 2440,Ingenieria Mecanica,10,64.63,53363
2441,Juan Perez 2441,Ingenieria en Sistemas,1,64.80,53400
2442,Ana Lopez 2442,Ingenieria Industrial,2,64.97,53437
2443,Carlos Ruiz 2443,Ingenieria Civil,3,65.14,53474
2444,Maria Garcia 2444,Ingenieria Administrativa,4,65.31,53511
2445,Luis Hernandez 2445,Ingenieria en Software,5,65.48,53548
2446,Sofia Morales 2446,Ingenieria Mecanica,6,65.65,53585
2447,Pedro Castillo 2447,Ingenieria en Sistemas,7,65.82,53622
2448,Elena Pineda 2448,Ingenieria Industrial,8,65.99,53659
2449,Jorge Contreras 2449,Ingenieria Civil,9,66.16,53696
2450,Valeria Barrios 2450,Ingenieria Administrativa,10,66.33,53733
2451,Karla Gomez 2451,Ingenieria en Software,1,66.50,53770
2452,Diego Navarro 2452,Ingenieria Mecanica,2,66.67,53807
2453,Rosa Fuentes 2453,Ingenieria en Sistemas,3,66.84,53844
2454,Mario Lemus 2454,Ingenieria Industrial,4,67.01,53881
2455,Paola Ortiz 2455,Ingenieria Civil,5,67.18,53918
2456,Sergio Aragon 2456,Ingenieria Administrativa,6,67.35,53955
2457,Dulce Arana 2457,Ingenieria en Software,7,67.52,53992
2458,Nancy Chamalé 2458,Ingenieria Mecanica,8,67.69,54029
2459,Byron Castellanos 2459,Ingenieria en Sistemas,9,67.86,54066
2460,Helen Conoz 2460,Ingenieria Industrial,10,68.03,54103
2461,Juan Perez 2461,Ingenieria Civil,1,68.20,54140
2462,Ana Lopez 2462,Ingenieria Administrativa,2,68.37,54177
2463,Carlos Ruiz 2463,Ingenieria en Software,3,68.54,54214
2464,Maria Garcia 2464,Ingenieria Mecanica,4,68.71,54251
2465,Luis Hernandez 2465,Ingenieria en Sistemas,5,68.88,54288
2466,Sofia Morales 2466,Ingenieria Industrial,6,69.05,54325
2467,Pedro Castillo 2467,Ingenieria Civil,7,69.22,54362
2468,Elena Pineda 2468,Ingenieria Administrativa,8,69.39,54399
2469,Jorge Contreras 2469,Ingenieria en Software,9,69.56,54436
2470,Valeria Barrios 2470,Ingenieria Mecanica,10,69.73,54473
2471,Karla Gomez 2471,Ingenieria en Sistemas,1,69.90,54510
2472,Diego Navarro 2472,Ingenieria Industrial,2,70.07,54547
2473,Rosa Fuentes 2473,Ingenieria Civil,3,70.24,54584
2474,Mario Lemus 2474,Ingenieria Administrativa,4,70.41,54621
2475,Paola Ortiz 2475,Ingenieria en Software,5,70.58,54658
2476,Sergio Aragon 2476,Ingenieria Mecanica,6,70.75,54695
2477,Dulce Arana 2477,Ingenieria en Sistemas,7,70.92,54732
2478,Nancy Chamalé 2478,Ingenieria Industrial,8,71.09,54769
2479,Byron Castellanos 2479,Ingenieria Civil,9,71.26,54806
2480,Helen Conoz 2480,Ingenieria Administrativa,10,71.43,54843
2481,Juan Perez 2481,Ingenieria en Software,1,71.60,54880
2482,Ana Lopez 2482,Ingenieria Mecanica,2,71.77,54917
2483,Carlos Ruiz 2483,Ingenieria en Sistemas,3,71.94,54954
2484,Maria Garcia 2484,Ingenieria Industrial,4,72.11,54991
2485,Luis Hernandez 2485,Ingenieria Civil,5,72.28,55028
2486,Sofia Morales 2486,Ingenieria Administrativa,6,72.45,55065
2487,Pedro Castillo 2487,Ingenieria en Software,7,72.62,55102
2488,Elena Pineda 2488,Ingenieria Mecanica,8,72.79,55139
2489,Jorge Contreras 2489,Ingenieria en Sistemas,9,72.96,55176
2490,Valeria Barrios 2490,Ingenieria Industrial,10,73.13,55213
2491,Karla Gomez 2491,Ingenieria Civil,1,73.30,55250
2492,Diego Navarro 2492,Ingenieria Administrativa,2,73.47,55287
2493,Rosa Fuentes 2493,Ingenieria en Software,3,73.64,55324
2494,Mario Lemus 2494,Ingenieria Mecanica,4,73.81,55361
2495,Paola Ortiz 2495,Ingenieria en Sistemas,5,73.98,55398
2496,Sergio Aragon 2496,Ingenieria Industrial,6,74.15,55435
2497,Dulce Arana 2497,Ingenieria Civil,7,74.32,55472
2498,Nancy Chamalé 2498,Ingenieria Administrativa,8,74.49,55509
2499,Byron Castellanos 2499,Ingenieria en Software,9,74.66,55546
2500,Helen Conoz 2500,Ingenieria Mecanica,10,74.83,55583
2501,Juan Perez 2501,Ingenieria en Sistemas,1,75.00,55620
2502,Ana Lopez 2502,Ingenieria Industrial,2,75.17,55657
2503,Carlos Ruiz 2503,Ingenieria Civil,3,75.34,55694
2504,Maria Garcia 2504,Ingenieria Administrativa,4,75.51,55731
2505,Luis Hernandez 2505,Ingenieria en Software,5,75.68,55768
2506,Sofia Morales 2506,Ingenieria Mecanica,6,75.85,55805
2507,Pedro Castillo 2507,Ingenieria en Sistemas,7,76.02,55842
2508,Elena Pineda 2508,Ingenieria Industrial,8,76.19,55879
2509,Jorge Contreras 2509,Ingenieria Civil,9,76.36,55916
2510,Valeria Barrios 2510,Ingenieria Administrativa,10,76.53,55953
2511,Karla Gomez 2511,Ingenieria en Software,1,76.70,55990
2512,Diego Navarro 2512,Ingenieria Mecanica,2,76.87,56027
2513,Rosa Fuentes 2513,Ingenieria en Sistemas,3,77.04,56064
2514,Mario Lemus 2514,Ingenieria Industrial,4,77.21,56101
2515,Paola Ortiz 2515,Ingenieria Civil,5,77.38,56138
2516,Sergio Aragon 2516,Ingenieria Administrativa,6,77.55,56175
2517,Dulce Arana 2517,Ingenieria en Software,7,77.72,56212
2518,Nancy Chamalé 2518,Ingenieria Mecanica,8,77.89,56249
2519,Byron Castellanos 2519,Ingenieria en Sistemas,9,78.06,56286
2520,Helen Conoz 2520,Ingenieria Industrial,10,78.23,56323
2521,Juan Perez 2521,Ingenieria Civil,1,78.40,56360
2522,Ana Lopez 2522,Ingenieria Administrativa,2,78.57,56397
2523,Carlos Ruiz 2523,Ingenieria en Software,3,78.74,56434
2524,Maria Garcia 2524,Ingenieria Mecanica,4,78.91,56471
2525,Luis Hernandez 2525,Ingenieria en Sistemas,5,79.08,56508
2526,Sofia Morales 2526,Ingenieria Industrial,6,79.25,56545
2527,Pedro Castillo 2527,Ingenieria Civil,7,79.42,56582
2528,Elena Pineda 2528,Ingenieria Administrativa,8,79.59,56619
2529,Jorge Contreras 2529,Ingenieria en Software,9,79.76,56656
2530,Valeria Barrios 2530,Ingenieria Mecanica,10,79.93,56693
2531,Karla Gomez 2531,Ingenieria en Sistemas,1,80.10,56730
2532,Diego Navarro 2532,Ingenieria Industrial,2,80.27,56767
2533,Rosa Fuentes 2533,Ingenieria Civil,3,80.44,56804
2534,Mario Lemus 2534,Ingenieria Administrativa,4,80.61,56841
2535,Paola Ortiz 2535,Ingenieria en Software,5,80.78,56878
2536,Sergio Aragon 2536,Ingenieria Mecanica,6,80.95,56915
2537,Dulce Arana 2537,Ingenieria en Sistemas,7,81.12,56952
2538,Nancy Chamalé 2538,Ingenieria Industrial,8,81.29,56989
2539,Byron Castellanos 2539,Ingenieria Civil,9,81.46,57026
2540,Helen Conoz 2540,Ingenieria Administrativa,10,81.63,57063
2541,Juan Perez 2541,Ingenieria en Software,1,81.80,57100
2542,Ana Lopez 2542,Ingenieria Mecanica,2,81.97,57137
2543,Carlos Ruiz 2543,Ingenieria en Sistemas,3,82.14,57174
2544,Maria Garcia 2544,Ingenieria Industrial,4,82.31,57211
2545,Luis Hernandez 2545,Ingenieria Civil,5,82.48,57248
2546,Sofia Morales 2546,Ingenieria Administrativa,6,82.65,57285
2547,Pedro Castillo 2547,Ingenieria en Software,7,82.82,57322
2548,Elena Pineda 2548,Ingenieria Mecanica,8,82.99,57359
2549,Jorge Contreras 2549,Ingenieria en Sistemas,9,83.16,57396
2550,Valeria Barrios 2550,Ingenieria Industrial,10,83.33,57433
2551,Karla Gomez 2551,Ingenieria Civil,1,83.50,57470
2552,Diego Navarro 2552,Ingenieria Administrativa,2,83.67,57507
2553,Rosa Fuentes 2553,Ingenieria en Software,3,83.84,57544
2554,Mario Lemus 2554,Ingenieria Mecanica,4,84.01,57581
2555,Paola Ortiz 2555,Ingenieria en Sistemas,5,84.18,57618
2556,Sergio Aragon 2556,Ingenieria Industrial,6,84.35,57655
2557,Dulce Arana 2557,Ingenieria Civil,7,84.52,57692
2558,Nancy Chamalé 2558,Ingenieria Administrativa,8,84.69,57729
2559,Byron Castellanos 2559,Ingenieria en Software,9,84.86,57766
2560,Helen Conoz 2560,Ingenieria Mecanica,10,85.03,57803
2561,Juan Perez 2561,Ingenieria en Sistemas,1,85.20,57840
2562,Ana Lopez 2562,Ingenieria Industrial,2,85.37,57877
2563,Carlos Ruiz 2563,Ingenieria Civil,3,85.54,57914
2564,Maria Garcia 2564,Ingenieria Administrativa,4,85.71,57951
2565,Luis Hernandez 2565,Ingenieria en Software,5,85.88,57988
2566,Sofia Morales 2566,Ingenieria Mecanica,6,86.05,58025
2567,Pedro Castillo 2567,Ingenieria en Sistemas,7,86.22,58062
2568,Elena Pineda 2568,Ingenieria Industrial,8,86.39,58099
2569,Jorge Contreras 2569,Ingenieria Civil,9,86.56,58136
2570,Valeria Barrios 2570,Ingenieria Administrativa,10,86.73,58173
2571,Karla Gomez 2571,Ingenieria en Software,1,86.90,58210
2572,Diego Navarro 2572,Ingenieria Mecanica,2,87.07,58247
2573,Rosa Fuentes 2573,Ingenieria en Sistemas,3,87.24,58284
2574,Mario Lemus 2574,Ingenieria Industrial,4,87.41,58321
2575,Paola Ortiz 2575,Ingenieria Civil,5,87.58,58358
2576,Sergio Aragon 2576,Ingenieria Administrativa,6,87.75,58395
2577,Dulce Arana 2577,Ingenieria en Software,7,87.92,58432
2578,Nancy Chamalé 2578,Ingenieria Mecanica,8,88.09,58469
2579,Byron Castellanos 2579,Ingenieria en Sistemas,9,88.26,58506
2580,Helen Conoz 2580,Ingenieria Industrial,10,88.43,58543
2581,Juan Perez 2581,Ingenieria Civil,1,88.60,58580
2582,Ana Lopez 2582,Ingenieria Administrativa,2,88.77,58617
2583,Carlos Ruiz 2583,Ingenieria en Software,3,88.94,58654
2584,Maria Garcia 2584,Ingenieria Mecanica,4,89.11,58691
2585,Luis Hernandez 2585,Ingenieria en Sistemas,5,89.28,58728
2586,Sofia Morales 2586,Ingenieria Industrial,6,89.45,58765
2587,Pedro Castillo 2587,Ingenieria Civil,7,89.62,58802
2588,Elena Pineda 2588,Ingenieria Administrativa,8,89.79,58839
2589,Jorge Contreras 2589,Ingenieria en Software,9,89.96,58876
2590,Valeria Barrios 2590,Ingenieria Mecanica,10,90.13,58913
2591,Karla Gomez 2591,Ingenieria en Sistemas,1,90.30,58950
2592,Diego Navarro 2592,Ingenieria Industrial,2,90.47,58987
2593,Rosa Fuentes 2593,Ingenieria Civil,3,90.64,59024
2594,Mario Lemus 2594,Ingenieria Administrativa,4,90.81,59061
2595,Paola Ortiz 2595,Ingenieria en Software,5,90.98,59098
2596,Sergio Aragon 2596,Ingenieria Mecanica,6,91.15,59135
2597,Dulce Arana 2597,Ingenieria en Sistemas,7,91.32,59172
2598,Nancy Chamalé 2598,Ingenieria Industrial,8,91.49,59209
2599,Byron Castellanos 2599,Ingenieria Civil,9,91.66,59246
2600,Helen Conoz 2600,Ingenieria Administrativa,10,91.83,59283
2601,Juan Perez 2601,Ingenieria en Software,1,92.00,59320
2602,Ana Lopez 2602,Ingenieria Mecanica,2,92.17,59357
2603,Carlos Ruiz 2603,Ingenieria en Sistemas,3,92.34,59394
2604,Maria Garcia 2604,Ingenieria Industrial,4,92.51,59431
2605,Luis Hernandez 2605,Ingenieria Civil,5,92.68,59468
2606,Sofia Morales 2606,Ingenieria Administrativa,6,92.85,59505
2607,Pedro Castillo 2607,Ingenieria en Software,7,93.02,59542
2608,Elena Pineda 2608,Ingenieria Mecanica,8,93.19,59579
2609,Jorge Contreras 2609,Ingenieria en Sistemas,9,93.36,59616
2610,Valeria Barrios 2610,Ingenieria Industrial,10,93.53,59653
2611,Karla Gomez 2611,Ingenieria Civil,1,93.70,59690
2612,Diego Navarro 2612,Ingenieria Administrativa,2,93.87,59727
2613,Rosa Fuentes 2613,Ingenieria en Software,3,94.04,59764
2614,Mario Lemus 2614,Ingenieria Mecanica,4,94.21,59801
2615,Paola Ortiz 2615,Ingenieria en Sistemas,5,94.38,59838
2616,Sergio Aragon 2616,Ingenieria Industrial,6,94.55,59875
2617,Dulce Arana 2617,Ingenieria Civil,7,94.72,59912
2618,Nancy Chamalé 2618,Ingenieria Administrativa,8,94.89,59949
2619,Byron Castellanos 2619,Ingenieria en Software,9,95.06,59986
2620,Helen Conoz 2620,Ingenieria Mecanica,10,95.23,60023
2621,Juan Perez 2621,Ingenieria en Sistemas,1,95.40,60060
2622,Ana Lopez 2622,Ingenieria Industrial,2,95.57,60097
2623,Carlos Ruiz 2623,Ingenieria Civil,3,95.74,60134
2624,Maria Garcia 2624,Ingenieria Administrativa,4,95.91,60171
2625,Luis Hernandez 2625,Ingenieria en Software,5,96.08,60208
2626,Sofia Morales 2626,Ingenieria Mecanica,6,96.25,60245
2627,Pedro Castillo 2627,Ingenieria en Sistemas,7,96.42,60282
2628,Elena Pineda 2628,Ingenieria Industrial,8,96.59,60319
2629,Jorge Contreras 2629,Ingenieria Civil,9,96.76,60356
2630,Valeria Barrios 2630,Ingenieria Administrativa,10,96.93,60393
2631,Karla Gomez 2631,Ingenieria en Software,1,97.10,60430
2632,Diego Navarro 2632,Ingenieria Mecanica,2,97.27,60467
2633,Rosa Fuentes 2633,Ingenieria en Sistemas,3,97.44,60504
2634,Mario Lemus 2634,Ingenieria Industrial,4,97.61,60541
2635,Paola Ortiz 2635,Ingenieria Civil,5,97.78,60578
2636,Sergio Aragon 2636,Ingenieria Administrativa,6,97.95,60615
2637,Dulce Arana 2637,Ingenieria en Software,7,98.12,60652
2638,Nancy Chamalé 2638,Ingenieria Mecanica,8,98.29,60689
2639,Byron Castellanos 2639,Ingenieria en Sistemas,9,98.46,60726
2640,Helen Conoz 2640,Ingenieria Industrial,10,98.63,60763
2641,Juan Perez 2641,Ingenieria Civil,1,98.80,60800
2642,Ana Lopez 2642,Ingenieria Administrativa,2,98.97,60837
2643,Carlos Ruiz 2643,Ingenieria en Software,3,99.14,60874
2644,Maria Garcia 2644,Ingenieria Mecanica,4,99.31,60911
2645,Luis Hernandez 2645,Ingenieria en Sistemas,5,99.48,60948
2646,Sofia Morales 2646,Ingenieria Industrial,6,99.65,60985
2647,Pedro Castillo 2647,Ingenieria Civil,7,99.82,61022
2648,Elena Pineda 2648,Ingenieria Administrativa,8,99.99,61059
2649,Jorge Contreras 2649,Ingenieria en Software,9,60.16,61096
2650,Valeria Barrios 2650,Ingenieria Mecanica,10,60.33,61133
2651,Karla Gomez 2651,Ingenieria en Sistemas,1,60.50,61170
2652,Diego Navarro 2652,Ingenieria Industrial,2,60.67,61207
2653,Rosa Fuentes 2653,Ingenieria Civil,3,60.84,61244
2654,Mario Lemus 2654,Ingenieria Administrativa,4,61.01,61281
2655,Paola Ortiz 2655,Ingenieria en Software,5,61.18,61318
2656,Sergio Aragon 2656,Ingenieria Mecanica,6,61.35,61355
2657,Dulce Arana 2657,Ingenieria en Sistemas,7,61.52,61392
2658,Nancy Chamalé 2658,Ingenieria Industrial,8,61.69,61429
2659,Byron Castellanos 2659,Ingenieria Civil,9,61.86,61466
2660,Helen Conoz 2660,Ingenieria Administrativa,10,62.03,61503
2661,Juan Perez 2661,Ingenieria en Software,1,62.20,61540
2662,Ana Lopez 2662,Ingenieria Mecanica,2,62.37,61577
2663,Carlos Ruiz 2663,Ingenieria en Sistemas,3,62.54,61614
2664,Maria Garcia 2664,Ingenieria Industrial,4,62.71,61651
2665,Luis Hernandez 2665,Ingenieria Civil,5,62.88,61688
2666,Sofia Morales 2666,Ingenieria Administrativa,6,63.05,61725
2667,Pedro Castillo 2667,Ingenieria en Software,7,63.22,61762
2668,Elena Pineda 2668,Ingenieria Mecanica,8,63.39,61799
2669,Jorge Contreras 2669,Ingenieria en Sistemas,9,63.56,61836
2670,Valeria Barrios 2670,Ingenieria Industrial,10,63.73,61873
2671,Karla Gomez 2671,Ingenieria Civil,1,63.90,61910
2672,Diego Navarro 2672,Ingenieria Administrativa,2,64.07,61947
2673,Rosa Fuentes 2673,Ingenieria en Software,3,64.24,61984
2674,Mario Lemus 2674,Ingenieria Mecanica,4,64.41,62021
2675,Paola Ortiz 2675,Ingenieria en Sistemas,5,64.58,62058
2676,Sergio Aragon 2676,Ingenieria Industrial,6,64.75,62095
2677,Dulce Arana 2677,Ingenieria Civil,7,64.92,62132
2678,Nancy Chamalé 2678,Ingenieria Administrativa,8,65.09,62169
2679,Byron Castellanos 2679,Ingenieria en Software,9,65.26,62206
2680,Helen Conoz 2680,Ingenieria Mecanica,10,65.43,62243
2681,Juan Perez 2681,Ingenieria en Sistemas,1,65.60,62280
2682,Ana Lopez 2682,Ingenieria Industrial,2,65.77,62317
2683,Carlos Ruiz 2683,Ingenieria Civil,3,65.94,62354
2684,Maria Garcia 2684,Ingenieria Administrativa,4,66.11,62391
2685,Luis Hernandez 2685,Ingenieria en Software,5,66.28,62428
2686,Sofia Morales 2686,Ingenieria Mecanica,6,66.45,62465
2687,Pedro Castillo 2687,Ingenieria en Sistemas,7,66.62,62502
2688,Elena Pineda 2688,Ingenieria Industrial,8,66.79,62539
2689,Jorge Contreras 2689,Ingenieria Civil,9,66.96,62576
2690,Valeria Barrios 2690,Ingenieria Administrativa,10,67.13,62613
2691,Karla Gomez 2691,Ingenieria en Software,1,67.30,62650
2692,Diego Navarro 2692,Ingenieria Mecanica,2,67.47,62687
2693,Rosa Fuentes 2693,Ingenieria en Sistemas,3,67.64,62724
2694,Mario Lemus 2694,Ingenieria Industrial,4,67.81,62761
2695,Paola Ortiz 2695,Ingenieria Civil,5,67.98,62798
2696,Sergio Aragon 2696,Ingenieria Administrativa,6,68.15,62835
2697,Dulce Arana 2697,Ingenieria en Software,7,68.32,62872
2698,Nancy Chamalé 2698,Ingenieria Mecanica,8,68.49,62909
2699,Byron Castellanos 2699,Ingenieria en Sistemas,9,68.66,62946
2700,Helen Conoz 2700,Ingenieria Industrial,10,68.83,62983
2701,Juan Perez 2701,Ingenieria Civil,1,69.00,63020
2702,Ana Lopez 2702,Ingenieria Administrativa,2,69.17,63057
2703,Carlos Ruiz 2703,Ingenieria en Software,3,69.34,63094
2704,Maria Garcia 2704,Ingenieria Mecanica,4,69.51,63131
2705,Luis Hernandez 2705,Ingenieria en Sistemas,5,69.68,63168
2706,Sofia Morales 2706,Ingenieria Industrial,6,69.85,63205
2707,Pedro Castillo 2707,Ingenieria Civil,7,70.02,63242
2708,Elena Pineda 2708,Ingenieria Administrativa,8,70.19,63279
2709,Jorge Contreras 2709,Ingenieria en Software,9,70.36,63316
2710,Valeria Barrios 2710,Ingenieria Mecanica,10,70.53,63353
2711,Karla Gomez 2711,Ingenieria en Sistemas,1,70.70,63390
2712,Diego Navarro 2712,Ingenieria Industrial,2,70.87,63427
2713,Rosa Fuentes 2713,Ingenieria Civil,3,71.04,63464
2714,Mario Lemus 2714,Ingenieria Administrativa,4,71.21,63501
2715,Paola Ortiz 2715,Ingenieria en Software,5,71.38,63538
2716,Sergio Aragon 2716,Ingenieria Mecanica,6,71.55,63575
2717,Dulce Arana 2717,Ingenieria en Sistemas,7,71.72,63612
2718,Nancy Chamalé 2718,Ingenieria Industrial,8,71.89,63649
2719,Byron Castellanos 2719,Ingenieria Civil,9,72.06,63686
2720,Helen Conoz 2720,Ingenieria Administrativa,10,72.23,63723
2721,Juan Perez 2721,Ingenieria en Software,1,72.40,63760
2722,Ana Lopez 2722,Ingenieria Mecanica,2,72.57,63797
2723,Carlos Ruiz 2723,Ingenieria en Sistemas,3,72.74,63834
2724,Maria Garcia 2724,Ingenieria Industrial,4,72.91,63871
2725,Luis Hernandez 2725,Ingenieria Civil,5,73.08,63908
2726,Sofia Morales 2726,Ingenieria Administrativa,6,73.25,63945
2727,Pedro Castillo 2727,Ingenieria en Software,7,73.42,63982
2728,Elena Pineda 2728,Ingenieria Mecanica,8,73.59,64019
2729,Jorge Contreras 2729,Ingenieria en Sistemas,9,73.76,64056
2730,Valeria Barrios 2730,Ingenieria Industrial,10,73.93,64093
2731,Karla Gomez 2731,Ingenieria Civil,1,74.10,64130
2732,Diego Navarro 2732,Ingenieria Administrativa,2,74.27,64167
2733,Rosa Fuentes 2733,Ingenieria en Software,3,74.44,64204
2734,Mario Lemus 2734,Ingenieria Mecanica,4,74.61,64241
2735,Paola Ortiz 2735,Ingenieria en Sistemas,5,74.78,64278
2736,Sergio Aragon 2736,Ingenieria Industrial,6,74.95,64315
2737,Dulce Arana 2737,Ingenieria Civil,7,75.12,64352
2738,Nancy Chamalé 2738,Ingenieria Administrativa,8,75.29,64389
2739,Byron Castellanos 2739,Ingenieria en Software,9,75.46,64426
2740,Helen Conoz 2740,Ingenieria Mecanica,10,75.63,64463
2741,Juan Perez 2741,Ingenieria en Sistemas,1,75.80,64500
2742,Ana Lopez 2742,Ingenieria Industrial,2,75.97,64537
2743,Carlos Ruiz 2743,Ingenieria Civil,3,76.14,64574
2744,Maria Garcia 2744,Ingenieria Administrativa,4,76.31,64611
2745,Luis Hernandez 2745,Ingenieria en Software,5,76.48,64648
2746,Sofia Morales 2746,Ingenieria Mecanica,6,76.65,64685
2747,Pedro Castillo 2747,Ingenieria en Sistemas,7,76.82,64722
2748,Elena Pineda 2748,Ingenieria Industrial,8,76.99,64759
2749,Jorge Contreras 2749,Ingenieria Civil,9,77.16,64796
2750,Valeria Barrios 2750,Ingenieria Administrativa,10,77.33,64833
2751,Karla Gomez 2751,Ingenieria en Software,1,77.50,64870
2752,Diego Navarro 2752,Ingenieria Mecanica,2,77.67,64907
2753,Rosa Fuentes 2753,Ingenieria en Sistemas,3,77.84,64944
2754,Mario Lemus 2754,Ingenieria Industrial,4,78.01,64981
2755,Paola Ortiz 2755,Ingenieria Civil,5,78.18,65018
2756,Sergio Aragon 2756,Ingenieria Administrativa,6,78.35,65055
2757,Dulce Arana 2757,Ingenieria en Software,7,78.52,65092
2758,Nancy Chamalé 2758,Ingenieria Mecanica,8,78.69,65129
2759,Byron Castellanos 2759,Ingenieria en Sistemas,9,78.86,65166
2760,Helen Conoz 2760,Ingenieria Industrial,10,79.03,65203
2761,Juan Perez 2761,Ingenieria Civil,1,79.20,65240
2762,Ana Lopez 2762,Ingenieria Administrativa,2,79.37,65277
2763,Carlos Ruiz 2763,Ingenieria en Software,3,79.54,65314
2764,Maria Garcia 2764,Ingenieria Mecanica,4,79.71,65351
2765,Luis Hernandez 2765,Ingenieria en Sistemas,5,79.88,65388
2766,Sofia Morales 2766,Ingenieria Industrial,6,80.05,65425
2767,Pedro Castillo 2767,Ingenieria Civil,7,80.22,65462
2768,Elena Pineda 2768,Ingenieria Administrativa,8,80.39,65499
2769,Jorge Contreras 2769,Ingenieria en Software,9,80.56,65536
2770,Valeria Barrios 2770,Ingenieria Mecanica,10,80.73,65573
2771,Karla Gomez 2771,Ingenieria en Sistemas,1,80.90,65610
2772,Diego Navarro 2772,Ingenieria Industrial,2,81.07,65647
2773,Rosa Fuentes 2773,Ingenieria Civil,3,81.24,65684
2774,Mario Lemus 2774,Ingenieria Administrativa,4,81.41,65721
2775,Paola Ortiz 2775,Ingenieria en Software,5,81.58,65758
2776,Sergio Aragon 2776,Ingenieria Mecanica,6,81.75,65795
2777,Dulce Arana 2777,Ingenieria en Sistemas,7,81.92,65832
2778,Nancy Chamalé 2778,Ingenieria Industrial,8,82.09,65869
2779,Byron Castellanos 2779,Ingenieria Civil,9,82.26,65906
2780,Helen Conoz 2780,Ingenieria Administrativa,10,82.43,65943
2781,Juan Perez 2781,Ingenieria en Software,1,82.60,65980
2782,Ana Lopez 2782,Ingenieria Mecanica,2,82.77,66017
2783,Carlos Ruiz 2783,Ingenieria en Sistemas,3,82.94,66054
2784,Maria Garcia 2784,Ingenieria Industrial,4,83.11,66091
2785,Luis Hernandez 2785,Ingenieria Civil,5,83.28,66128
2786,Sofia Morales 2786,Ingenieria Administrativa,6,83.45,66165
2787,Pedro Castillo 2787,Ingenieria en Software,7,83.62,66202
2788,Elena Pineda 2788,Ingenieria Mecanica,8,83.79,66239
2789,Jorge Contreras 2789,Ingenieria en Sistemas,9,83.96,66276
2790,Valeria Barrios 2790,Ingenieria Industrial,10,84.13,66313
2791,Karla Gomez 2791,Ingenieria Civil,1,84.30,66350
2792,Diego Navarro 2792,Ingenieria Administrativa,2,84.47,66387
2793,Rosa Fuentes 2793,Ingenieria en Software,3,84.64,66424
2794,Mario Lemus 2794,Ingenieria Mecanica,4,84.81,66461
2795,Paola Ortiz 2795,Ingenieria en Sistemas,5,84.98,66498
2796,Sergio Aragon 2796,Ingenieria Industrial,6,85.15,66535
2797,Dulce Arana 2797,Ingenieria Civil,7,85.32,66572
2798,Nancy Chamalé 2798,Ingenieria Administrativa,8,85.49,66609
2799,Byron Castellanos 2799,Ingenieria en Software,9,85.66,66646
2800,Helen Conoz 2800,Ingenieria Mecanica,10,85.83,66683
2801,Juan Perez 2801,Ingenieria en Sistemas,1,86.00,66720
2802,Ana Lopez 2802,Ingenieria Industrial,2,86.17,66757
2803,Carlos Ruiz 2803,Ingenieria Civil,3,86.34,66794
2804,Maria Garcia 2804,Ingenieria Administrativa,4,86.51,66831
2805,Luis Hernandez 2805,Ingenieria en Software,5,86.68,66868
2806,Sofia Morales 2806,Ingenieria Mecanica,6,86.85,66905
2807,Pedro Castillo 2807,Ingenieria en Sistemas,7,87.02,66942
2808,Elena Pineda 2808,Ingenieria Industrial,8,87.19,66979
2809,Jorge Contreras 2809,Ingenieria Civil,9,87.36,67016
2810,Valeria Barrios 2810,Ingenieria Administrativa,10,87.53,67053
2811,Karla Gomez 2811,Ingenieria en Software,1,87.70,67090
2812,Diego Navarro 2812,Ingenieria Mecanica,2,87.87,67127
2813,Rosa Fuentes 2813,Ingenieria en Sistemas,3,88.04,67164
2814,Mario Lemus 2814,Ingenieria Industrial,4,88.21,67201
2815,Paola Ortiz 2815,Ingenieria Civil,5,88.38,67238
2816,Sergio Aragon 2816,Ingenieria Administrativa,6,88.55,67275
2817,Dulce Arana 2817,Ingenieria en Software,7,88.72,67312
2818,Nancy Chamalé 2818,Ingenieria Mecanica,8,88.89,67349
2819,Byron Castellanos 2819,Ingenieria en Sistemas,9,89.06,67386
2820,Helen Conoz 2820,Ingenieria Industrial,10,89.23,67423
2821,Juan Perez 2821,Ingenieria Civil,1,89.40,67460
2822,Ana Lopez 2822,Ingenieria Administrativa,2,89.57,67497
2823,Carlos Ruiz 2823,Ingenieria en Software,3,89.74,67534
2824,Maria Garcia 2824,Ingenieria Mecanica,4,89.91,67571
2825,Luis Hernandez 2825,Ingenieria en Sistemas,5,90.08,67608
2826,Sofia Morales 2826,Ingenieria Industrial,6,90.25,67645
2827,Pedro Castillo 2827,Ingenieria Civil,7,90.42,67682
2828,Elena Pineda 2828,Ingenieria Administrativa,8,90.59,67719
2829,Jorge Contreras 2829,Ingenieria en Software,9,90.76,67756
2830,Valeria Barrios 2830,Ingenieria Mecanica,10,90.93,67793
2831,Karla Gomez 2831,Ingenieria en Sistemas,1,91.10,67830
2832,Diego Navarro 2832,Ingenieria Industrial,2,91.27,67867
2833,Rosa Fuentes 2833,Ingenieria Civil,3,91.44,67904
2834,Mario Lemus 2834,Ingenieria Administrativa,4,91.61,67941
2835,Paola Ortiz 2835,Ingenieria en Software,5,91.78,67978
2836,Sergio Aragon 2836,Ingenieria Mecanica,6,91.95,68015
2837,Dulce Arana 2837,Ingenieria en Sistemas,7,92.12,68052
2838,Nancy Chamalé 2838,Ingenieria Industrial,8,92.29,68089
2839,Byron Castellanos 2839,Ingenieria Civil,9,92.46,68126
2840,Helen Conoz 2840,Ingenieria Administrativa,10,92.63,68163
2841,Juan Perez 2841,Ingenieria en Software,1,92.80,68200
2842,Ana Lopez 2842,Ingenieria Mecanica,2,92.97,68237
2843,Carlos Ruiz 2843,Ingenieria en Sistemas,3,93.14,68274
2844,Maria Garcia 2844,Ingenieria Industrial,4,93.31,68311
2845,Luis Hernandez 2845,Ingenieria Civil,5,93.48,68348
2846,Sofia Morales 2846,Ingenieria Administrativa,6,93.65,68385
2847,Pedro Castillo 2847,Ingenieria en Software,7,93.82,68422
2848,Elena Pineda 2848,Ingenieria Mecanica,8,93.99,68459
2849,Jorge Contreras 2849,Ingenieria en Sistemas,9,94.16,68496
2850,Valeria Barrios 2850,Ingenieria Industrial,10,94.33,68533
2851,Karla Gomez 2851,Ingenieria Civil,1,94.50,68570
2852,Diego Navarro 2852,Ingenieria Administrativa,2,94.67,68607
2853,Rosa Fuentes 2853,Ingenieria en Software,3,94.84,68644
2854,Mario Lemus 2854,Ingenieria Mecanica,4,95.01,68681
2855,Paola Ortiz 2855,Ingenieria en Sistemas,5,95.18,68718
2856,Sergio Aragon 2856,Ingenieria Industrial,6,95.35,68755
2857,Dulce Arana 2857,Ingenieria Civil,7,95.52,68792
2858,Nancy Chamalé 2858,Ingenieria Administrativa,8,95.69,68829
2859,Byron Castellanos 2859,Ingenieria en Software,9,95.86,68866
2860,Helen Conoz 2860,Ingenieria Mecanica,10,96.03,68903
2861,Juan Perez 2861,Ingenieria en Sistemas,1,96.20,68940
2862,Ana Lopez 2862,Ingenieria Industrial,2,96.37,68977
2863,Carlos Ruiz 2863,Ingenieria Civil,3,96.54,69014
2864,Maria Garcia 2864,Ingenieria Administrativa,4,96.71,69051
2865,Luis Hernandez 2865,Ingenieria en Software,5,96.88,69088
2866,Sofia Morales 2866,Ingenieria Mecanica,6,97.05,69125
2867,Pedro Castillo 2867,Ingenieria en Sistemas,7,97.22,69162
2868,Elena Pineda 2868,Ingenieria Industrial,8,97.39,69199
2869,Jorge Contreras 2869,Ingenieria Civil,9,97.56,69236
2870,Valeria Barrios 2870,Ingenieria Administrativa,10,97.73,69273
2871,Karla Gomez 2871,Ingenieria en Software,1,97.90,69310
2872,Diego Navarro 2872,Ingenieria Mecanica,2,98.07,69347
2873,Rosa Fuentes 2873,Ingenieria en Sistemas,3,98.24,69384
2874,Mario Lemus 2874,Ingenieria Industrial,4,98.41,69421
2875,Paola Ortiz 2875,Ingenieria Civil,5,98.58,69458
2876,Sergio Aragon 2876,Ingenieria Administrativa,6,98.75,69495
2877,Dulce Arana 2877,Ingenieria en Software,7,98.92,69532
2878,Nancy Chamalé 2878,Ingenieria Mecanica,8,99.09,69569
2879,Byron Castellanos 2879,Ingenieria en Sistemas,9,99.26,69606
2880,Helen Conoz 2880,Ingenieria Industrial,10,99.43,69643
2881,Juan Perez 2881,Ingenieria Civil,1,99.60,69680
2882,Ana Lopez 2882,Ingenieria Administrativa,2,99.77,69717
2883,Carlos Ruiz 2883,Ingenieria en Software,3,99.94,69754
2884,Maria Garcia 2884,Ingenieria Mecanica,4,60.11,69791
2885,Luis Hernandez 2885,Ingenieria en Sistemas,5,60.28,69828
2886,Sofia Morales 2886,Ingenieria Industrial,6,60.45,69865
2887,Pedro Castillo 2887,Ingenieria Civil,7,60.62,69902
2888,Elena Pineda 2888,Ingenieria Administrativa,8,60.79,69939
2889,Jorge Contreras 2889,Ingenieria en Software,9,60.96,69976
2890,Valeria Barrios 2890,Ingenieria Mecanica,10,61.13,70013
2891,Karla Gomez 2891,Ingenieria en Sistemas,1,61.30,70050
2892,Diego Navarro 2892,Ingenieria Industrial,2,61.47,70087
2893,Rosa Fuentes 2893,Ingenieria Civil,3,61.64,70124
2894,Mario Lemus 2894,Ingenieria Administrativa,4,61.81,70161
2895,Paola Ortiz 2895,Ingenieria en Software,5,61.98,70198
2896,Sergio Aragon 2896,Ingenieria Mecanica,6,62.15,70235
2897,Dulce Arana 2897,Ingenieria en Sistemas,7,62.32,70272
2898,Nancy Chamalé 2898,Ingenieria Industrial,8,62.49,70309
2899,Byron Castellanos 2899,Ingenieria Civil,9,62.66,70346
2900,Helen Conoz 2900,Ingenieria Administrativa,10,62.83,70383
2901,Juan Perez 2901,Ingenieria en Software,1,63.00,70420
2902,Ana Lopez 2902,Ingenieria Mecanica,2,63.17,70457
2903,Carlos Ruiz 2903,Ingenieria en Sistemas,3,63.34,70494
2904,Maria Garcia 2904,Ingenieria Industrial,4,63.51,70531
2905,Luis Hernandez 2905,Ingenieria Civil,5,63.68,70568
2906,Sofia Morales 2906,Ingenieria Administrativa,6,63.85,70605
2907,Pedro Castillo 2907,Ingenieria en Software,7,64.02,70642
2908,Elena Pineda 2908,Ingenieria Mecanica,8,64.19,70679
2909,Jorge Contreras 2909,Ingenieria en Sistemas,9,64.36,70716
2910,Valeria Barrios 2910,Ingenieria Industrial,10,64.53,70753
2911,Karla Gomez 2911,Ingenieria Civil,1,64.70,70790
2912,Diego Navarro 2912,Ingenieria Administrativa,2,64.87,70827
2913,Rosa Fuentes 2913,Ingenieria en Software,3,65.04,70864
2914,Mario Lemus 2914,Ingenieria Mecanica,4,65.21,70901
2915,Paola Ortiz 2915,Ingenieria en Sistemas,5,65.38,70938
2916,Sergio Aragon 2916,Ingenieria Industrial,6,65.55,70975
2917,Dulce Arana 2917,Ingenieria Civil,7,65.72,71012
2918,Nancy Chamalé 2918,Ingenieria Administrativa,8,65.89,71049
2919,Byron Castellanos 2919,Ingenieria en Software,9,66.06,71086
2920,Helen Conoz 2920,Ingenieria Mecanica,10,66.23,71123
2921,Juan Perez 2921,Ingenieria en Sistemas,1,66.40,71160
2922,Ana Lopez 2922,Ingenieria Industrial,2,66.57,71197
2923,Carlos Ruiz 2923,Ingenieria Civil,3,66.74,71234
2924,Maria Garcia 2924,Ingenieria Administrativa,4,66.91,71271
2925,Luis Hernandez 2925,Ingenieria en Software,5,67.08,71308
2926,Sofia Morales 2926,Ingenieria Mecanica,6,67.25,71345
2927,Pedro Castillo 2927,Ingenieria en Sistemas,7,67.42,71382
2928,Elena Pineda 2928,Ingenieria Industrial,8,67.59,71419
2929,Jorge Contreras 2929,Ingenieria Civil,9,67.76,71456
2930,Valeria Barrios 2930,Ingenieria Administrativa,10,67.93,71493
2931,Karla Gomez 2931,Ingenieria en Software,1,68.10,71530
2932,Diego Navarro 2932,Ingenieria Mecanica,2,68.27,71567
2933,Rosa Fuentes 2933,Ingenieria en Sistemas,3,68.44,71604
2934,Mario Lemus 2934,Ingenieria Industrial,4,68.61,71641
2935,Paola Ortiz 2935,Ingenieria Civil,5,68.78,71678
2936,Sergio Aragon 2936,Ingenieria Administrativa,6,68.95,71715
2937,Dulce Arana 2937,Ingenieria en Software,7,69.12,71752
2938,Nancy Chamalé 2938,Ingenieria Mecanica,8,69.29,71789
2939,Byron Castellanos 2939,Ingenieria en Sistemas,9,69.46,71826
2940,Helen Conoz 2940,Ingenieria Industrial,10,69.63,71863
2941,Juan Perez 2941,Ingenieria Civil,1,69.80,71900
2942,Ana Lopez 2942,Ingenieria Administrativa,2,69.97,71937
2943,Carlos Ruiz 2943,Ingenieria en Software,3,70.14,71974
2944,Maria Garcia 2944,Ingenieria Mecanica,4,70.31,72011
2945,Luis Hernandez 2945,Ingenieria en Sistemas,5,70.48,72048
2946,Sofia Morales 2946,Ingenieria Industrial,6,70.65,72085
2947,Pedro Castillo 2947,Ingenieria Civil,7,70.82,72122
2948,Elena Pineda 2948,Ingenieria Administrativa,8,70.99,72159
2949,Jorge Contreras 2949,Ingenieria en Software,9,71.16,72196
2950,Valeria Barrios 2950,Ingenieria Mecanica,10,71.33,72233
2951,Karla Gomez 2951,Ingenieria en Sistemas,1,71.50,72270
2952,Diego Navarro 2952,Ingenieria Industrial,2,71.67,72307
2953,Rosa Fuentes 2953,Ingenieria Civil,3,71.84,72344
2954,Mario Lemus 2954,Ingenieria Administrativa,4,72.01,72381
2955,Paola Ortiz 2955,Ingenieria en Software,5,72.18,72418
2956,Sergio Aragon 2956,Ingenieria Mecanica,6,72.35,72455
2957,Dulce Arana 2957,Ingenieria en Sistemas,7,72.52,72492
2958,Nancy Chamalé 2958,Ingenieria Industrial,8,72.69,72529
2959,Byron Castellanos 2959,Ingenieria Civil,9,72.86,72566
2960,Helen Conoz 2960,Ingenieria Administrativa,10,73.03,72603
2961,Juan Perez 2961,Ingenieria en Software,1,73.20,72640
2962,Ana Lopez 2962,Ingenieria Mecanica,2,73.37,72677
2963,Carlos Ruiz 2963,Ingenieria en Sistemas,3,73.54,72714
2964,Maria Garcia 2964,Ingenieria Industrial,4,73.71,72751
2965,Luis Hernandez 2965,Ingenieria Civil,5,73.88,72788
2966,Sofia Morales 2966,Ingenieria Administrativa,6,74.05,72825
2967,Pedro Castillo 2967,Ingenieria en Software,7,74.22,72862
2968,Elena Pineda 2968,Ingenieria Mecanica,8,74.39,72899
2969,Jorge Contreras 2969,Ingenieria en Sistemas,9,74.56,72936
2970,Valeria Barrios 2970,Ingenieria Industrial,10,74.73,72973
2971,Karla Gomez 2971,Ingenieria Civil,1,74.90,73010
2972,Diego Navarro 2972,Ingenieria Administrativa,2,75.07,73047
2973,Rosa Fuentes 2973,Ingenieria en Software,3,75.24,73084
2974,Mario Lemus 2974,Ingenieria Mecanica,4,75.41,73121
2975,Paola Ortiz 2975,Ingenieria en Sistemas,5,75.58,73158
2976,Sergio Aragon 2976,Ingenieria Industrial,6,75.75,73195
2977,Dulce Arana 2977,Ingenieria Civil,7,75.92,73232
2978,Nancy Chamalé 2978,Ingenieria Administrativa,8,76.09,73269
2979,Byron Castellanos 2979,Ingenieria en Software,9,76.26,73306
2980,Helen Conoz 2980,Ingenieria Mecanica,10,76.43,73343
2981,Juan Perez 2981,Ingenieria en Sistemas,1,76.60,73380
2982,Ana Lopez 2982,Ingenieria Industrial,2,76.77,73417
2983,Carlos Ruiz 2983,Ingenieria Civil,3,76.94,73454
2984,Maria Garcia 2984,Ingenieria Administrativa,4,77.11,73491
2985,Luis Hernandez 2985,Ingenieria en Software,5,77.28,73528
2986,Sofia Morales 2986,Ingenieria Mecanica,6,77.45,73565
2987,Pedro Castillo 2987,Ingenieria en Sistemas,7,77.62,73602
2988,Elena Pineda 2988,Ingenieria Industrial,8,77.79,73639
2989,Jorge Contreras 2989,Ingenieria Civil,9,77.96,73676
2990,Valeria Barrios 2990,Ingenieria Administrativa,10,78.13,73713
2991,Karla Gomez 2991,Ingenieria en Software,1,78.30,73750
2992,Diego Navarro 2992,Ingenieria Mecanica,2,78.47,73787
2993,Rosa Fuentes 2993,Ingenieria en Sistemas,3,78.64,73824
2994,Mario Lemus 2994,Ingenieria Industrial,4,78.81,73861
2995,Paola Ortiz 2995,Ingenieria Civil,5,78.98,73898
2996,Sergio Aragon 2996,Ingenieria Administrativa,6,79.15,73935
2997,Dulce Arana 2997,Ingenieria en Software,7,79.32,73972
2998,Nancy Chamalé 2998,Ingenieria Mecanica,8,79.49,74009
2999,Byron Castellanos 2999,Ingenieria en Sistemas,9,79.66,74046
3000,Helen Conoz 3000,Ingenieria Industrial,10,79.83,74083
3001,Juan Perez 3001,Ingenieria Civil,1,80.00,74120
3002,Ana Lopez 3002,Ingenieria Administrativa,2,80.17,74157
3003,Carlos Ruiz 3003,Ingenieria en Software,3,80.34,74194
3004,Maria Garcia 3004,Ingenieria Mecanica,4,80.51,74231
3005,Luis Hernandez 3005,Ingenieria en Sistemas,5,80.68,74268
3006,Sofia Morales 3006,Ingenieria Industrial,6,80.85,74305
3007,Pedro Castillo 3007,Ingenieria Civil,7,81.02,74342
3008,Elena Pineda 3008,Ingenieria Administrativa,8,81.19,74379
3009,Jorge Contreras 3009,Ingenieria en Software,9,81.36,74416
3010,Valeria Barrios 3010,Ingenieria Mecanica,10,81.53,74453
3011,Karla Gomez 3011,Ingenieria en Sistemas,1,81.70,74490
3012,Diego Navarro 3012,Ingenieria Industrial,2,81.87,74527
3013,Rosa Fuentes 3013,Ingenieria Civil,3,82.04,74564
3014,Mario Lemus 3014,Ingenieria Administrativa,4,82.21,74601
3015,Paola Ortiz 3015,Ingenieria en Software,5,82.38,74638
3016,Sergio Aragon 3016,Ingenieria Mecanica,6,82.55,74675
3017,Dulce Arana 3017,Ingenieria en Sistemas,7,82.72,74712
3018,Nancy Chamalé 3018,Ingenieria Industrial,8,82.89,74749
3019,Byron Castellanos 3019,Ingenieria Civil,9,83.06,74786
3020,Helen Conoz 3020,Ingenieria Administrativa,10,83.23,74823
3021,Juan Perez 3021,Ingenieria en Software,1,83.40,74860
3022,Ana Lopez 3022,Ingenieria Mecanica,2,83.57,74897
3023,Carlos Ruiz 3023,Ingenieria en Sistemas,3,83.74,74934
3024,Maria Garcia 3024,Ingenieria Industrial,4,83.91,74971
3025,Luis Hernandez 3025,Ingenieria Civil,5,84.08,75008
3026,Sofia Morales 3026,Ingenieria Administrativa,6,84.25,75045
3027,Pedro Castillo 3027,Ingenieria en Software,7,84.42,75082
3028,Elena Pineda 3028,Ingenieria Mecanica,8,84.59,75119
3029,Jorge Contreras 3029,Ingenieria en Sistemas,9,84.76,75156
3030,Valeria Barrios 3030,Ingenieria Industrial,10,84.93,75193
3031,Karla Gomez 3031,Ingenieria Civil,1,85.10,75230
3032,Diego Navarro 3032,Ingenieria Administrativa,2,85.27,75267
3033,Rosa Fuentes 3033,Ingenieria en Software,3,85.44,75304
3034,Mario Lemus 3034,Ingenieria Mecanica,4,85.61,75341
3035,Paola Ortiz 3035,Ingenieria en Sistemas,5,85.78,75378
3036,Sergio Aragon 3036,Ingenieria Industrial,6,85.95,75415
3037,Dulce Arana 3037,Ingenieria Civil,7,86.12,75452
3038,Nancy Chamalé 3038,Ingenieria Administrativa,8,86.29,75489
3039,Byron Castellanos 3039,Ingenieria en Software,9,86.46,75526
3040,Helen Conoz 3040,Ingenieria Mecanica,10,86.63,75563
3041,Juan Perez 3041,Ingenieria en Sistemas,1,86.80,75600
3042,Ana Lopez 3042,Ingenieria Industrial,2,86.97,75637
3043,Carlos Ruiz 3043,Ingenieria Civil,3,87.14,75674
3044,Maria Garcia 3044,Ingenieria Administrativa,4,87.31,75711
3045,Luis Hernandez 3045,Ingenieria en Software,5,87.48,75748
3046,Sofia Morales 3046,Ingenieria Mecanica,6,87.65,75785
3047,Pedro Castillo 3047,Ingenieria en Sistemas,7,87.82,75822
3048,Elena Pineda 3048,Ingenieria Industrial,8,87.99,75859
3049,Jorge Contreras 3049,Ingenieria Civil,9,88.16,75896
3050,Valeria Barrios 3050,Ingenieria Administrativa,10,88.33,75933
3051,Karla Gomez 3051,Ingenieria en Software,1,88.50,75970
3052,Diego Navarro 3052,Ingenieria Mecanica,2,88.67,76007
3053,Rosa Fuentes 3053,Ingenieria en Sistemas,3,88.84,76044
3054,Mario Lemus 3054,Ingenieria Industrial,4,89.01,76081
3055,Paola Ortiz 3055,Ingenieria Civil,5,89.18,76118
3056,Sergio Aragon 3056,Ingenieria Administrativa,6,89.35,76155
3057,Dulce Arana 3057,Ingenieria en Software,7,89.52,76192
3058,Nancy Chamalé 3058,Ingenieria Mecanica,8,89.69,76229
3059,Byron Castellanos 3059,Ingenieria en Sistemas,9,89.86,76266
3060,Helen Conoz 3060,Ingenieria Industrial,10,90.03,76303
3061,Juan Perez 3061,Ingenieria Civil,1,90.20,76340
3062,Ana Lopez 3062,Ingenieria Administrativa,2,90.37,76377
3063,Carlos Ruiz 3063,Ingenieria en Software,3,90.54,76414
3064,Maria Garcia 3064,Ingenieria Mecanica,4,90.71,76451
3065,Luis Hernandez 3065,Ingenieria en Sistemas,5,90.88,76488
3066,Sofia Morales 3066,Ingenieria Industrial,6,91.05,76525
3067,Pedro Castillo 3067,Ingenieria Civil,7,91.22,76562
3068,Elena Pineda 3068,Ingenieria Administrativa,8,91.39,76599
3069,Jorge Contreras 3069,Ingenieria en Software,9,91.56,76636
3070,Valeria Barrios 3070,Ingenieria Mecanica,10,91.73,76673
3071,Karla Gomez 3071,Ingenieria en Sistemas,1,91.90,76710
3072,Diego Navarro 3072,Ingenieria Industrial,2,92.07,76747
3073,Rosa Fuentes 3073,Ingenieria Civil,3,92.24,76784
3074,Mario Lemus 3074,Ingenieria Administrativa,4,92.41,76821
3075,Paola Ortiz 3075,Ingenieria en Software,5,92.58,76858
3076,Sergio Aragon 3076,Ingenieria Mecanica,6,92.75,76895
3077,Dulce Arana 3077,Ingenieria en Sistemas,7,92.92,76932
3078,Nancy Chamalé 3078,Ingenieria Industrial,8,93.09,76969
3079,Byron Castellanos 3079,Ingenieria Civil,9,93.26,77006
3080,Helen Conoz 3080,Ingenieria Administrativa,10,93.43,77043
3081,Juan Perez 3081,Ingenieria en Software,1,93.60,77080
3082,Ana Lopez 3082,Ingenieria Mecanica,2,93.77,77117
3083,Carlos Ruiz 3083,Ingenieria en Sistemas,3,93.94,77154
3084,Maria Garcia 3084,Ingenieria Industrial,4,94.11,77191
3085,Luis Hernandez 3085,Ingenieria Civil,5,94.28,77228
3086,Sofia Morales 3086,Ingenieria Administrativa,6,94.45,77265
3087,Pedro Castillo 3087,Ingenieria en Software,7,94.62,77302
3088,Elena Pineda 3088,Ingenieria Mecanica,8,94.79,77339
3089,Jorge Contreras 3089,Ingenieria en Sistemas,9,94.96,77376
3090,Valeria Barrios 3090,Ingenieria Industrial,10,95.13,77413
3091,Karla Gomez 3091,Ingenieria Civil,1,95.30,77450
3092,Diego Navarro 3092,Ingenieria Administrativa,2,95.47,77487
3093,Rosa Fuentes 3093,Ingenieria en Software,3,95.64,77524
3094,Mario Lemus 3094,Ingenieria Mecanica,4,95.81,77561
3095,Paola Ortiz 3095,Ingenieria en Sistemas,5,95.98,77598
3096,Sergio Aragon 3096,Ingenieria Industrial,6,96.15,77635
3097,Dulce Arana 3097,Ingenieria Civil,7,96.32,77672
3098,Nancy Chamalé 3098,Ingenieria Administrativa,8,96.49,77709
3099,Byron Castellanos 3099,Ingenieria en Software,9,96.66,77746
3100,Helen Conoz 3100,Ingenieria Mecanica,10,96.83,77783
3101,Juan Perez 3101,Ingenieria en Sistemas,1,97.00,77820
3102,Ana Lopez 3102,Ingenieria Industrial,2,97.17,77857
3103,Carlos Ruiz 3103,Ingenieria Civil,3,97.34,77894
3104,Maria Garcia 3104,Ingenieria Administrativa,4,97.51,77931
3105,Luis Hernandez 3105,Ingenieria en Software,5,97.68,77968
3106,Sofia Morales 3106,Ingenieria Mecanica,6,97.85,78005
3107,Pedro Castillo 3107,Ingenieria en Sistemas,7,98.02,78042
3108,Elena Pineda 3108,Ingenieria Industrial,8,98.19,78079
3109,Jorge Contreras 3109,Ingenieria Civil,9,98.36,78116
3110,Valeria Barrios 3110,Ingenieria Administrativa,10,98.53,78153
3111,Karla Gomez 3111,Ingenieria en Software,1,98.70,78190
3112,Diego Navarro 3112,Ingenieria Mecanica,2,98.87,78227
3113,Rosa Fuentes 3113,Ingenieria en Sistemas,3,99.04,78264
3114,Mario Lemus 3114,Ingenieria Industrial,4,99.21,78301
3115,Paola Ortiz 3115,Ingenieria Civil,5,99.38,78338
3116,Sergio Aragon 3116,Ingenieria Administrativa,6,99.55,78375
3117,Dulce Arana 3117,Ingenieria en Software,7,99.72,78412
3118,Nancy Chamalé 3118,Ingenieria Mecanica,8,99.89,78449
3119,Byron Castellanos 3119,Ingenieria en Sistemas,9,60.06,78486
3120,Helen Conoz 3120,Ingenieria Industrial,10,60.23,78523
3121,Juan Perez 3121,Ingenieria Civil,1,60.40,78560
3122,Ana Lopez 3122,Ingenieria Administrativa,2,60.57,78597
3123,Carlos Ruiz 3123,Ingenieria en Software,3,60.74,78634
3124,Maria Garcia 3124,Ingenieria Mecanica,4,60.91,78671
3125,Luis Hernandez 3125,Ingenieria en Sistemas,5,61.08,78708
3126,Sofia Morales 3126,Ingenieria Industrial,6,61.25,78745
3127,Pedro Castillo 3127,Ingenieria Civil,7,61.42,78782
3128,Elena Pineda 3128,Ingenieria Administrativa,8,61.59,78819
3129,Jorge Contreras 3129,Ingenieria en Software,9,61.76,78856
3130,Valeria Barrios 3130,Ingenieria Mecanica,10,61.93,78893
3131,Karla Gomez 3131,Ingenieria en Sistemas,1,62.10,78930
3132,Diego Navarro 3132,Ingenieria Industrial,2,62.27,78967
3133,Rosa Fuentes 3133,Ingenieria Civil,3,62.44,79004
3134,Mario Lemus 3134,Ingenieria Administrativa,4,62.61,79041
3135,Paola Ortiz 3135,Ingenieria en Software,5,62.78,79078
3136,Sergio Aragon 3136,Ingenieria Mecanica,6,62.95,79115
3137,Dulce Arana 3137,Ingenieria en Sistemas,7,63.12,79152
3138,Nancy Chamalé 3138,Ingenieria Industrial,8,63.29,79189
3139,Byron Castellanos 3139,Ingenieria Civil,9,63.46,79226
3140,Helen Conoz 3140,Ingenieria Administrativa,10,63.63,79263
3141,Juan Perez 3141,Ingenieria en Software,1,63.80,79300
3142,Ana Lopez 3142,Ingenieria Mecanica,2,63.97,79337
3143,Carlos Ruiz 3143,Ingenieria en Sistemas,3,64.14,79374
3144,Maria Garcia 3144,Ingenieria Industrial,4,64.31,79411
3145,Luis Hernandez 3145,Ingenieria Civil,5,64.48,79448
3146,Sofia Morales 3146,Ingenieria Administrativa,6,64.65,79485
3147,Pedro Castillo 3147,Ingenieria en Software,7,64.82,79522
3148,Elena Pineda 3148,Ingenieria Mecanica,8,64.99,79559
3149,Jorge Contreras 3149,Ingenieria en Sistemas,9,65.16,79596
3150,Valeria Barrios 3150,Ingenieria Industrial,10,65.33,79633
3151,Karla Gomez 3151,Ingenieria Civil,1,65.50,79670
3152,Diego Navarro 3152,Ingenieria Administrativa,2,65.67,79707
3153,Rosa Fuentes 3153,Ingenieria en Software,3,65.84,79744
3154,Mario Lemus 3154,Ingenieria Mecanica,4,66.01,79781
3155,Paola Ortiz 3155,Ingenieria en Sistemas,5,66.18,79818
3156,Sergio Aragon 3156,Ingenieria Industrial,6,66.35,79855
3157,Dulce Arana 3157,Ingenieria Civil,7,66.52,79892
3158,Nancy Chamalé 3158,Ingenieria Administrativa,8,66.69,79929
3159,Byron Castellanos 3159,Ingenieria en Software,9,66.86,79966
3160,Helen Conoz 3160,Ingenieria Mecanica,10,67.03,80003
3161,Juan Perez 3161,Ingenieria en Sistemas,1,67.20,80040
3162,Ana Lopez 3162,Ingenieria Industrial,2,67.37,80077
3163,Carlos Ruiz 3163,Ingenieria Civil,3,67.54,80114
3164,Maria Garcia 3164,Ingenieria Administrativa,4,67.71,80151
3165,Luis Hernandez 3165,Ingenieria en Software,5,67.88,80188
3166,Sofia Morales 3166,Ingenieria Mecanica,6,68.05,80225
3167,Pedro Castillo 3167,Ingenieria en Sistemas,7,68.22,80262
3168,Elena Pineda 3168,Ingenieria Industrial,8,68.39,80299
3169,Jorge Contreras 3169,Ingenieria Civil,9,68.56,80336
3170,Valeria Barrios 3170,Ingenieria Administrativa,10,68.73,80373
3171,Karla Gomez 3171,Ingenieria en Software,1,68.90,80410
3172,Diego Navarro 3172,Ingenieria Mecanica,2,69.07,80447
3173,Rosa Fuentes 3173,Ingenieria en Sistemas,3,69.24,80484
3174,Mario Lemus 3174,Ingenieria Industrial,4,69.41,80521
3175,Paola Ortiz 3175,Ingenieria Civil,5,69.58,80558
3176,Sergio Aragon 3176,Ingenieria Administrativa,6,69.75,80595
3177,Dulce Arana 3177,Ingenieria en Software,7,69.92,80632
3178,Nancy Chamalé 3178,Ingenieria Mecanica,8,70.09,80669
3179,Byron Castellanos 3179,Ingenieria en Sistemas,9,70.26,80706
3180,Helen Conoz 3180,Ingenieria Industrial,10,70.43,80743
3181,Juan Perez 3181,Ingenieria Civil,1,70.60,80780
3182,Ana Lopez 3182,Ingenieria Administrativa,2,70.77,80817
3183,Carlos Ruiz 3183,Ingenieria en Software,3,70.94,80854
3184,Maria Garcia 3184,Ingenieria Mecanica,4,71.11,80891
3185,Luis Hernandez 3185,Ingenieria en Sistemas,5,71.28,80928
3186,Sofia Morales 3186,Ingenieria Industrial,6,71.45,80965
3187,Pedro Castillo 3187,Ingenieria Civil,7,71.62,81002
3188,Elena Pineda 3188,Ingenieria Administrativa,8,71.79,81039
3189,Jorge Contreras 3189,Ingenieria en Software,9,71.96,81076
3190,Valeria Barrios 3190,Ingenieria Mecanica,10,72.13,81113
3191,Karla Gomez 3191,Ingenieria en Sistemas,1,72.30,81150
3192,Diego Navarro 3192,Ingenieria Industrial,2,72.47,81187
3193,Rosa Fuentes 3193,Ingenieria Civil,3,72.64,81224
3194,Mario Lemus 3194,Ingenieria Administrativa,4,72.81,81261
3195,Paola Ortiz 3195,Ingenieria en Software,5,72.98,81298
3196,Sergio Aragon 3196,Ingenieria Mecanica,6,73.15,81335
3197,Dulce Arana 3197,Ingenieria en Sistemas,7,73.32,81372
3198,Nancy Chamalé 3198,Ingenieria Industrial,8,73.49,81409
3199,Byron Castellanos 3199,Ingenieria Civil,9,73.66,81446
3200,Helen Conoz 3200,Ingenieria Administrativa,10,73.83,81483
3201,Juan Perez 3201,Ingenieria en Software,1,74.00,81520
3202,Ana Lopez 3202,Ingenieria Mecanica,2,74.17,81557
3203,Carlos Ruiz 3203,Ingenieria en Sistemas,3,74.34,81594
3204,Maria Garcia 3204,Ingenieria Industrial,4,74.51,81631
3205,Luis Hernandez 3205,Ingenieria Civil,5,74.68,81668
3206,Sofia Morales 3206,Ingenieria Administrativa,6,74.85,81705
3207,Pedro Castillo 3207,Ingenieria en Software,7,75.02,81742
3208,Elena Pineda 3208,Ingenieria Mecanica,8,75.19,81779
3209,Jorge Contreras 3209,Ingenieria en Sistemas,9,75.36,81816
3210,Valeria Barrios 3210,Ingenieria Industrial,10,75.53,81853
3211,Karla Gomez 3211,Ingenieria Civil,1,75.70,81890
3212,Diego Navarro 3212,Ingenieria Administrativa,2,75.87,81927
3213,Rosa Fuentes 3213,Ingenieria en Software,3,76.04,81964
3214,Mario Lemus 3214,Ingenieria Mecanica,4,76.21,82001
3215,Paola Ortiz 3215,Ingenieria en Sistemas,5,76.38,82038
3216,Sergio Aragon 3216,Ingenieria Industrial,6,76.55,82075
3217,Dulce Arana 3217,Ingenieria Civil,7,76.72,82112
3218,Nancy Chamalé 3218,Ingenieria Administrativa,8,76.89,82149
3219,Byron Castellanos 3219,Ingenieria en Software,9,77.06,82186
3220,Helen Conoz 3220,Ingenieria Mecanica,10,77.23,82223
3221,Juan Perez 3221,Ingenieria en Sistemas,1,77.40,82260
3222,Ana Lopez 3222,Ingenieria Industrial,2,77.57,82297
3223,Carlos Ruiz 3223,Ingenieria Civil,3,77.74,82334
3224,Maria Garcia 3224,Ingenieria Administrativa,4,77.91,82371
3225,Luis Hernandez 3225,Ingenieria en Software,5,78.08,82408
3226,Sofia Morales 3226,Ingenieria Mecanica,6,78.25,82445
3227,Pedro Castillo 3227,Ingenieria en Sistemas,7,78.42,82482
3228,Elena Pineda 3228,Ingenieria Industrial,8,78.59,82519
3229,Jorge Contreras 3229,Ingenieria Civil,9,78.76,82556
3230,Valeria Barrios 3230,Ingenieria Administrativa,10,78.93,82593
3231,Karla Gomez 3231,Ingenieria en Software,1,79.10,82630
3232,Diego Navarro 3232,Ingenieria Mecanica,2,79.27,82667
3233,Rosa Fuentes 3233,Ingenieria en Sistemas,3,79.44,82704
3234,Mario Lemus 3234,Ingenieria Industrial,4,79.61,82741
3235,Paola Ortiz 3235,Ingenieria Civil,5,79.78,82778
3236,Sergio Aragon 3236,Ingenieria Administrativa,6,79.95,82815
3237,Dulce Arana 3237,Ingenieria en Software,7,80.12,82852
3238,Nancy Chamalé 3238,Ingenieria Mecanica,8,80.29,82889
3239,Byron Castellanos 3239,Ingenieria en Sistemas,9,80.46,82926
3240,Helen Conoz 3240,Ingenieria Industrial,10,80.63,82963
3241,Juan Perez 3241,Ingenieria Civil,1,80.80,83000
3242,Ana Lopez 3242,Ingenieria Administrativa,2,80.97,83037
3243,Carlos Ruiz 3243,Ingenieria en Software,3,81.14,83074
3244,Maria Garcia 3244,Ingenieria Mecanica,4,81.31,83111
3245,Luis Hernandez 3245,Ingenieria en Sistemas,5,81.48,83148
3246,Sofia Morales 3246,Ingenieria Industrial,6,81.65,83185
3247,Pedro Castillo 3247,Ingenieria Civil,7,81.82,83222
3248,Elena Pineda 3248,Ingenieria Administrativa,8,81.99,83259
3249,Jorge Contreras 3249,Ingenieria en Software,9,82.16,83296
3250,Valeria Barrios 3250,Ingenieria Mecanica,10,82.33,83333
3251,Karla Gomez 3251,Ingenieria en Sistemas,1,82.50,83370
3252,Diego Navarro 3252,Ingenieria Industrial,2,82.67,83407
3253,Rosa Fuentes 3253,Ingenieria Civil,3,82.84,83444
3254,Mario Lemus 3254,Ingenieria Administrativa,4,83.01,83481
3255,Paola Ortiz 3255,Ingenieria en Software,5,83.18,83518
3256,Sergio Aragon 3256,Ingenieria Mecanica,6,83.35,83555
3257,Dulce Arana 3257,Ingenieria en Sistemas,7,83.52,83592
3258,Nancy Chamalé 3258,Ingenieria Industrial,8,83.69,83629
3259,Byron Castellanos 3259,Ingenieria Civil,9,83.86,83666
3260,Helen Conoz 3260,Ingenieria Administrativa,10,84.03,83703
3261,Juan Perez 3261,Ingenieria en Software,1,84.20,83740
3262,Ana Lopez 3262,Ingenieria Mecanica,2,84.37,83777
3263,Carlos Ruiz 3263,Ingenieria en Sistemas,3,84.54,83814
3264,Maria Garcia 3264,Ingenieria Industrial,4,84.71,83851
3265,Luis Hernandez 3265,Ingenieria Civil,5,84.88,83888
3266,Sofia Morales 3266,Ingenieria Administrativa,6,85.05,83925
3267,Pedro Castillo 3267,Ingenieria en Software,7,85.22,83962
3268,Elena Pineda 3268,Ingenieria Mecanica,8,85.39,83999
3269,Jorge Contreras 3269,Ingenieria en Sistemas,9,85.56,84036
3270,Valeria Barrios 3270,Ingenieria Industrial,10,85.73,84073
3271,Karla Gomez 3271,Ingenieria Civil,1,85.90,84110
3272,Diego Navarro 3272,Ingenieria Administrativa,2,86.07,84147
3273,Rosa Fuentes 3273,Ingenieria en Software,3,86.24,84184
3274,Mario Lemus 3274,Ingenieria Mecanica,4,86.41,84221
3275,Paola Ortiz 3275,Ingenieria en Sistemas,5,86.58,84258
3276,Sergio Aragon 3276,Ingenieria Industrial,6,86.75,84295
3277,Dulce Arana 3277,Ingenieria Civil,7,86.92,84332
3278,Nancy Chamalé 3278,Ingenieria Administrativa,8,87.09,84369
3279,Byron Castellanos 3279,Ingenieria en Software,9,87.26,84406
3280,Helen Conoz 3280,Ingenieria Mecanica,10,87.43,84443
3281,Juan Perez 3281,Ingenieria en Sistemas,1,87.60,84480
3282,Ana Lopez 3282,Ingenieria Industrial,2,87.77,84517
3283,Carlos Ruiz 3283,Ingenieria Civil,3,87.94,84554
3284,Maria Garcia 3284,Ingenieria Administrativa,4,88.11,84591
3285,Luis Hernandez 3285,Ingenieria en Software,5,88.28,84628
3286,Sofia Morales 3286,Ingenieria Mecanica,6,88.45,84665
3287,Pedro Castillo 3287,Ingenieria en Sistemas,7,88.62,84702
3288,Elena Pineda 3288,Ingenieria Industrial,8,88.79,84739
3289,Jorge Contreras 3289,Ingenieria Civil,9,88.96,84776
3290,Valeria Barrios 3290,Ingenieria Administrativa,10,89.13,84813
3291,Karla Gomez 3291,Ingenieria en Software,1,89.30,84850
3292,Diego Navarro 3292,Ingenieria Mecanica,2,89.47,84887
3293,Rosa Fuentes 3293,Ingenieria en Sistemas,3,89.64,84924
3294,Mario Lemus 3294,Ingenieria Industrial,4,89.81,84961
3295,Paola Ortiz 3295,Ingenieria Civil,5,89.98,84998
3296,Sergio Aragon 3296,Ingenieria Administrativa,6,90.15,85035
3297,Dulce Arana 3297,Ingenieria en Software,7,90.32,85072
3298,Nancy Chamalé 3298,Ingenieria Mecanica,8,90.49,85109
3299,Byron Castellanos 3299,Ingenieria en Sistemas,9,90.66,85146
3300,Helen Conoz 3300,Ingenieria Industrial,10,90.83,85183
3301,Juan Perez 3301,Ingenieria Civil,1,91.00,85220
3302,Ana Lopez 3302,Ingenieria Administrativa,2,91.17,85257
3303,Carlos Ruiz 3303,Ingenieria en Software,3,91.34,85294
3304,Maria Garcia 3304,Ingenieria Mecanica,4,91.51,85331
3305,Luis Hernandez 3305,Ingenieria en Sistemas,5,91.68,85368
3306,Sofia Morales 3306,Ingenieria Industrial,6,91.85,85405
3307,Pedro Castillo 3307,Ingenieria Civil,7,92.02,85442
3308,Elena Pineda 3308,Ingenieria Administrativa,8,92.19,85479
3309,Jorge Contreras 3309,Ingenieria en Software,9,92.36,85516
3310,Valeria Barrios 3310,Ingenieria Mecanica,10,92.53,85553
3311,Karla Gomez 3311,Ingenieria en Sistemas,1,92.70,85590
3312,Diego Navarro 3312,Ingenieria Industrial,2,92.87,85627
3313,Rosa Fuentes 3313,Ingenieria Civil,3,93.04,85664
3314,Mario Lemus 3314,Ingenieria Administrativa,4,93.21,85701
3315,Paola Ortiz 3315,Ingenieria en Software,5,93.38,85738
3316,Sergio Aragon 3316,Ingenieria Mecanica,6,93.55,85775
3317,Dulce Arana 3317,Ingenieria en Sistemas,7,93.72,85812
3318,Nancy Chamalé 3318,Ingenieria Industrial,8,93.89,85849
3319,Byron Castellanos 3319,Ingenieria Civil,9,94.06,85886
3320,Helen Conoz 3320,Ingenieria Administrativa,10,94.23,85923
3321,Juan Perez 3321,Ingenieria en Software,1,94.40,85960
3322,Ana Lopez 3322,Ingenieria Mecanica,2,94.57,85997
3323,Carlos Ruiz 3323,Ingenieria en Sistemas,3,94.74,86034
3324,Maria Garcia 3324,Ingenieria Industrial,4,94.91,86071
3325,Luis Hernandez 3325,Ingenieria Civil,5,95.08,86108
3326,Sofia Morales 3326,Ingenieria Administrativa,6,95.25,86145
3327,Pedro Castillo 3327,Ingenieria en Software,7,95.42,86182
3328,Elena Pineda 3328,Ingenieria Mecanica,8,95.59,86219
3329,Jorge Contreras 3329,Ingenieria en Sistemas,9,95.76,86256
3330,Valeria Barrios 3330,Ingenieria Industrial,10,95.93,86293
3331,Karla Gomez 3331,Ingenieria Civil,1,96.10,86330
3332,Diego Navarro 3332,Ingenieria Administrativa,2,96.27,86367
3333,Rosa Fuentes 3333,Ingenieria en Software,3,96.44,86404
3334,Mario Lemus 3334,Ingenieria Mecanica,4,96.61,86441
3335,Paola Ortiz 3335,Ingenieria en Sistemas,5,96.78,86478
3336,Sergio Aragon 3336,Ingenieria Industrial,6,96.95,86515
3337,Dulce Arana 3337,Ingenieria Civil,7,97.12,86552
3338,Nancy Chamalé 3338,Ingenieria Administrativa,8,97.29,86589
3339,Byron Castellanos 3339,Ingenieria en Software,9,97.46,86626
3340,Helen Conoz 3340,Ingenieria Mecanica,10,97.63,86663
3341,Juan Perez 3341,Ingenieria en Sistemas,1,97.80,86700
3342,Ana Lopez 3342,Ingenieria Industrial,2,97.97,86737
3343,Carlos Ruiz 3343,Ingenieria Civil,3,98.14,86774
3344,Maria Garcia 3344,Ingenieria Administrativa,4,98.31,86811
3345,Luis Hernandez 3345,Ingenieria en Software,5,98.48,86848
3346,Sofia Morales 3346,Ingenieria Mecanica,6,98.65,86885
3347,Pedro Castillo 3347,Ingenieria en Sistemas,7,98.82,86922
3348,Elena Pineda 3348,Ingenieria Industrial,8,98.99,86959
3349,Jorge Contreras 3349,Ingenieria Civil,9,99.16,86996
3350,Valeria Barrios 3350,Ingenieria Administrativa,10,99.33,87033
3351,Karla Gomez 3351,Ingenieria en Software,1,99.50,87070
3352,Diego Navarro 3352,Ingenieria Mecanica,2,99.67,87107
3353,Rosa Fuentes 3353,Ingenieria en Sistemas,3,99.84,87144
3354,Mario Lemus 3354,Ingenieria Industrial,4,60.01,87181
3355,Paola Ortiz 3355,Ingenieria Civil,5,60.18,87218
3356,Sergio Aragon 3356,Ingenieria Administrativa,6,60.35,87255
3357,Dulce Arana 3357,Ingenieria en Software,7,60.52,87292
3358,Nancy Chamalé 3358,Ingenieria Mecanica,8,60.69,87329
3359,Byron Castellanos 3359,Ingenieria en Sistemas,9,60.86,87366
3360,Helen Conoz 3360,Ingenieria Industrial,10,61.03,87403
3361,Juan Perez 3361,Ingenieria Civil,1,61.20,87440
3362,Ana Lopez 3362,Ingenieria Administrativa,2,61.37,87477
3363,Carlos Ruiz 3363,Ingenieria en Software,3,61.54,87514
3364,Maria Garcia 3364,Ingenieria Mecanica,4,61.71,87551
3365,Luis Hernandez 3365,Ingenieria en Sistemas,5,61.88,87588
3366,Sofia Morales 3366,Ingenieria Industrial,6,62.05,87625
3367,Pedro Castillo 3367,Ingenieria Civil,7,62.22,87662
3368,Elena Pineda 3368,Ingenieria Administrativa,8,62.39,87699
3369,Jorge Contreras 3369,Ingenieria en Software,9,62.56,87736
3370,Valeria Barrios 3370,Ingenieria Mecanica,10,62.73,87773
3371,Karla Gomez 3371,Ingenieria en Sistemas,1,62.90,87810
3372,Diego Navarro 3372,Ingenieria Industrial,2,63.07,87847
3373,Rosa Fuentes 3373,Ingenieria Civil,3,63.24,87884
3374,Mario Lemus 3374,Ingenieria Administrativa,4,63.41,87921
3375,Paola Ortiz 3375,Ingenieria en Software,5,63.58,87958
3376,Sergio Aragon 3376,Ingenieria Mecanica,6,63.75,87995
3377,Dulce Arana 3377,Ingenieria en Sistemas,7,63.92,88032
3378,Nancy Chamalé 3378,Ingenieria Industrial,8,64.09,88069
3379,Byron Castellanos 3379,Ingenieria Civil,9,64.26,88106
3380,Helen Conoz 3380,Ingenieria Administrativa,10,64.43,88143
3381,Juan Perez 3381,Ingenieria en Software,1,64.60,88180
3382,Ana Lopez 3382,Ingenieria Mecanica,2,64.77,88217
3383,Carlos Ruiz 3383,Ingenieria en Sistemas,3,64.94,88254
3384,Maria Garcia 3384,Ingenieria Industrial,4,65.11,88291
3385,Luis Hernandez 3385,Ingenieria Civil,5,65.28,88328
3386,Sofia Morales 3386,Ingenieria Administrativa,6,65.45,88365
3387,Pedro Castillo 3387,Ingenieria en Software,7,65.62,88402
3388,Elena Pineda 3388,Ingenieria Mecanica,8,65.79,88439
3389,Jorge Contreras 3389,Ingenieria en Sistemas,9,65.96,88476
3390,Valeria Barrios 3390,Ingenieria Industrial,10,66.13,88513
3391,Karla Gomez 3391,Ingenieria Civil,1,66.30,88550
3392,Diego Navarro 3392,Ingenieria Administrativa,2,66.47,88587
3393,Rosa Fuentes 3393,Ingenieria en Software,3,66.64,88624
3394,Mario Lemus 3394,Ingenieria Mecanica,4,66.81,88661
3395,Paola Ortiz 3395,Ingenieria en Sistemas,5,66.98,88698
3396,Sergio Aragon 3396,Ingenieria Industrial,6,67.15,88735
3397,Dulce Arana 3397,Ingenieria Civil,7,67.32,88772
3398,Nancy Chamalé 3398,Ingenieria Administrativa,8,67.49,88809
3399,Byron Castellanos 3399,Ingenieria en Software,9,67.66,88846
3400,Helen Conoz 3400,Ingenieria Mecanica,10,67.83,88883
3401,Juan Perez 3401,Ingenieria en Sistemas,1,68.00,88920
3402,Ana Lopez 3402,Ingenieria Industrial,2,68.17,88957
3403,Carlos Ruiz 3403,Ingenieria Civil,3,68.34,88994
3404,Maria Garcia 3404,Ingenieria Administrativa,4,68.51,89031
3405,Luis Hernandez 3405,Ingenieria en Software,5,68.68,89068
3406,Sofia Morales 3406,Ingenieria Mecanica,6,68.85,89105
3407,Pedro Castillo 3407,Ingenieria en Sistemas,7,69.02,89142
3408,Elena Pineda 3408,Ingenieria Industrial,8,69.19,89179
3409,Jorge Contreras 3409,Ingenieria Civil,9,69.36,89216
3410,Valeria Barrios 3410,Ingenieria Administrativa,10,69.53,89253
3411,Karla Gomez 3411,Ingenieria en Software,1,69.70,89290
3412,Diego Navarro 3412,Ingenieria Mecanica,2,69.87,89327
3413,Rosa Fuentes 3413,Ingenieria en Sistemas,3,70.04,89364
3414,Mario Lemus 3414,Ingenieria Industrial,4,70.21,89401
3415,Paola Ortiz 3415,Ingenieria Civil,5,70.38,89438
3416,Sergio Aragon 3416,Ingenieria Administrativa,6,70.55,89475
3417,Dulce Arana 3417,Ingenieria en Software,7,70.72,89512
3418,Nancy Chamalé 3418,Ingenieria Mecanica,8,70.89,89549
3419,Byron Castellanos 3419,Ingenieria en Sistemas,9,71.06,89586
3420,Helen Conoz 3420,Ingenieria Industrial,10,71.23,89623
3421,Juan Perez 3421,Ingenieria Civil,1,71.40,89660
3422,Ana Lopez 3422,Ingenieria Administrativa,2,71.57,89697
3423,Carlos Ruiz 3423,Ingenieria en Software,3,71.74,89734
3424,Maria Garcia 3424,Ingenieria Mecanica,4,71.91,89771
3425,Luis Hernandez 3425,Ingenieria en Sistemas,5,72.08,89808
3426,Sofia Morales 3426,Ingenieria Industrial,6,72.25,89845
3427,Pedro Castillo 3427,Ingenieria Civil,7,72.42,89882
3428,Elena Pineda 3428,Ingenieria Administrativa,8,72.59,89919
3429,Jorge Contreras 3429,Ingenieria en Software,9,72.76,89956
3430,Valeria Barrios 3430,Ingenieria Mecanica,10,72.93,89993
3431,Karla Gomez 3431,Ingenieria en Sistemas,1,73.10,90030
3432,Diego Navarro 3432,Ingenieria Industrial,2,73.27,90067
3433,Rosa Fuentes 3433,Ingenieria Civil,3,73.44,90104
3434,Mario Lemus 3434,Ingenieria Administrativa,4,73.61,90141
3435,Paola Ortiz 3435,Ingenieria en Software,5,73.78,90178
3436,Sergio Aragon 3436,Ingenieria Mecanica,6,73.95,90215
3437,Dulce Arana 3437,Ingenieria en Sistemas,7,74.12,90252
3438,Nancy Chamalé 3438,Ingenieria Industrial,8,74.29,90289
3439,Byron Castellanos 3439,Ingenieria Civil,9,74.46,90326
3440,Helen Conoz 3440,Ingenieria Administrativa,10,74.63,90363
3441,Juan Perez 3441,Ingenieria en Software,1,74.80,90400
3442,Ana Lopez 3442,Ingenieria Mecanica,2,74.97,90437
3443,Carlos Ruiz 3443,Ingenieria en Sistemas,3,75.14,90474
3444,Maria Garcia 3444,Ingenieria Industrial,4,75.31,90511
3445,Luis Hernandez 3445,Ingenieria Civil,5,75.48,90548
3446,Sofia Morales 3446,Ingenieria Administrativa,6,75.65,90585
3447,Pedro Castillo 3447,Ingenieria en Software,7,75.82,90622
3448,Elena Pineda 3448,Ingenieria Mecanica,8,75.99,90659
3449,Jorge Contreras 3449,Ingenieria en Sistemas,9,76.16,90696
3450,Valeria Barrios 3450,Ingenieria Industrial,10,76.33,90733
3451,Karla Gomez 3451,Ingenieria Civil,1,76.50,90770
3452,Diego Navarro 3452,Ingenieria Administrativa,2,76.67,90807
3453,Rosa Fuentes 3453,Ingenieria en Software,3,76.84,90844
3454,Mario Lemus 3454,Ingenieria Mecanica,4,77.01,90881
3455,Paola Ortiz 3455,Ingenieria en Sistemas,5,77.18,90918
3456,Sergio Aragon 3456,Ingenieria Industrial,6,77.35,90955
3457,Dulce Arana 3457,Ingenieria Civil,7,77.52,90992
3458,Nancy Chamalé 3458,Ingenieria Administrativa,8,77.69,91029
3459,Byron Castellanos 3459,Ingenieria en Software,9,77.86,91066
3460,Helen Conoz 3460,Ingenieria Mecanica,10,78.03,91103
3461,Juan Perez 3461,Ingenieria en Sistemas,1,78.20,91140
3462,Ana Lopez 3462,Ingenieria Industrial,2,78.37,91177
3463,Carlos Ruiz 3463,Ingenieria Civil,3,78.54,91214
3464,Maria Garcia 3464,Ingenieria Administrativa,4,78.71,91251
3465,Luis Hernandez 3465,Ingenieria en Software,5,78.88,91288
3466,Sofia Morales 3466,Ingenieria Mecanica,6,79.05,91325
3467,Pedro Castillo 3467,Ingenieria en Sistemas,7,79.22,91362
3468,Elena Pineda 3468,Ingenieria Industrial,8,79.39,91399
3469,Jorge Contreras 3469,Ingenieria Civil,9,79.56,91436
3470,Valeria Barrios 3470,Ingenieria Administrativa,10,79.73,91473
3471,Karla Gomez 3471,Ingenieria en Software,1,79.90,91510
3472,Diego Navarro 3472,Ingenieria Mecanica,2,80.07,91547
3473,Rosa Fuentes 3473,Ingenieria en Sistemas,3,80.24,91584
3474,Mario Lemus 3474,Ingenieria Industrial,4,80.41,91621
3475,Paola Ortiz 3475,Ingenieria Civil,5,80.58,91658
3476,Sergio Aragon 3476,Ingenieria Administrativa,6,80.75,91695
3477,Dulce Arana 3477,Ingenieria en Software,7,80.92,91732
3478,Nancy Chamalé 3478,Ingenieria Mecanica,8,81.09,91769
3479,Byron Castellanos 3479,Ingenieria en Sistemas,9,81.26,91806
3480,Helen Conoz 3480,Ingenieria Industrial,10,81.43,91843
3481,Juan Perez 3481,Ingenieria Civil,1,81.60,91880
3482,Ana Lopez 3482,Ingenieria Administrativa,2,81.77,91917
3483,Carlos Ruiz 3483,Ingenieria en Software,3,81.94,91954
3484,Maria Garcia 3484,Ingenieria Mecanica,4,82.11,91991
3485,Luis Hernandez 3485,Ingenieria en Sistemas,5,82.28,92028
3486,Sofia Morales 3486,Ingenieria Industrial,6,82.45,92065
3487,Pedro Castillo 3487,Ingenieria Civil,7,82.62,92102
3488,Elena Pineda 3488,Ingenieria Administrativa,8,82.79,92139
3489,Jorge Contreras 3489,Ingenieria en Software,9,82.96,92176
3490,Valeria Barrios 3490,Ingenieria Mecanica,10,83.13,92213
3491,Karla Gomez 3491,Ingenieria en Sistemas,1,83.30,92250
3492,Diego Navarro 3492,Ingenieria Industrial,2,83.47,92287
3493,Rosa Fuentes 3493,Ingenieria Civil,3,83.64,92324
3494,Mario Lemus 3494,Ingenieria Administrativa,4,83.81,92361
3495,Paola Ortiz 3495,Ingenieria en Software,5,83.98,92398
3496,Sergio Aragon 3496,Ingenieria Mecanica,6,84.15,92435
3497,Dulce Arana 3497,Ingenieria en Sistemas,7,84.32,92472
3498,Nancy Chamalé 3498,Ingenieria Industrial,8,84.49,92509
3499,Byron Castellanos 3499,Ingenieria Civil,9,84.66,92546
3500,Helen Conoz 3500,Ingenieria Administrativa,10,84.83,92583
3501,Juan Perez 3501,Ingenieria en Software,1,85.00,92620
3502,Ana Lopez 3502,Ingenieria Mecanica,2,85.17,92657
3503,Carlos Ruiz 3503,Ingenieria en Sistemas,3,85.34,92694
3504,Maria Garcia 3504,Ingenieria Industrial,4,85.51,92731
3505,Luis Hernandez 3505,Ingenieria Civil,5,85.68,92768
3506,Sofia Morales 3506,Ingenieria Administrativa,6,85.85,92805
3507,Pedro Castillo 3507,Ingenieria en Software,7,86.02,92842
3508,Elena Pineda 3508,Ingenieria Mecanica,8,86.19,92879
3509,Jorge Contreras 3509,Ingenieria en Sistemas,9,86.36,92916
3510,Valeria Barrios 3510,Ingenieria Industrial,10,86.53,92953
3511,Karla Gomez 3511,Ingenieria Civil,1,86.70,92990
3512,Diego Navarro 3512,Ingenieria Administrativa,2,86.87,93027
3513,Rosa Fuentes 3513,Ingenieria en Software,3,87.04,93064
3514,Mario Lemus 3514,Ingenieria Mecanica,4,87.21,93101
3515,Paola Ortiz 3515,Ingenieria en Sistemas,5,87.38,93138
3516,Sergio Aragon 3516,Ingenieria Industrial,6,87.55,93175
3517,Dulce Arana 3517,Ingenieria Civil,7,87.72,93212
3518,Nancy Chamalé 3518,Ingenieria Administrativa,8,87.89,93249
3519,Byron Castellanos 3519,Ingenieria en Software,9,88.06,93286
3520,Helen Conoz 3520,Ingenieria Mecanica,10,88.23,93323
3521,Juan Perez 3521,Ingenieria en Sistemas,1,88.40,93360
3522,Ana Lopez 3522,Ingenieria Industrial,2,88.57,93397
3523,Carlos Ruiz 3523,Ingenieria Civil,3,88.74,93434
3524,Maria Garcia 3524,Ingenieria Administrativa,4,88.91,93471
3525,Luis Hernandez 3525,Ingenieria en Software,5,89.08,93508
3526,Sofia Morales 3526,Ingenieria Mecanica,6,89.25,93545
3527,Pedro Castillo 3527,Ingenieria en Sistemas,7,89.42,93582
3528,Elena Pineda 3528,Ingenieria Industrial,8,89.59,93619
3529,Jorge Contreras 3529,Ingenieria Civil,9,89.76,93656
3530,Valeria Barrios 3530,Ingenieria Administrativa,10,89.93,93693
3531,Karla Gomez 3531,Ingenieria en Software,1,90.10,93730
3532,Diego Navarro 3532,Ingenieria Mecanica,2,90.27,93767
3533,Rosa Fuentes 3533,Ingenieria en Sistemas,3,90.44,93804
3534,Mario Lemus 3534,Ingenieria Industrial,4,90.61,93841
3535,Paola Ortiz 3535,Ingenieria Civil,5,90.78,93878
3536,Sergio Aragon 3536,Ingenieria Administrativa,6,90.95,93915
3537,Dulce Arana 3537,Ingenieria en Software,7,91.12,93952
3538,Nancy Chamalé 3538,Ingenieria Mecanica,8,91.29,93989
3539,Byron Castellanos 3539,Ingenieria en Sistemas,9,91.46,94026
3540,Helen Conoz 3540,Ingenieria Industrial,10,91.63,94063
3541,Juan Perez 3541,Ingenieria Civil,1,91.80,94100
3542,Ana Lopez 3542,Ingenieria Administrativa,2,91.97,94137
3543,Carlos Ruiz 3543,Ingenieria en Software,3,92.14,94174
3544,Maria Garcia 3544,Ingenieria Mecanica,4,92.31,94211
3545,Luis Hernandez 3545,Ingenieria en Sistemas,5,92.48,94248
3546,Sofia Morales 3546,Ingenieria Industrial,6,92.65,94285
3547,Pedro Castillo 3547,Ingenieria Civil,7,92.82,94322
3548,Elena Pineda 3548,Ingenieria Administrativa,8,92.99,94359
3549,Jorge Contreras 3549,Ingenieria en Software,9,93.16,94396
3550,Valeria Barrios 3550,Ingenieria Mecanica,10,93.33,94433
3551,Karla Gomez 3551,Ingenieria en Sistemas,1,93.50,94470
3552,Diego Navarro 3552,Ingenieria Industrial,2,93.67,94507
3553,Rosa Fuentes 3553,Ingenieria Civil,3,93.84,94544
3554,Mario Lemus 3554,Ingenieria Administrativa,4,94.01,94581
3555,Paola Ortiz 3555,Ingenieria en Software,5,94.18,94618
3556,Sergio Aragon 3556,Ingenieria Mecanica,6,94.35,94655
3557,Dulce Arana 3557,Ingenieria en Sistemas,7,94.52,94692
3558,Nancy Chamalé 3558,Ingenieria Industrial,8,94.69,94729
3559,Byron Castellanos 3559,Ingenieria Civil,9,94.86,94766
3560,Helen Conoz 3560,Ingenieria Administrativa,10,95.03,94803
3561,Juan Perez 3561,Ingenieria en Software,1,95.20,94840
3562,Ana Lopez 3562,Ingenieria Mecanica,2,95.37,94877
3563,Carlos Ruiz 3563,Ingenieria en Sistemas,3,95.54,94914
3564,Maria Garcia 3564,Ingenieria Industrial,4,95.71,94951
3565,Luis Hernandez 3565,Ingenieria Civil,5,95.88,94988
3566,Sofia Morales 3566,Ingenieria Administrativa,6,96.05,95025
3567,Pedro Castillo 3567,Ingenieria en Software,7,96.22,95062
3568,Elena Pineda 3568,Ingenieria Mecanica,8,96.39,95099
3569,Jorge Contreras 3569,Ingenieria en Sistemas,9,96.56,95136
3570,Valeria Barrios 3570,Ingenieria Industrial,10,96.73,95173
3571,Karla Gomez 3571,Ingenieria Civil,1,96.90,95210
3572,Diego Navarro 3572,Ingenieria Administrativa,2,97.07,95247
3573,Rosa Fuentes 3573,Ingenieria en Software,3,97.24,95284
3574,Mario Lemus 3574,Ingenieria Mecanica,4,97.41,95321
3575,Paola Ortiz 3575,Ingenieria en Sistemas,5,97.58,95358
3576,Sergio Aragon 3576,Ingenieria Industrial,6,97.75,95395
3577,Dulce Arana 3577,Ingenieria Civil,7,97.92,95432
3578,Nancy Chamalé 3578,Ingenieria Administrativa,8,98.09,95469
3579,Byron Castellanos 3579,Ingenieria en Software,9,98.26,95506
3580,Helen Conoz 3580,Ingenieria Mecanica,10,98.43,95543
3581,Juan Perez 3581,Ingenieria en Sistemas,1,98.60,95580
3582,Ana Lopez 3582,Ingenieria Industrial,2,98.77,95617
3583,Carlos Ruiz 3583,Ingenieria Civil,3,98.94,95654
3584,Maria Garcia 3584,Ingenieria Administrativa,4,99.11,95691
3585,Luis Hernandez 3585,Ingenieria en Software,5,99.28,95728
3586,Sofia Morales 3586,Ingenieria Mecanica,6,99.45,95765
3587,Pedro Castillo 3587,Ingenieria en Sistemas,7,99.62,95802
3588,Elena Pineda 3588,Ingenieria Industrial,8,99.79,95839
3589,Jorge Contreras 3589,Ingenieria Civil,9,99.96,95876
3590,Valeria Barrios 3590,Ingenieria Administrativa,10,60.13,95913
3591,Karla Gomez 3591,Ingenieria en Software,1,60.30,95950
3592,Diego Navarro 3592,Ingenieria Mecanica,2,60.47,95987
3593,Rosa Fuentes 3593,Ingenieria en Sistemas,3,60.64,96024
3594,Mario Lemus 3594,Ingenieria Industrial,4,60.81,96061
3595,Paola Ortiz 3595,Ingenieria Civil,5,60.98,96098
3596,Sergio Aragon 3596,Ingenieria Administrativa,6,61.15,96135
3597,Dulce Arana 3597,Ingenieria en Software,7,61.32,96172
3598,Nancy Chamalé 3598,Ingenieria Mecanica,8,61.49,96209
3599,Byron Castellanos 3599,Ingenieria en Sistemas,9,61.66,96246
3600,Helen Conoz 3600,Ingenieria Industrial,10,61.83,96283
3601,Juan Perez 3601,Ingenieria Civil,1,62.00,96320
3602,Ana Lopez 3602,Ingenieria Administrativa,2,62.17,96357
3603,Carlos Ruiz 3603,Ingenieria en Software,3,62.34,96394
3604,Maria Garcia 3604,Ingenieria Mecanica,4,62.51,96431
3605,Luis Hernandez 3605,Ingenieria en Sistemas,5,62.68,96468
3606,Sofia Morales 3606,Ingenieria Industrial,6,62.85,96505
3607,Pedro Castillo 3607,Ingenieria Civil,7,63.02,96542
3608,Elena Pineda 3608,Ingenieria Administrativa,8,63.19,96579
3609,Jorge Contreras 3609,Ingenieria en Software,9,63.36,96616
3610,Valeria Barrios 3610,Ingenieria Mecanica,10,63.53,96653
3611,Karla Gomez 3611,Ingenieria en Sistemas,1,63.70,96690
3612,Diego Navarro 3612,Ingenieria Industrial,2,63.87,96727
3613,Rosa Fuentes 3613,Ingenieria Civil,3,64.04,96764
3614,Mario Lemus 3614,Ingenieria Administrativa,4,64.21,96801
3615,Paola Ortiz 3615,Ingenieria en Software,5,64.38,96838
3616,Sergio Aragon 3616,Ingenieria Mecanica,6,64.55,96875
3617,Dulce Arana 3617,Ingenieria en Sistemas,7,64.72,96912
3618,Nancy Chamalé 3618,Ingenieria Industrial,8,64.89,96949
3619,Byron Castellanos 3619,Ingenieria Civil,9,65.06,96986
3620,Helen Conoz 3620,Ingenieria Administrativa,10,65.23,97023
3621,Juan Perez 3621,Ingenieria en Software,1,65.40,97060
3622,Ana Lopez 3622,Ingenieria Mecanica,2,65.57,97097
3623,Carlos Ruiz 3623,Ingenieria en Sistemas,3,65.74,97134
3624,Maria Garcia 3624,Ingenieria Industrial,4,65.91,97171
3625,Luis Hernandez 3625,Ingenieria Civil,5,66.08,97208
3626,Sofia Morales 3626,Ingenieria Administrativa,6,66.25,97245
3627,Pedro Castillo 3627,Ingenieria en Software,7,66.42,97282
3628,Elena Pineda 3628,Ingenieria Mecanica,8,66.59,97319
3629,Jorge Contreras 3629,Ingenieria en Sistemas,9,66.76,97356
3630,Valeria Barrios 3630,Ingenieria Industrial,10,66.93,97393
3631,Karla Gomez 3631,Ingenieria Civil,1,67.10,97430
3632,Diego Navarro 3632,Ingenieria Administrativa,2,67.27,97467
3633,Rosa Fuentes 3633,Ingenieria en Software,3,67.44,97504
3634,Mario Lemus 3634,Ingenieria Mecanica,4,67.61,97541
3635,Paola Ortiz 3635,Ingenieria en Sistemas,5,67.78,97578
3636,Sergio Aragon 3636,Ingenieria Industrial,6,67.95,97615
3637,Dulce Arana 3637,Ingenieria Civil,7,68.12,97652
3638,Nancy Chamalé 3638,Ingenieria Administrativa,8,68.29,97689
3639,Byron Castellanos 3639,Ingenieria en Software,9,68.46,97726
3640,Helen Conoz 3640,Ingenieria Mecanica,10,68.63,97763
3641,Juan Perez 3641,Ingenieria en Sistemas,1,68.80,97800
3642,Ana Lopez 3642,Ingenieria Industrial,2,68.97,97837
3643,Carlos Ruiz 3643,Ingenieria Civil,3,69.14,97874
3644,Maria Garcia 3644,Ingenieria Administrativa,4,69.31,97911
3645,Luis Hernandez 3645,Ingenieria en Software,5,69.48,97948
3646,Sofia Morales 3646,Ingenieria Mecanica,6,69.65,97985
3647,Pedro Castillo 3647,Ingenieria en Sistemas,7,69.82,98022
3648,Elena Pineda 3648,Ingenieria Industrial,8,69.99,98059
3649,Jorge Contreras 3649,Ingenieria Civil,9,70.16,98096
3650,Valeria Barrios 3650,Ingenieria Administrativa,10,70.33,98133
3651,Karla Gomez 3651,Ingenieria en Software,1,70.50,98170
3652,Diego Navarro 3652,Ingenieria Mecanica,2,70.67,98207
3653,Rosa Fuentes 3653,Ingenieria en Sistemas,3,70.84,98244
3654,Mario Lemus 3654,Ingenieria Industrial,4,71.01,98281
3655,Paola Ortiz 3655,Ingenieria Civil,5,71.18,98318
3656,Sergio Aragon 3656,Ingenieria Administrativa,6,71.35,98355
3657,Dulce Arana 3657,Ingenieria en Software,7,71.52,98392
3658,Nancy Chamalé 3658,Ingenieria Mecanica,8,71.69,98429
3659,Byron Castellanos 3659,Ingenieria en Sistemas,9,71.86,98466
3660,Helen Conoz 3660,Ingenieria Industrial,10,72.03,98503
3661,Juan Perez 3661,Ingenieria Civil,1,72.20,98540
3662,Ana Lopez 3662,Ingenieria Administrativa,2,72.37,98577
3663,Carlos Ruiz 3663,Ingenieria en Software,3,72.54,98614
3664,Maria Garcia 3664,Ingenieria Mecanica,4,72.71,98651
3665,Luis Hernandez 3665,Ingenieria en Sistemas,5,72.88,98688
3666,Sofia Morales 3666,Ingenieria Industrial,6,73.05,98725
3667,Pedro Castillo 3667,Ingenieria Civil,7,73.22,98762
3668,Elena Pineda 3668,Ingenieria Administrativa,8,73.39,98799
3669,Jorge Contreras 3669,Ingenieria en Software,9,73.56,98836
3670,Valeria Barrios 3670,Ingenieria Mecanica,10,73.73,98873
3671,Karla Gomez 3671,Ingenieria en Sistemas,1,73.90,98910
3672,Diego Navarro 3672,Ingenieria Industrial,2,74.07,98947
3673,Rosa Fuentes 3673,Ingenieria Civil,3,74.24,98984
3674,Mario Lemus 3674,Ingenieria Administrativa,4,74.41,99021
3675,Paola Ortiz 3675,Ingenieria en Software,5,74.58,99058
3676,Sergio Aragon 3676,Ingenieria Mecanica,6,74.75,99095
3677,Dulce Arana 3677,Ingenieria en Sistemas,7,74.92,99132
3678,Nancy Chamalé 3678,Ingenieria Industrial,8,75.09,99169
3679,Byron Castellanos 3679,Ingenieria Civil,9,75.26,99206
3680,Helen Conoz 3680,Ingenieria Administrativa,10,75.43,99243
3681,Juan Perez 3681,Ingenieria en Software,1,75.60,99280
3682,Ana Lopez 3682,Ingenieria Mecanica,2,75.77,99317
3683,Carlos Ruiz 3683,Ingenieria en Sistemas,3,75.94,99354
3684,Maria Garcia 3684,Ingenieria Industrial,4,76.11,99391
3685,Luis Hernandez 3685,Ingenieria Civil,5,76.28,99428
3686,Sofia Morales 3686,Ingenieria Administrativa,6,76.45,99465
3687,Pedro Castillo 3687,Ingenieria en Software,7,76.62,99502
3688,Elena Pineda 3688,Ingenieria Mecanica,8,76.79,99539
3689,Jorge Contreras 3689,Ingenieria en Sistemas,9,76.96,99576
3690,Valeria Barrios 3690,Ingenieria Industrial,10,77.13,99613
3691,Karla Gomez 3691,Ingenieria Civil,1,77.30,99650
3692,Diego Navarro 3692,Ingenieria Administrativa,2,77.47,99687
3693,Rosa Fuentes 3693,Ingenieria en Software,3,77.64,99724
3694,Mario Lemus 3694,Ingenieria Mecanica,4,77.81,99761
3695,Paola Ortiz 3695,Ingenieria en Sistemas,5,77.98,99798
3696,Sergio Aragon 3696,Ingenieria Industrial,6,78.15,99835
3697,Dulce Arana 3697,Ingenieria Civil,7,78.32,99872
3698,Nancy Chamalé 3698,Ingenieria Administrativa,8,78.49,99909
3699,Byron Castellanos 3699,Ingenieria en Software,9,78.66,99946
3700,Helen Conoz 3700,Ingenieria Mecanica,10,78.83,99983
3701,Juan Perez 3701,Ingenieria en Sistemas,1,79.00,20
3702,Ana Lopez 3702,Ingenieria Industrial,2,79.17,57
3703,Carlos Ruiz 3703,Ingenieria Civil,3,79.34,94
3704,Maria Garcia 3704,Ingenieria Administrativa,4,79.51,131
3705,Luis Hernandez 3705,Ingenieria en Software,5,79.68,168
3706,Sofia Morales 3706,Ingenieria Mecanica,6,79.85,205
3707,Pedro Castillo 3707,Ingenieria en Sistemas,7,80.02,242
3708,Elena Pineda 3708,Ingenieria Industrial,8,80.19,279
3709,Jorge Contreras 3709,Ingenieria Civil,9,80.36,316
3710,Valeria Barrios 3710,Ingenieria Administrativa,10,80.53,353
3711,Karla Gomez 3711,Ingenieria en Software,1,80.70,390
3712,Diego Navarro 3712,Ingenieria Mecanica,2,80.87,427
3713,Rosa Fuentes 3713,Ingenieria en Sistemas,3,81.04,464
3714,Mario Lemus 3714,Ingenieria Industrial,4,81.21,501
3715,Paola Ortiz 3715,Ingenieria Civil,5,81.38,538
3716,Sergio Aragon 3716,Ingenieria Administrativa,6,81.55,575
3717,Dulce Arana 3717,Ingenieria en Software,7,81.72,612
3718,Nancy Chamalé 3718,Ingenieria Mecanica,8,81.89,649
3719,Byron Castellanos 3719,Ingenieria en Sistemas,9,82.06,686
3720,Helen Conoz 3720,Ingenieria Industrial,10,82.23,723
3721,Juan Perez 3721,Ingenieria Civil,1,82.40,760
3722,Ana Lopez 3722,Ingenieria Administrativa,2,82.57,797
3723,Carlos Ruiz 3723,Ingenieria en Software,3,82.74,834
3724,Maria Garcia 3724,Ingenieria Mecanica,4,82.91,871
3725,Luis Hernandez 3725,Ingenieria en Sistemas,5,83.08,908
3726,Sofia Morales 3726,Ingenieria Industrial,6,83.25,945
3727,Pedro Castillo 3727,Ingenieria Civil,7,83.42,982
3728,Elena Pineda 3728,Ingenieria Administrativa,8,83.59,1019
3729,Jorge Contreras 3729,Ingenieria en Software,9,83.76,1056
3730,Valeria Barrios 3730,Ingenieria Mecanica,10,83.93,1093
3731,Karla Gomez 3731,Ingenieria en Sistemas,1,84.10,1130
3732,Diego Navarro 3732,Ingenieria Industrial,2,84.27,1167
3733,Rosa Fuentes 3733,Ingenieria Civil,3,84.44,1204
3734,Mario Lemus 3734,Ingenieria Administrativa,4,84.61,1241
3735,Paola Ortiz 3735,Ingenieria en Software,5,84.78,1278
3736,Sergio Aragon 3736,Ingenieria Mecanica,6,84.95,1315
3737,Dulce Arana 3737,Ingenieria en Sistemas,7,85.12,1352
3738,Nancy Chamalé 3738,Ingenieria Industrial,8,85.29,1389
3739,Byron Castellanos 3739,Ingenieria Civil,9,85.46,1426
3740,Helen Conoz 3740,Ingenieria Administrativa,10,85.63,1463
3741,Juan Perez 3741,Ingenieria en Software,1,85.80,1500
3742,Ana Lopez 3742,Ingenieria Mecanica,2,85.97,1537
3743,Carlos Ruiz 3743,Ingenieria en Sistemas,3,86.14,1574
3744,Maria Garcia 3744,Ingenieria Industrial,4,86.31,1611
3745,Luis Hernandez 3745,Ingenieria Civil,5,86.48,1648
3746,Sofia Morales 3746,Ingenieria Administrativa,6,86.65,1685
3747,Pedro Castillo 3747,Ingenieria en Software,7,86.82,1722
3748,Elena Pineda 3748,Ingenieria Mecanica,8,86.99,1759
3749,Jorge Contreras 3749,Ingenieria en Sistemas,9,87.16,1796
3750,Valeria Barrios 3750,Ingenieria Industrial,10,87.33,1833
3751,Karla Gomez 3751,Ingenieria Civil,1,87.50,1870
3752,Diego Navarro 3752,Ingenieria Administrativa,2,87.67,1907
3753,Rosa Fuentes 3753,Ingenieria en Software,3,87.84,1944
3754,Mario Lemus 3754,Ingenieria Mecanica,4,88.01,1981
3755,Paola Ortiz 3755,Ingenieria en Sistemas,5,88.18,2018
3756,Sergio Aragon 3756,Ingenieria Industrial,6,88.35,2055
3757,Dulce Arana 3757,Ingenieria Civil,7,88.52,2092
3758,Nancy Chamalé 3758,Ingenieria Administrativa,8,88.69,2129
3759,Byron Castellanos 3759,Ingenieria en Software,9,88.86,2166
3760,Helen Conoz 3760,Ingenieria Mecanica,10,89.03,2203
3761,Juan Perez 3761,Ingenieria en Sistemas,1,89.20,2240
3762,Ana Lopez 3762,Ingenieria Industrial,2,89.37,2277
3763,Carlos Ruiz 3763,Ingenieria Civil,3,89.54,2314
3764,Maria Garcia 3764,Ingenieria Administrativa,4,89.71,2351
3765,Luis Hernandez 3765,Ingenieria en Software,5,89.88,2388
3766,Sofia Morales 3766,Ingenieria Mecanica,6,90.05,2425
3767,Pedro Castillo 3767,Ingenieria en Sistemas,7,90.22,2462
3768,Elena Pineda 3768,Ingenieria Industrial,8,90.39,2499
3769,Jorge Contreras 3769,Ingenieria Civil,9,90.56,2536
3770,Valeria Barrios 3770,Ingenieria Administrativa,10,90.73,2573
3771,Karla Gomez 3771,Ingenieria en Software,1,90.90,2610
3772,Diego Navarro 3772,Ingenieria Mecanica,2,91.07,2647
3773,Rosa Fuentes 3773,Ingenieria en Sistemas,3,91.24,2684
3774,Mario Lemus 3774,Ingenieria Industrial,4,91.41,2721
3775,Paola Ortiz 3775,Ingenieria Civil,5,91.58,2758
3776,Sergio Aragon 3776,Ingenieria Administrativa,6,91.75,2795
3777,Dulce Arana 3777,Ingenieria en Software,7,91.92,2832
3778,Nancy Chamalé 3778,Ingenieria Mecanica,8,92.09,2869
3779,Byron Castellanos 3779,Ingenieria en Sistemas,9,92.26,2906
3780,Helen Conoz 3780,Ingenieria Industrial,10,92.43,2943
3781,Juan Perez 3781,Ingenieria Civil,1,92.60,2980
3782,Ana Lopez 3782,Ingenieria Administrativa,2,92.77,3017
3783,Carlos Ruiz 3783,Ingenieria en Software,3,92.94,3054
3784,Maria Garcia 3784,Ingenieria Mecanica,4,93.11,3091
3785,Luis Hernandez 3785,Ingenieria en Sistemas,5,93.28,3128
3786,Sofia Morales 3786,Ingenieria Industrial,6,93.45,3165
3787,Pedro Castillo 3787,Ingenieria Civil,7,93.62,3202
3788,Elena Pineda 3788,Ingenieria Administrativa,8,93.79,3239
3789,Jorge Contreras 3789,Ingenieria en Software,9,93.96,3276
3790,Valeria Barrios 3790,Ingenieria Mecanica,10,94.13,3313
3791,Karla Gomez 3791,Ingenieria en Sistemas,1,94.30,3350
3792,Diego Navarro 3792,Ingenieria Industrial,2,94.47,3387
3793,Rosa Fuentes 3793,Ingenieria Civil,3,94.64,3424
3794,Mario Lemus 3794,Ingenieria Administrativa,4,94.81,3461
3795,Paola Ortiz 3795,Ingenieria en Software,5,94.98,3498
3796,Sergio Aragon 3796,Ingenieria Mecanica,6,95.15,3535
3797,Dulce Arana 3797,Ingenieria en Sistemas,7,95.32,3572
3798,Nancy Chamalé 3798,Ingenieria Industrial,8,95.49,3609
3799,Byron Castellanos 3799,Ingenieria Civil,9,95.66,3646
3800,Helen Conoz 3800,Ingenieria Administrativa,10,95.83,3683
3801,Juan Perez 3801,Ingenieria en Software,1,96.00,3720
3802,Ana Lopez 3802,Ingenieria Mecanica,2,96.17,3757
3803,Carlos Ruiz 3803,Ingenieria en Sistemas,3,96.34,3794
3804,Maria Garcia 3804,Ingenieria Industrial,4,96.51,3831
3805,Luis Hernandez 3805,Ingenieria Civil,5,96.68,3868
3806,Sofia Morales 3806,Ingenieria Administrativa,6,96.85,3905
3807,Pedro Castillo 3807,Ingenieria en Software,7,97.02,3942
3808,Elena Pineda 3808,Ingenieria Mecanica,8,97.19,3979
3809,Jorge Contreras 3809,Ingenieria en Sistemas,9,97.36,4016
3810,Valeria Barrios 3810,Ingenieria Industrial,10,97.53,4053
3811,Karla Gomez 3811,Ingenieria Civil,1,97.70,4090
3812,Diego Navarro 3812,Ingenieria Administrativa,2,97.87,4127
3813,Rosa Fuentes 3813,Ingenieria en Software,3,98.04,4164
3814,Mario Lemus 3814,Ingenieria Mecanica,4,98.21,4201
3815,Paola Ortiz 3815,Ingenieria en Sistemas,5,98.38,4238
3816,Sergio Aragon 3816,Ingenieria Industrial,6,98.55,4275
3817,Dulce Arana 3817,Ingenieria Civil,7,98.72,4312
3818,Nancy Chamalé 3818,Ingenieria Administrativa,8,98.89,4349
3819,Byron Castellanos 3819,Ingenieria en Software,9,99.06,4386
3820,Helen Conoz 3820,Ingenieria Mecanica,10,99.23,4423
3821,Juan Perez 3821,Ingenieria en Sistemas,1,99.40,4460
3822,Ana Lopez 3822,Ingenieria Industrial,2,99.57,4497
3823,Carlos Ruiz 3823,Ingenieria Civil,3,99.74,4534
3824,Maria Garcia 3824,Ingenieria Administrativa,4,99.91,4571
3825,Luis Hernandez 3825,Ingenieria en Software,5,60.08,4608
3826,Sofia Morales 3826,Ingenieria Mecanica,6,60.25,4645
3827,Pedro Castillo 3827,Ingenieria en Sistemas,7,60.42,4682
3828,Elena Pineda 3828,Ingenieria Industrial,8,60.59,4719
3829,Jorge Contreras 3829,Ingenieria Civil,9,60.76,4756
3830,Valeria Barrios 3830,Ingenieria Administrativa,10,60.93,4793
3831,Karla Gomez 3831,Ingenieria en Software,1,61.10,4830
3832,Diego Navarro 3832,Ingenieria Mecanica,2,61.27,4867
3833,Rosa Fuentes 3833,Ingenieria en Sistemas,3,61.44,4904
3834,Mario Lemus 3834,Ingenieria Industrial,4,61.61,4941
3835,Paola Ortiz 3835,Ingenieria Civil,5,61.78,4978
3836,Sergio Aragon 3836,Ingenieria Administrativa,6,61.95,5015
3837,Dulce Arana 3837,Ingenieria en Software,7,62.12,5052
3838,Nancy Chamalé 3838,Ingenieria Mecanica,8,62.29,5089
3839,Byron Castellanos 3839,Ingenieria en Sistemas,9,62.46,5126
3840,Helen Conoz 3840,Ingenieria Industrial,10,62.63,5163
3841,Juan Perez 3841,Ingenieria Civil,1,62.80,5200
3842,Ana Lopez 3842,Ingenieria Administrativa,2,62.97,5237
3843,Carlos Ruiz 3843,Ingenieria en Software,3,63.14,5274
3844,Maria Garcia 3844,Ingenieria Mecanica,4,63.31,5311
3845,Luis Hernandez 3845,Ingenieria en Sistemas,5,63.48,5348
3846,Sofia Morales 3846,Ingenieria Industrial,6,63.65,5385
3847,Pedro Castillo 3847,Ingenieria Civil,7,63.82,5422
3848,Elena Pineda 3848,Ingenieria Administrativa,8,63.99,5459
3849,Jorge Contreras 3849,Ingenieria en Software,9,64.16,5496
3850,Valeria Barrios 3850,Ingenieria Mecanica,10,64.33,5533
3851,Karla Gomez 3851,Ingenieria en Sistemas,1,64.50,5570
3852,Diego Navarro 3852,Ingenieria Industrial,2,64.67,5607
3853,Rosa Fuentes 3853,Ingenieria Civil,3,64.84,5644
3854,Mario Lemus 3854,Ingenieria Administrativa,4,65.01,5681
3855,Paola Ortiz 3855,Ingenieria en Software,5,65.18,5718
3856,Sergio Aragon 3856,Ingenieria Mecanica,6,65.35,5755
3857,Dulce Arana 3857,Ingenieria en Sistemas,7,65.52,5792
3858,Nancy Chamalé 3858,Ingenieria Industrial,8,65.69,5829
3859,Byron Castellanos 3859,Ingenieria Civil,9,65.86,5866
3860,Helen Conoz 3860,Ingenieria Administrativa,10,66.03,5903
3861,Juan Perez 3861,Ingenieria en Software,1,66.20,5940
3862,Ana Lopez 3862,Ingenieria Mecanica,2,66.37,5977
3863,Carlos Ruiz 3863,Ingenieria en Sistemas,3,66.54,6014
3864,Maria Garcia 3864,Ingenieria Industrial,4,66.71,6051
3865,Luis Hernandez 3865,Ingenieria Civil,5,66.88,6088
3866,Sofia Morales 3866,Ingenieria Administrativa,6,67.05,6125
3867,Pedro Castillo 3867,Ingenieria en Software,7,67.22,6162
3868,Elena Pineda 3868,Ingenieria Mecanica,8,67.39,6199
3869,Jorge Contreras 3869,Ingenieria en Sistemas,9,67.56,6236
3870,Valeria Barrios 3870,Ingenieria Industrial,10,67.73,6273
3871,Karla Gomez 3871,Ingenieria Civil,1,67.90,6310
3872,Diego Navarro 3872,Ingenieria Administrativa,2,68.07,6347
3873,Rosa Fuentes 3873,Ingenieria en Software,3,68.24,6384
3874,Mario Lemus 3874,Ingenieria Mecanica,4,68.41,6421
3875,Paola Ortiz 3875,Ingenieria en Sistemas,5,68.58,6458
3876,Sergio Aragon 3876,Ingenieria Industrial,6,68.75,6495
3877,Dulce Arana 3877,Ingenieria Civil,7,68.92,6532
3878,Nancy Chamalé 3878,Ingenieria Administrativa,8,69.09,6569
3879,Byron Castellanos 3879,Ingenieria en Software,9,69.26,6606
3880,Helen Conoz 3880,Ingenieria Mecanica,10,69.43,6643
3881,Juan Perez 3881,Ingenieria en Sistemas,1,69.60,6680
3882,Ana Lopez 3882,Ingenieria Industrial,2,69.77,6717
3883,Carlos Ruiz 3883,Ingenieria Civil,3,69.94,6754
3884,Maria Garcia 3884,Ingenieria Administrativa,4,70.11,6791
3885,Luis Hernandez 3885,Ingenieria en Software,5,70.28,6828
3886,Sofia Morales 3886,Ingenieria Mecanica,6,70.45,6865
3887,Pedro Castillo 3887,Ingenieria en Sistemas,7,70.62,6902
3888,Elena Pineda 3888,Ingenieria Industrial,8,70.79,6939
3889,Jorge Contreras 3889,Ingenieria Civil,9,70.96,6976
3890,Valeria Barrios 3890,Ingenieria Administrativa,10,71.13,7013
3891,Karla Gomez 3891,Ingenieria en Software,1,71.30,7050
3892,Diego Navarro 3892,Ingenieria Mecanica,2,71.47,7087
3893,Rosa Fuentes 3893,Ingenieria en Sistemas,3,71.64,7124
3894,Mario Lemus 3894,Ingenieria Industrial,4,71.81,7161
3895,Paola Ortiz 3895,Ingenieria Civil,5,71.98,7198
3896,Sergio Aragon 3896,Ingenieria Administrativa,6,72.15,7235
3897,Dulce Arana 3897,Ingenieria en Software,7,72.32,7272
3898,Nancy Chamalé 3898,Ingenieria Mecanica,8,72.49,7309
3899,Byron Castellanos 3899,Ingenieria en Sistemas,9,72.66,7346
3900,Helen Conoz 3900,Ingenieria Industrial,10,72.83,7383
3901,Juan Perez 3901,Ingenieria Civil,1,73.00,7420
3902,Ana Lopez 3902,Ingenieria Administrativa,2,73.17,7457
3903,Carlos Ruiz 3903,Ingenieria en Software,3,73.34,7494
3904,Maria Garcia 3904,Ingenieria Mecanica,4,73.51,7531
3905,Luis Hernandez 3905,Ingenieria en Sistemas,5,73.68,7568
3906,Sofia Morales 3906,Ingenieria Industrial,6,73.85,7605
3907,Pedro Castillo 3907,Ingenieria Civil,7,74.02,7642
3908,Elena Pineda 3908,Ingenieria Administrativa,8,74.19,7679
3909,Jorge Contreras 3909,Ingenieria en Software,9,74.36,7716
3910,Valeria Barrios 3910,Ingenieria Mecanica,10,74.53,7753
3911,Karla Gomez 3911,Ingenieria en Sistemas,1,74.70,7790
3912,Diego Navarro 3912,Ingenieria Industrial,2,74.87,7827
3913,Rosa Fuentes 3913,Ingenieria Civil,3,75.04,7864
3914,Mario Lemus 3914,Ingenieria Administrativa,4,75.21,7901
3915,Paola Ortiz 3915,Ingenieria en Software,5,75.38,7938
3916,Sergio Aragon 3916,Ingenieria Mecanica,6,75.55,7975
3917,Dulce Arana 3917,Ingenieria en Sistemas,7,75.72,8012
3918,Nancy Chamalé 3918,Ingenieria Industrial,8,75.89,8049
3919,Byron Castellanos 3919,Ingenieria Civil,9,76.06,8086
3920,Helen Conoz 3920,Ingenieria Administrativa,10,76.23,8123
3921,Juan Perez 3921,Ingenieria en Software,1,76.40,8160
3922,Ana Lopez 3922,Ingenieria Mecanica,2,76.57,8197
3923,Carlos Ruiz 3923,Ingenieria en Sistemas,3,76.74,8234
3924,Maria Garcia 3924,Ingenieria Industrial,4,76.91,8271
3925,Luis Hernandez 3925,Ingenieria Civil,5,77.08,8308
3926,Sofia Morales 3926,Ingenieria Administrativa,6,77.25,8345
3927,Pedro Castillo 3927,Ingenieria en Software,7,77.42,8382
3928,Elena Pineda 3928,Ingenieria Mecanica,8,77.59,8419
3929,Jorge Contreras 3929,Ingenieria en Sistemas,9,77.76,8456
3930,Valeria Barrios 3930,Ingenieria Industrial,10,77.93,8493
3931,Karla Gomez 3931,Ingenieria Civil,1,78.10,8530
3932,Diego Navarro 3932,Ingenieria Administrativa,2,78.27,8567
3933,Rosa Fuentes 3933,Ingenieria en Software,3,78.44,8604
3934,Mario Lemus 3934,Ingenieria Mecanica,4,78.61,8641
3935,Paola Ortiz 3935,Ingenieria en Sistemas,5,78.78,8678
3936,Sergio Aragon 3936,Ingenieria Industrial,6,78.95,8715
3937,Dulce Arana 3937,Ingenieria Civil,7,79.12,8752
3938,Nancy Chamalé 3938,Ingenieria Administrativa,8,79.29,8789
3939,Byron Castellanos 3939,Ingenieria en Software,9,79.46,8826
3940,Helen Conoz 3940,Ingenieria Mecanica,10,79.63,8863
3941,Juan Perez 3941,Ingenieria en Sistemas,1,79.80,8900
3942,Ana Lopez 3942,Ingenieria Industrial,2,79.97,8937
3943,Carlos Ruiz 3943,Ingenieria Civil,3,80.14,8974
3944,Maria Garcia 3944,Ingenieria Administrativa,4,80.31,9011
3945,Luis Hernandez 3945,Ingenieria en Software,5,80.48,9048
3946,Sofia Morales 3946,Ingenieria Mecanica,6,80.65,9085
3947,Pedro Castillo 3947,Ingenieria en Sistemas,7,80.82,9122
3948,Elena Pineda 3948,Ingenieria Industrial,8,80.99,9159
3949,Jorge Contreras 3949,Ingenieria Civil,9,81.16,9196
3950,Valeria Barrios 3950,Ingenieria Administrativa,10,81.33,9233
3951,Karla Gomez 3951,Ingenieria en Software,1,81.50,9270
3952,Diego Navarro 3952,Ingenieria Mecanica,2,81.67,9307
3953,Rosa Fuentes 3953,Ingenieria en Sistemas,3,81.84,9344
3954,Mario Lemus 3954,Ingenieria Industrial,4,82.01,9381
3955,Paola Ortiz 3955,Ingenieria Civil,5,82.18,9418
3956,Sergio Aragon 3956,Ingenieria Administrativa,6,82.35,9455
3957,Dulce Arana 3957,Ingenieria en Software,7,82.52,9492
3958,Nancy Chamalé 3958,Ingenieria Mecanica,8,82.69,9529
3959,Byron Castellanos 3959,Ingenieria en Sistemas,9,82.86,9566
3960,Helen Conoz 3960,Ingenieria Industrial,10,83.03,9603
3961,Juan Perez 3961,Ingenieria Civil,1,83.20,9640
3962,Ana Lopez 3962,Ingenieria Administrativa,2,83.37,9677
3963,Carlos Ruiz 3963,Ingenieria en Software,3,83.54,9714
3964,Maria Garcia 3964,Ingenieria Mecanica,4,83.71,9751
3965,Luis Hernandez 3965,Ingenieria en Sistemas,5,83.88,9788
3966,Sofia Morales 3966,Ingenieria Industrial,6,84.05,9825
3967,Pedro Castillo 3967,Ingenieria Civil,7,84.22,9862
3968,Elena Pineda 3968,Ingenieria Administrativa,8,84.39,9899
3969,Jorge Contreras 3969,Ingenieria en Software,9,84.56,9936
3970,Valeria Barrios 3970,Ingenieria Mecanica,10,84.73,9973
3971,Karla Gomez 3971,Ingenieria en Sistemas,1,84.90,10010
3972,Diego Navarro 3972,Ingenieria Industrial,2,85.07,10047
3973,Rosa Fuentes 3973,Ingenieria Civil,3,85.24,10084
3974,Mario Lemus 3974,Ingenieria Administrativa,4,85.41,10121
3975,Paola Ortiz 3975,Ingenieria en Software,5,85.58,10158
3976,Sergio Aragon 3976,Ingenieria Mecanica,6,85.75,10195
3977,Dulce Arana 3977,Ingenieria en Sistemas,7,85.92,10232
3978,Nancy Chamalé 3978,Ingenieria Industrial,8,86.09,10269
3979,Byron Castellanos 3979,Ingenieria Civil,9,86.26,10306
3980,Helen Conoz 3980,Ingenieria Administrativa,10,86.43,10343
3981,Juan Perez 3981,Ingenieria en Software,1,86.60,10380
3982,Ana Lopez 3982,Ingenieria Mecanica,2,86.77,10417
3983,Carlos Ruiz 3983,Ingenieria en Sistemas,3,86.94,10454
3984,Maria Garcia 3984,Ingenieria Industrial,4,87.11,10491
3985,Luis Hernandez 3985,Ingenieria Civil,5,87.28,10528
3986,Sofia Morales 3986,Ingenieria Administrativa,6,87.45,10565
3987,Pedro Castillo 3987,Ingenieria en Software,7,87.62,10602
3988,Elena Pineda 3988,Ingenieria Mecanica,8,87.79,10639
3989,Jorge Contreras 3989,Ingenieria en Sistemas,9,87.96,10676
3990,Valeria Barrios 3990,Ingenieria Industrial,10,88.13,10713
3991,Karla Gomez 3991,Ingenieria Civil,1,88.30,10750
3992,Diego Navarro 3992,Ingenieria Administrativa,2,88.47,10787
3993,Rosa Fuentes 3993,Ingenieria en Software,3,88.64,10824
3994,Mario Lemus 3994,Ingenieria Mecanica,4,88.81,10861
3995,Paola Ortiz 3995,Ingenieria en Sistemas,5,88.98,10898
3996,Sergio Aragon 3996,Ingenieria Industrial,6,89.15,10935
3997,Dulce Arana 3997,Ingenieria Civil,7,89.32,10972
3998,Nancy Chamalé 3998,Ingenieria Administrativa,8,89.49,11009
3999,Byron Castellanos 3999,Ingenieria en Software,9,89.66,11046
4000,Helen Conoz 4000,Ingenieria Mecanica,10,89.83,11083
4001,Juan Perez 4001,Ingenieria en Sistemas,1,90.00,11120
4002,Ana Lopez 4002,Ingenieria Industrial,2,90.17,11157
4003,Carlos Ruiz 4003,Ingenieria Civil,3,90.34,11194
4004,Maria Garcia 4004,Ingenieria Administrativa,4,90.51,11231
4005,Luis Hernandez 4005,Ingenieria en Software,5,90.68,11268
4006,Sofia Morales 4006,Ingenieria Mecanica,6,90.85,11305
4007,Pedro Castillo 4007,Ingenieria en Sistemas,7,91.02,11342
4008,Elena Pineda 4008,Ingenieria Industrial,8,91.19,11379
4009,Jorge Contreras 4009,Ingenieria Civil,9,91.36,11416
4010,Valeria Barrios 4010,Ingenieria Administrativa,10,91.53,11453
4011,Karla Gomez 4011,Ingenieria en Software,1,91.70,11490
4012,Diego Navarro 4012,Ingenieria Mecanica,2,91.87,11527
4013,Rosa Fuentes 4013,Ingenieria en Sistemas,3,92.04,11564
4014,Mario Lemus 4014,Ingenieria Industrial,4,92.21,11601
4015,Paola Ortiz 4015,Ingenieria Civil,5,92.38,11638
4016,Sergio Aragon 4016,Ingenieria Administrativa,6,92.55,11675
4017,Dulce Arana 4017,Ingenieria en Software,7,92.72,11712
4018,Nancy Chamalé 4018,Ingenieria Mecanica,8,92.89,11749
4019,Byron Castellanos 4019,Ingenieria en Sistemas,9,93.06,11786
4020,Helen Conoz 4020,Ingenieria Industrial,10,93.23,11823
4021,Juan Perez 4021,Ingenieria Civil,1,93.40,11860
4022,Ana Lopez 4022,Ingenieria Administrativa,2,93.57,11897
4023,Carlos Ruiz 4023,Ingenieria en Software,3,93.74,11934
4024,Maria Garcia 4024,Ingenieria Mecanica,4,93.91,11971
4025,Luis Hernandez 4025,Ingenieria en Sistemas,5,94.08,12008
4026,Sofia Morales 4026,Ingenieria Industrial,6,94.25,12045
4027,Pedro Castillo 4027,Ingenieria Civil,7,94.42,12082
4028,Elena Pineda 4028,Ingenieria Administrativa,8,94.59,12119
4029,Jorge Contreras 4029,Ingenieria en Software,9,94.76,12156
4030,Valeria Barrios 4030,Ingenieria Mecanica,10,94.93,12193
4031,Karla Gomez 4031,Ingenieria en Sistemas,1,95.10,12230
4032,Diego Navarro 4032,Ingenieria Industrial,2,95.27,12267
4033,Rosa Fuentes 4033,Ingenieria Civil,3,95.44,12304
4034,Mario Lemus 4034,Ingenieria Administrativa,4,95.61,12341
4035,Paola Ortiz 4035,Ingenieria en Software,5,95.78,12378
4036,Sergio Aragon 4036,Ingenieria Mecanica,6,95.95,12415
4037,Dulce Arana 4037,Ingenieria en Sistemas,7,96.12,12452
4038,Nancy Chamalé 4038,Ingenieria Industrial,8,96.29,12489
4039,Byron Castellanos 4039,Ingenieria Civil,9,96.46,12526
4040,Helen Conoz 4040,Ingenieria Administrativa,10,96.63,12563
4041,Juan Perez 4041,Ingenieria en Software,1,96.80,12600
4042,Ana Lopez 4042,Ingenieria Mecanica,2,96.97,12637
4043,Carlos Ruiz 4043,Ingenieria en Sistemas,3,97.14,12674
4044,Maria Garcia 4044,Ingenieria Industrial,4,97.31,12711
4045,Luis Hernandez 4045,Ingenieria Civil,5,97.48,12748
4046,Sofia Morales 4046,Ingenieria Administrativa,6,97.65,12785
4047,Pedro Castillo 4047,Ingenieria en Software,7,97.82,12822
4048,Elena Pineda 4048,Ingenieria Mecanica,8,97.99,12859
4049,Jorge Contreras 4049,Ingenieria en Sistemas,9,98.16,12896
4050,Valeria Barrios 4050,Ingenieria Industrial,10,98.33,12933
4051,Karla Gomez 4051,Ingenieria Civil,1,98.50,12970
4052,Diego Navarro 4052,Ingenieria Administrativa,2,98.67,13007
4053,Rosa Fuentes 4053,Ingenieria en Software,3,98.84,13044
4054,Mario Lemus 4054,Ingenieria Mecanica,4,99.01,13081
4055,Paola Ortiz 4055,Ingenieria en Sistemas,5,99.18,13118
4056,Sergio Aragon 4056,Ingenieria Industrial,6,99.35,13155
4057,Dulce Arana 4057,Ingenieria Civil,7,99.52,13192
4058,Nancy Chamalé 4058,Ingenieria Administrativa,8,99.69,13229
4059,Byron Castellanos 4059,Ingenieria en Software,9,99.86,13266
4060,Helen Conoz 4060,Ingenieria Mecanica,10,60.03,13303
4061,Juan Perez 4061,Ingenieria en Sistemas,1,60.20,13340
4062,Ana Lopez 4062,Ingenieria Industrial,2,60.37,13377
4063,Carlos Ruiz 4063,Ingenieria Civil,3,60.54,13414
4064,Maria Garcia 4064,Ingenieria Administrativa,4,60.71,13451
4065,Luis Hernandez 4065,Ingenieria en Software,5,60.88,13488
4066,Sofia Morales 4066,Ingenieria Mecanica,6,61.05,13525
4067,Pedro Castillo 4067,Ingenieria en Sistemas,7,61.22,13562
4068,Elena Pineda 4068,Ingenieria Industrial,8,61.39,13599
4069,Jorge Contreras 4069,Ingenieria Civil,9,61.56,13636
4070,Valeria Barrios 4070,Ingenieria Administrativa,10,61.73,13673
4071,Karla Gomez 4071,Ingenieria en Software,1,61.90,13710
4072,Diego Navarro 4072,Ingenieria Mecanica,2,62.07,13747
4073,Rosa Fuentes 4073,Ingenieria en Sistemas,3,62.24,13784
4074,Mario Lemus 4074,Ingenieria Industrial,4,62.41,13821
4075,Paola Ortiz 4075,Ingenieria Civil,5,62.58,13858
4076,Sergio Aragon 4076,Ingenieria Administrativa,6,62.75,13895
4077,Dulce Arana 4077,Ingenieria en Software,7,62.92,13932
4078,Nancy Chamalé 4078,Ingenieria Mecanica,8,63.09,13969
4079,Byron Castellanos 4079,Ingenieria en Sistemas,9,63.26,14006
4080,Helen Conoz 4080,Ingenieria Industrial,10,63.43,14043
4081,Juan Perez 4081,Ingenieria Civil,1,63.60,14080
4082,Ana Lopez 4082,Ingenieria Administrativa,2,63.77,14117
4083,Carlos Ruiz 4083,Ingenieria en Software,3,63.94,14154
4084,Maria Garcia 4084,Ingenieria Mecanica,4,64.11,14191
4085,Luis Hernandez 4085,Ingenieria en Sistemas,5,64.28,14228
4086,Sofia Morales 4086,Ingenieria Industrial,6,64.45,14265
4087,Pedro Castillo 4087,Ingenieria Civil,7,64.62,14302
4088,Elena Pineda 4088,Ingenieria Administrativa,8,64.79,14339
4089,Jorge Contreras 4089,Ingenieria en Software,9,64.96,14376
4090,Valeria Barrios 4090,Ingenieria Mecanica,10,65.13,14413
4091,Karla Gomez 4091,Ingenieria en Sistemas,1,65.30,14450
4092,Diego Navarro 4092,Ingenieria Industrial,2,65.47,14487
4093,Rosa Fuentes 4093,Ingenieria Civil,3,65.64,14524
4094,Mario Lemus 4094,Ingenieria Administrativa,4,65.81,14561
4095,Paola Ortiz 4095,Ingenieria en Software,5,65.98,14598
4096,Sergio Aragon 4096,Ingenieria Mecanica,6,66.15,14635
4097,Dulce Arana 4097,Ingenieria en Sistemas,7,66.32,14672
4098,Nancy Chamalé 4098,Ingenieria Industrial,8,66.49,14709
4099,Byron Castellanos 4099,Ingenieria Civil,9,66.66,14746
4100,Helen Conoz 4100,Ingenieria Administrativa,10,66.83,14783
4101,Juan Perez 4101,Ingenieria en Software,1,67.00,14820
4102,Ana Lopez 4102,Ingenieria Mecanica,2,67.17,14857
4103,Carlos Ruiz 4103,Ingenieria en Sistemas,3,67.34,14894
4104,Maria Garcia 4104,Ingenieria Industrial,4,67.51,14931
4105,Luis Hernandez 4105,Ingenieria Civil,5,67.68,14968
4106,Sofia Morales 4106,Ingenieria Administrativa,6,67.85,15005
4107,Pedro Castillo 4107,Ingenieria en Software,7,68.02,15042
4108,Elena Pineda 4108,Ingenieria Mecanica,8,68.19,15079
4109,Jorge Contreras 4109,Ingenieria en Sistemas,9,68.36,15116
4110,Valeria Barrios 4110,Ingenieria Industrial,10,68.53,15153
4111,Karla Gomez 4111,Ingenieria Civil,1,68.70,15190
4112,Diego Navarro 4112,Ingenieria Administrativa,2,68.87,15227
4113,Rosa Fuentes 4113,Ingenieria en Software,3,69.04,15264
4114,Mario Lemus 4114,Ingenieria Mecanica,4,69.21,15301
4115,Paola Ortiz 4115,Ingenieria en Sistemas,5,69.38,15338
4116,Sergio Aragon 4116,Ingenieria Industrial,6,69.55,15375
4117,Dulce Arana 4117,Ingenieria Civil,7,69.72,15412
4118,Nancy Chamalé 4118,Ingenieria Administrativa,8,69.89,15449
4119,Byron Castellanos 4119,Ingenieria en Software,9,70.06,15486
4120,Helen Conoz 4120,Ingenieria Mecanica,10,70.23,15523
4121,Juan Perez 4121,Ingenieria en Sistemas,1,70.40,15560
4122,Ana Lopez 4122,Ingenieria Industrial,2,70.57,15597
4123,Carlos Ruiz 4123,Ingenieria Civil,3,70.74,15634
4124,Maria Garcia 4124,Ingenieria Administrativa,4,70.91,15671
4125,Luis Hernandez 4125,Ingenieria en Software,5,71.08,15708
4126,Sofia Morales 4126,Ingenieria Mecanica,6,71.25,15745
4127,Pedro Castillo 4127,Ingenieria en Sistemas,7,71.42,15782
4128,Elena Pineda 4128,Ingenieria Industrial,8,71.59,15819
4129,Jorge Contreras 4129,Ingenieria Civil,9,71.76,15856
4130,Valeria Barrios 4130,Ingenieria Administrativa,10,71.93,15893
4131,Karla Gomez 4131,Ingenieria en Software,1,72.10,15930
4132,Diego Navarro 4132,Ingenieria Mecanica,2,72.27,15967
4133,Rosa Fuentes 4133,Ingenieria en Sistemas,3,72.44,16004
4134,Mario Lemus 4134,Ingenieria Industrial,4,72.61,16041
4135,Paola Ortiz 4135,Ingenieria Civil,5,72.78,16078
4136,Sergio Aragon 4136,Ingenieria Administrativa,6,72.95,16115
4137,Dulce Arana 4137,Ingenieria en Software,7,73.12,16152
4138,Nancy Chamalé 4138,Ingenieria Mecanica,8,73.29,16189
4139,Byron Castellanos 4139,Ingenieria en Sistemas,9,73.46,16226
4140,Helen Conoz 4140,Ingenieria Industrial,10,73.63,16263
4141,Juan Perez 4141,Ingenieria Civil,1,73.80,16300
4142,Ana Lopez 4142,Ingenieria Administrativa,2,73.97,16337
4143,Carlos Ruiz 4143,Ingenieria en Software,3,74.14,16374
4144,Maria Garcia 4144,Ingenieria Mecanica,4,74.31,16411
4145,Luis Hernandez 4145,Ingenieria en Sistemas,5,74.48,16448
4146,Sofia Morales 4146,Ingenieria Industrial,6,74.65,16485
4147,Pedro Castillo 4147,Ingenieria Civil,7,74.82,16522
4148,Elena Pineda 4148,Ingenieria Administrativa,8,74.99,16559
4149,Jorge Contreras 4149,Ingenieria en Software,9,75.16,16596
4150,Valeria Barrios 4150,Ingenieria Mecanica,10,75.33,16633
4151,Karla Gomez 4151,Ingenieria en Sistemas,1,75.50,16670
4152,Diego Navarro 4152,Ingenieria Industrial,2,75.67,16707
4153,Rosa Fuentes 4153,Ingenieria Civil,3,75.84,16744
4154,Mario Lemus 4154,Ingenieria Administrativa,4,76.01,16781
4155,Paola Ortiz 4155,Ingenieria en Software,5,76.18,16818
4156,Sergio Aragon 4156,Ingenieria Mecanica,6,76.35,16855
4157,Dulce Arana 4157,Ingenieria en Sistemas,7,76.52,16892
4158,Nancy Chamalé 4158,Ingenieria Industrial,8,76.69,16929
4159,Byron Castellanos 4159,Ingenieria Civil,9,76.86,16966
4160,Helen Conoz 4160,Ingenieria Administrativa,10,77.03,17003
4161,Juan Perez 4161,Ingenieria en Software,1,77.20,17040
4162,Ana Lopez 4162,Ingenieria Mecanica,2,77.37,17077
4163,Carlos Ruiz 4163,Ingenieria en Sistemas,3,77.54,17114
4164,Maria Garcia 4164,Ingenieria Industrial,4,77.71,17151
4165,Luis Hernandez 4165,Ingenieria Civil,5,77.88,17188
4166,Sofia Morales 4166,Ingenieria Administrativa,6,78.05,17225
4167,Pedro Castillo 4167,Ingenieria en Software,7,78.22,17262
4168,Elena Pineda 4168,Ingenieria Mecanica,8,78.39,17299
4169,Jorge Contreras 4169,Ingenieria en Sistemas,9,78.56,17336
4170,Valeria Barrios 4170,Ingenieria Industrial,10,78.73,17373
4171,Karla Gomez 4171,Ingenieria Civil,1,78.90,17410
4172,Diego Navarro 4172,Ingenieria Administrativa,2,79.07,17447
4173,Rosa Fuentes 4173,Ingenieria en Software,3,79.24,17484
4174,Mario Lemus 4174,Ingenieria Mecanica,4,79.41,17521
4175,Paola Ortiz 4175,Ingenieria en Sistemas,5,79.58,17558
4176,Sergio Aragon 4176,Ingenieria Industrial,6,79.75,17595
4177,Dulce Arana 4177,Ingenieria Civil,7,79.92,17632
4178,Nancy Chamalé 4178,Ingenieria Administrativa,8,80.09,17669
4179,Byron Castellanos 4179,Ingenieria en Software,9,80.26,17706
4180,Helen Conoz 4180,Ingenieria Mecanica,10,80.43,17743
4181,Juan Perez 4181,Ingenieria en Sistemas,1,80.60,17780
4182,Ana Lopez 4182,Ingenieria Industrial,2,80.77,17817
4183,Carlos Ruiz 4183,Ingenieria Civil,3,80.94,17854
4184,Maria Garcia 4184,Ingenieria Administrativa,4,81.11,17891
4185,Luis Hernandez 4185,Ingenieria en Software,5,81.28,17928
4186,Sofia Morales 4186,Ingenieria Mecanica,6,81.45,17965
4187,Pedro Castillo 4187,Ingenieria en Sistemas,7,81.62,18002
4188,Elena Pineda 4188,Ingenieria Industrial,8,81.79,18039
4189,Jorge Contreras 4189,Ingenieria Civil,9,81.96,18076
4190,Valeria Barrios 4190,Ingenieria Administrativa,10,82.13,18113
4191,Karla Gomez 4191,Ingenieria en Software,1,82.30,18150
4192,Diego Navarro 4192,Ingenieria Mecanica,2,82.47,18187
4193,Rosa Fuentes 4193,Ingenieria en Sistemas,3,82.64,18224
4194,Mario Lemus 4194,Ingenieria Industrial,4,82.81,18261
4195,Paola Ortiz 4195,Ingenieria Civil,5,82.98,18298
4196,Sergio Aragon 4196,Ingenieria Administrativa,6,83.15,18335
4197,Dulce Arana 4197,Ingenieria en Software,7,83.32,18372
4198,Nancy Chamalé 4198,Ingenieria Mecanica,8,83.49,18409
4199,Byron Castellanos 4199,Ingenieria en Sistemas,9,83.66,18446
4200,Helen Conoz 4200,Ingenieria Industrial,10,83.83,18483
4201,Juan Perez 4201,Ingenieria Civil,1,84.00,18520
4202,Ana Lopez 4202,Ingenieria Administrativa,2,84.17,18557
4203,Carlos Ruiz 4203,Ingenieria en Software,3,84.34,18594
4204,Maria Garcia 4204,Ingenieria Mecanica,4,84.51,18631
4205,Luis Hernandez 4205,Ingenieria en Sistemas,5,84.68,18668
4206,Sofia Morales 4206,Ingenieria Industrial,6,84.85,18705
4207,Pedro Castillo 4207,Ingenieria Civil,7,85.02,18742
4208,Elena Pineda 4208,Ingenieria Administrativa,8,85.19,18779
4209,Jorge Contreras 4209,Ingenieria en Software,9,85.36,18816
4210,Valeria Barrios 4210,Ingenieria Mecanica,10,85.53,18853
4211,Karla Gomez 4211,Ingenieria en Sistemas,1,85.70,18890
4212,Diego Navarro 4212,Ingenieria Industrial,2,85.87,18927
4213,Rosa Fuentes 4213,Ingenieria Civil,3,86.04,18964
4214,Mario Lemus 4214,Ingenieria Administrativa,4,86.21,19001
4215,Paola Ortiz 4215,Ingenieria en Software,5,86.38,19038
4216,Sergio Aragon 4216,Ingenieria Mecanica,6,86.55,19075
4217,Dulce Arana 4217,Ingenieria en Sistemas,7,86.72,19112
4218,Nancy Chamalé 4218,Ingenieria Industrial,8,86.89,19149
4219,Byron Castellanos 4219,Ingenieria Civil,9,87.06,19186
4220,Helen Conoz 4220,Ingenieria Administrativa,10,87.23,19223
4221,Juan Perez 4221,Ingenieria en Software,1,87.40,19260
4222,Ana Lopez 4222,Ingenieria Mecanica,2,87.57,19297
4223,Carlos Ruiz 4223,Ingenieria en Sistemas,3,87.74,19334
4224,Maria Garcia 4224,Ingenieria Industrial,4,87.91,19371
4225,Luis Hernandez 4225,Ingenieria Civil,5,88.08,19408
4226,Sofia Morales 4226,Ingenieria Administrativa,6,88.25,19445
4227,Pedro Castillo 4227,Ingenieria en Software,7,88.42,19482
4228,Elena Pineda 4228,Ingenieria Mecanica,8,88.59,19519
4229,Jorge Contreras 4229,Ingenieria en Sistemas,9,88.76,19556
4230,Valeria Barrios 4230,Ingenieria Industrial,10,88.93,19593
4231,Karla Gomez 4231,Ingenieria Civil,1,89.10,19630
4232,Diego Navarro 4232,Ingenieria Administrativa,2,89.27,19667
4233,Rosa Fuentes 4233,Ingenieria en Software,3,89.44,19704
4234,Mario Lemus 4234,Ingenieria Mecanica,4,89.61,19741
4235,Paola Ortiz 4235,Ingenieria en Sistemas,5,89.78,19778
4236,Sergio Aragon 4236,Ingenieria Industrial,6,89.95,19815
4237,Dulce Arana 4237,Ingenieria Civil,7,90.12,19852
4238,Nancy Chamalé 4238,Ingenieria Administrativa,8,90.29,19889
4239,Byron Castellanos 4239,Ingenieria en Software,9,90.46,19926
4240,Helen Conoz 4240,Ingenieria Mecanica,10,90.63,19963
4241,Juan Perez 4241,Ingenieria en Sistemas,1,90.80,20000
4242,Ana Lopez 4242,Ingenieria Industrial,2,90.97,20037
4243,Carlos Ruiz 4243,Ingenieria Civil,3,91.14,20074
4244,Maria Garcia 4244,Ingenieria Administrativa,4,91.31,20111
4245,Luis Hernandez 4245,Ingenieria en Software,5,91.48,20148
4246,Sofia Morales 4246,Ingenieria Mecanica,6,91.65,20185
4247,Pedro Castillo 4247,Ingenieria en Sistemas,7,91.82,20222
4248,Elena Pineda 4248,Ingenieria Industrial,8,91.99,20259
4249,Jorge Contreras 4249,Ingenieria Civil,9,92.16,20296
4250,Valeria Barrios 4250,Ingenieria Administrativa,10,92.33,20333
4251,Karla Gomez 4251,Ingenieria en Software,1,92.50,20370
4252,Diego Navarro 4252,Ingenieria Mecanica,2,92.67,20407
4253,Rosa Fuentes 4253,Ingenieria en Sistemas,3,92.84,20444
4254,Mario Lemus 4254,Ingenieria Industrial,4,93.01,20481
4255,Paola Ortiz 4255,Ingenieria Civil,5,93.18,20518
4256,Sergio Aragon 4256,Ingenieria Administrativa,6,93.35,20555
4257,Dulce Arana 4257,Ingenieria en Software,7,93.52,20592
4258,Nancy Chamalé 4258,Ingenieria Mecanica,8,93.69,20629
4259,Byron Castellanos 4259,Ingenieria en Sistemas,9,93.86,20666
4260,Helen Conoz 4260,Ingenieria Industrial,10,94.03,20703
4261,Juan Perez 4261,Ingenieria Civil,1,94.20,20740
4262,Ana Lopez 4262,Ingenieria Administrativa,2,94.37,20777
4263,Carlos Ruiz 4263,Ingenieria en Software,3,94.54,20814
4264,Maria Garcia 4264,Ingenieria Mecanica,4,94.71,20851
4265,Luis Hernandez 4265,Ingenieria en Sistemas,5,94.88,20888
4266,Sofia Morales 4266,Ingenieria Industrial,6,95.05,20925
4267,Pedro Castillo 4267,Ingenieria Civil,7,95.22,20962
4268,Elena Pineda 4268,Ingenieria Administrativa,8,95.39,20999
4269,Jorge Contreras 4269,Ingenieria en Software,9,95.56,21036
4270,Valeria Barrios 4270,Ingenieria Mecanica,10,95.73,21073
4271,Karla Gomez 4271,Ingenieria en Sistemas,1,95.90,21110
4272,Diego Navarro 4272,Ingenieria Industrial,2,96.07,21147
4273,Rosa Fuentes 4273,Ingenieria Civil,3,96.24,21184
4274,Mario Lemus 4274,Ingenieria Administrativa,4,96.41,21221
4275,Paola Ortiz 4275,Ingenieria en Software,5,96.58,21258
4276,Sergio Aragon 4276,Ingenieria Mecanica,6,96.75,21295
4277,Dulce Arana 4277,Ingenieria en Sistemas,7,96.92,21332
4278,Nancy Chamalé 4278,Ingenieria Industrial,8,97.09,21369
4279,Byron Castellanos 4279,Ingenieria Civil,9,97.26,21406
4280,Helen Conoz 4280,Ingenieria Administrativa,10,97.43,21443
4281,Juan Perez 4281,Ingenieria en Software,1,97.60,21480
4282,Ana Lopez 4282,Ingenieria Mecanica,2,97.77,21517
4283,Carlos Ruiz 4283,Ingenieria en Sistemas,3,97.94,21554
4284,Maria Garcia 4284,Ingenieria Industrial,4,98.11,21591
4285,Luis Hernandez 4285,Ingenieria Civil,5,98.28,21628
4286,Sofia Morales 4286,Ingenieria Administrativa,6,98.45,21665
4287,Pedro Castillo 4287,Ingenieria en Software,7,98.62,21702
4288,Elena Pineda 4288,Ingenieria Mecanica,8,98.79,21739
4289,Jorge Contreras 4289,Ingenieria en Sistemas,9,98.96,21776
4290,Valeria Barrios 4290,Ingenieria Industrial,10,99.13,21813
4291,Karla Gomez 4291,Ingenieria Civil,1,99.30,21850
4292,Diego Navarro 4292,Ingenieria Administrativa,2,99.47,21887
4293,Rosa Fuentes 4293,Ingenieria en Software,3,99.64,21924
4294,Mario Lemus 4294,Ingenieria Mecanica,4,99.81,21961
4295,Paola Ortiz 4295,Ingenieria en Sistemas,5,99.98,21998
4296,Sergio Aragon 4296,Ingenieria Industrial,6,60.15,22035
4297,Dulce Arana 4297,Ingenieria Civil,7,60.32,22072
4298,Nancy Chamalé 4298,Ingenieria Administrativa,8,60.49,22109
4299,Byron Castellanos 4299,Ingenieria en Software,9,60.66,22146
4300,Helen Conoz 4300,Ingenieria Mecanica,10,60.83,22183
4301,Juan Perez 4301,Ingenieria en Sistemas,1,61.00,22220
4302,Ana Lopez 4302,Ingenieria Industrial,2,61.17,22257
4303,Carlos Ruiz 4303,Ingenieria Civil,3,61.34,22294
4304,Maria Garcia 4304,Ingenieria Administrativa,4,61.51,22331
4305,Luis Hernandez 4305,Ingenieria en Software,5,61.68,22368
4306,Sofia Morales 4306,Ingenieria Mecanica,6,61.85,22405
4307,Pedro Castillo 4307,Ingenieria en Sistemas,7,62.02,22442
4308,Elena Pineda 4308,Ingenieria Industrial,8,62.19,22479
4309,Jorge Contreras 4309,Ingenieria Civil,9,62.36,22516
4310,Valeria Barrios 4310,Ingenieria Administrativa,10,62.53,22553
4311,Karla Gomez 4311,Ingenieria en Software,1,62.70,22590
4312,Diego Navarro 4312,Ingenieria Mecanica,2,62.87,22627
4313,Rosa Fuentes 4313,Ingenieria en Sistemas,3,63.04,22664
4314,Mario Lemus 4314,Ingenieria Industrial,4,63.21,22701
4315,Paola Ortiz 4315,Ingenieria Civil,5,63.38,22738
4316,Sergio Aragon 4316,Ingenieria Administrativa,6,63.55,22775
4317,Dulce Arana 4317,Ingenieria en Software,7,63.72,22812
4318,Nancy Chamalé 4318,Ingenieria Mecanica,8,63.89,22849
4319,Byron Castellanos 4319,Ingenieria en Sistemas,9,64.06,22886
4320,Helen Conoz 4320,Ingenieria Industrial,10,64.23,22923
4321,Juan Perez 4321,Ingenieria Civil,1,64.40,22960
4322,Ana Lopez 4322,Ingenieria Administrativa,2,64.57,22997
4323,Carlos Ruiz 4323,Ingenieria en Software,3,64.74,23034
4324,Maria Garcia 4324,Ingenieria Mecanica,4,64.91,23071
4325,Luis Hernandez 4325,Ingenieria en Sistemas,5,65.08,23108
4326,Sofia Morales 4326,Ingenieria Industrial,6,65.25,23145
4327,Pedro Castillo 4327,Ingenieria Civil,7,65.42,23182
4328,Elena Pineda 4328,Ingenieria Administrativa,8,65.59,23219
4329,Jorge Contreras 4329,Ingenieria en Software,9,65.76,23256
4330,Valeria Barrios 4330,Ingenieria Mecanica,10,65.93,23293
4331,Karla Gomez 4331,Ingenieria en Sistemas,1,66.10,23330
4332,Diego Navarro 4332,Ingenieria Industrial,2,66.27,23367
4333,Rosa Fuentes 4333,Ingenieria Civil,3,66.44,23404
4334,Mario Lemus 4334,Ingenieria Administrativa,4,66.61,23441
4335,Paola Ortiz 4335,Ingenieria en Software,5,66.78,23478
4336,Sergio Aragon 4336,Ingenieria Mecanica,6,66.95,23515
4337,Dulce Arana 4337,Ingenieria en Sistemas,7,67.12,23552
4338,Nancy Chamalé 4338,Ingenieria Industrial,8,67.29,23589
4339,Byron Castellanos 4339,Ingenieria Civil,9,67.46,23626
4340,Helen Conoz 4340,Ingenieria Administrativa,10,67.63,23663
4341,Juan Perez 4341,Ingenieria en Software,1,67.80,23700
4342,Ana Lopez 4342,Ingenieria Mecanica,2,67.97,23737
4343,Carlos Ruiz 4343,Ingenieria en Sistemas,3,68.14,23774
4344,Maria Garcia 4344,Ingenieria Industrial,4,68.31,23811
4345,Luis Hernandez 4345,Ingenieria Civil,5,68.48,23848
4346,Sofia Morales 4346,Ingenieria Administrativa,6,68.65,23885
4347,Pedro Castillo 4347,Ingenieria en Software,7,68.82,23922
4348,Elena Pineda 4348,Ingenieria Mecanica,8,68.99,23959
4349,Jorge Contreras 4349,Ingenieria en Sistemas,9,69.16,23996
4350,Valeria Barrios 4350,Ingenieria Industrial,10,69.33,24033
4351,Karla Gomez 4351,Ingenieria Civil,1,69.50,24070
4352,Diego Navarro 4352,Ingenieria Administrativa,2,69.67,24107
4353,Rosa Fuentes 4353,Ingenieria en Software,3,69.84,24144
4354,Mario Lemus 4354,Ingenieria Mecanica,4,70.01,24181
4355,Paola Ortiz 4355,Ingenieria en Sistemas,5,70.18,24218
4356,Sergio Aragon 4356,Ingenieria Industrial,6,70.35,24255
4357,Dulce Arana 4357,Ingenieria Civil,7,70.52,24292
4358,Nancy Chamalé 4358,Ingenieria Administrativa,8,70.69,24329
4359,Byron Castellanos 4359,Ingenieria en Software,9,70.86,24366
4360,Helen Conoz 4360,Ingenieria Mecanica,10,71.03,24403
4361,Juan Perez 4361,Ingenieria en Sistemas,1,71.20,24440
4362,Ana Lopez 4362,Ingenieria Industrial,2,71.37,24477
4363,Carlos Ruiz 4363,Ingenieria Civil,3,71.54,24514
4364,Maria Garcia 4364,Ingenieria Administrativa,4,71.71,24551
4365,Luis Hernandez 4365,Ingenieria en Software,5,71.88,24588
4366,Sofia Morales 4366,Ingenieria Mecanica,6,72.05,24625
4367,Pedro Castillo 4367,Ingenieria en Sistemas,7,72.22,24662
4368,Elena Pineda 4368,Ingenieria Industrial,8,72.39,24699
4369,Jorge Contreras 4369,Ingenieria Civil,9,72.56,24736
4370,Valeria Barrios 4370,Ingenieria Administrativa,10,72.73,24773
4371,Karla Gomez 4371,Ingenieria en Software,1,72.90,24810
4372,Diego Navarro 4372,Ingenieria Mecanica,2,73.07,24847
4373,Rosa Fuentes 4373,Ingenieria en Sistemas,3,73.24,24884
4374,Mario Lemus 4374,Ingenieria Industrial,4,73.41,24921
4375,Paola Ortiz 4375,Ingenieria Civil,5,73.58,24958
4376,Sergio Aragon 4376,Ingenieria Administrativa,6,73.75,24995
4377,Dulce Arana 4377,Ingenieria en Software,7,73.92,25032
4378,Nancy Chamalé 4378,Ingenieria Mecanica,8,74.09,25069
4379,Byron Castellanos 4379,Ingenieria en Sistemas,9,74.26,25106
4380,Helen Conoz 4380,Ingenieria Industrial,10,74.43,25143
4381,Juan Perez 4381,Ingenieria Civil,1,74.60,25180
4382,Ana Lopez 4382,Ingenieria Administrativa,2,74.77,25217
4383,Carlos Ruiz 4383,Ingenieria en Software,3,74.94,25254
4384,Maria Garcia 4384,Ingenieria Mecanica,4,75.11,25291
4385,Luis Hernandez 4385,Ingenieria en Sistemas,5,75.28,25328
4386,Sofia Morales 4386,Ingenieria Industrial,6,75.45,25365
4387,Pedro Castillo 4387,Ingenieria Civil,7,75.62,25402
4388,Elena Pineda 4388,Ingenieria Administrativa,8,75.79,25439
4389,Jorge Contreras 4389,Ingenieria en Software,9,75.96,25476
4390,Valeria Barrios 4390,Ingenieria Mecanica,10,76.13,25513
4391,Karla Gomez 4391,Ingenieria en Sistemas,1,76.30,25550
4392,Diego Navarro 4392,Ingenieria Industrial,2,76.47,25587
4393,Rosa Fuentes 4393,Ingenieria Civil,3,76.64,25624
4394,Mario Lemus 4394,Ingenieria Administrativa,4,76.81,25661
4395,Paola Ortiz 4395,Ingenieria en Software,5,76.98,25698
4396,Sergio Aragon 4396,Ingenieria Mecanica,6,77.15,25735
4397,Dulce Arana 4397,Ingenieria en Sistemas,7,77.32,25772
4398,Nancy Chamalé 4398,Ingenieria Industrial,8,77.49,25809
4399,Byron Castellanos 4399,Ingenieria Civil,9,77.66,25846
4400,Helen Conoz 4400,Ingenieria Administrativa,10,77.83,25883
4401,Juan Perez 4401,Ingenieria en Software,1,78.00,25920
4402,Ana Lopez 4402,Ingenieria Mecanica,2,78.17,25957
4403,Carlos Ruiz 4403,Ingenieria en Sistemas,3,78.34,25994
4404,Maria Garcia 4404,Ingenieria Industrial,4,78.51,26031
4405,Luis Hernandez 4405,Ingenieria Civil,5,78.68,26068
4406,Sofia Morales 4406,Ingenieria Administrativa,6,78.85,26105
4407,Pedro Castillo 4407,Ingenieria en Software,7,79.02,26142
4408,Elena Pineda 4408,Ingenieria Mecanica,8,79.19,26179
4409,Jorge Contreras 4409,Ingenieria en Sistemas,9,79.36,26216
4410,Valeria Barrios 4410,Ingenieria Industrial,10,79.53,26253
4411,Karla Gomez 4411,Ingenieria Civil,1,79.70,26290
4412,Diego Navarro 4412,Ingenieria Administrativa,2,79.87,26327
4413,Rosa Fuentes 4413,Ingenieria en Software,3,80.04,26364
4414,Mario Lemus 4414,Ingenieria Mecanica,4,80.21,26401
4415,Paola Ortiz 4415,Ingenieria en Sistemas,5,80.38,26438
4416,Sergio Aragon 4416,Ingenieria Industrial,6,80.55,26475
4417,Dulce Arana 4417,Ingenieria Civil,7,80.72,26512
4418,Nancy Chamalé 4418,Ingenieria Administrativa,8,80.89,26549
4419,Byron Castellanos 4419,Ingenieria en Software,9,81.06,26586
4420,Helen Conoz 4420,Ingenieria Mecanica,10,81.23,26623
4421,Juan Perez 4421,Ingenieria en Sistemas,1,81.40,26660
4422,Ana Lopez 4422,Ingenieria Industrial,2,81.57,26697
4423,Carlos Ruiz 4423,Ingenieria Civil,3,81.74,26734
4424,Maria Garcia 4424,Ingenieria Administrativa,4,81.91,26771
4425,Luis Hernandez 4425,Ingenieria en Software,5,82.08,26808
4426,Sofia Morales 4426,Ingenieria Mecanica,6,82.25,26845
4427,Pedro Castillo 4427,Ingenieria en Sistemas,7,82.42,26882
4428,Elena Pineda 4428,Ingenieria Industrial,8,82.59,26919
4429,Jorge Contreras 4429,Ingenieria Civil,9,82.76,26956
4430,Valeria Barrios 4430,Ingenieria Administrativa,10,82.93,26993
4431,Karla Gomez 4431,Ingenieria en Software,1,83.10,27030
4432,Diego Navarro 4432,Ingenieria Mecanica,2,83.27,27067
4433,Rosa Fuentes 4433,Ingenieria en Sistemas,3,83.44,27104
4434,Mario Lemus 4434,Ingenieria Industrial,4,83.61,27141
4435,Paola Ortiz 4435,Ingenieria Civil,5,83.78,27178
4436,Sergio Aragon 4436,Ingenieria Administrativa,6,83.95,27215
4437,Dulce Arana 4437,Ingenieria en Software,7,84.12,27252
4438,Nancy Chamalé 4438,Ingenieria Mecanica,8,84.29,27289
4439,Byron Castellanos 4439,Ingenieria en Sistemas,9,84.46,27326
4440,Helen Conoz 4440,Ingenieria Industrial,10,84.63,27363
4441,Juan Perez 4441,Ingenieria Civil,1,84.80,27400
4442,Ana Lopez 4442,Ingenieria Administrativa,2,84.97,27437
4443,Carlos Ruiz 4443,Ingenieria en Software,3,85.14,27474
4444,Maria Garcia 4444,Ingenieria Mecanica,4,85.31,27511
4445,Luis Hernandez 4445,Ingenieria en Sistemas,5,85.48,27548
4446,Sofia Morales 4446,Ingenieria Industrial,6,85.65,27585
4447,Pedro Castillo 4447,Ingenieria Civil,7,85.82,27622
4448,Elena Pineda 4448,Ingenieria Administrativa,8,85.99,27659
4449,Jorge Contreras 4449,Ingenieria en Software,9,86.16,27696
4450,Valeria Barrios 4450,Ingenieria Mecanica,10,86.33,27733
4451,Karla Gomez 4451,Ingenieria en Sistemas,1,86.50,27770
4452,Diego Navarro 4452,Ingenieria Industrial,2,86.67,27807
4453,Rosa Fuentes 4453,Ingenieria Civil,3,86.84,27844
4454,Mario Lemus 4454,Ingenieria Administrativa,4,87.01,27881
4455,Paola Ortiz 4455,Ingenieria en Software,5,87.18,27918
4456,Sergio Aragon 4456,Ingenieria Mecanica,6,87.35,27955
4457,Dulce Arana 4457,Ingenieria en Sistemas,7,87.52,27992
4458,Nancy Chamalé 4458,Ingenieria Industrial,8,87.69,28029
4459,Byron Castellanos 4459,Ingenieria Civil,9,87.86,28066
4460,Helen Conoz 4460,Ingenieria Administrativa,10,88.03,28103
4461,Juan Perez 4461,Ingenieria en Software,1,88.20,28140
4462,Ana Lopez 4462,Ingenieria Mecanica,2,88.37,28177
4463,Carlos Ruiz 4463,Ingenieria en Sistemas,3,88.54,28214
4464,Maria Garcia 4464,Ingenieria Industrial,4,88.71,28251
4465,Luis Hernandez 4465,Ingenieria Civil,5,88.88,28288
4466,Sofia Morales 4466,Ingenieria Administrativa,6,89.05,28325
4467,Pedro Castillo 4467,Ingenieria en Software,7,89.22,28362
4468,Elena Pineda 4468,Ingenieria Mecanica,8,89.39,28399
4469,Jorge Contreras 4469,Ingenieria en Sistemas,9,89.56,28436
4470,Valeria Barrios 4470,Ingenieria Industrial,10,89.73,28473
4471,Karla Gomez 4471,Ingenieria Civil,1,89.90,28510
4472,Diego Navarro 4472,Ingenieria Administrativa,2,90.07,28547
4473,Rosa Fuentes 4473,Ingenieria en Software,3,90.24,28584
4474,Mario Lemus 4474,Ingenieria Mecanica,4,90.41,28621
4475,Paola Ortiz 4475,Ingenieria en Sistemas,5,90.58,28658
4476,Sergio Aragon 4476,Ingenieria Industrial,6,90.75,28695
4477,Dulce Arana 4477,Ingenieria Civil,7,90.92,28732
4478,Nancy Chamalé 4478,Ingenieria Administrativa,8,91.09,28769
4479,Byron Castellanos 4479,Ingenieria en Software,9,91.26,28806
4480,Helen Conoz 4480,Ingenieria Mecanica,10,91.43,28843
4481,Juan Perez 4481,Ingenieria en Sistemas,1,91.60,28880
4482,Ana Lopez 4482,Ingenieria Industrial,2,91.77,28917
4483,Carlos Ruiz 4483,Ingenieria Civil,3,91.94,28954
4484,Maria Garcia 4484,Ingenieria Administrativa,4,92.11,28991
4485,Luis Hernandez 4485,Ingenieria en Software,5,92.28,29028
4486,Sofia Morales 4486,Ingenieria Mecanica,6,92.45,29065
4487,Pedro Castillo 4487,Ingenieria en Sistemas,7,92.62,29102
4488,Elena Pineda 4488,Ingenieria Industrial,8,92.79,29139
4489,Jorge Contreras 4489,Ingenieria Civil,9,92.96,29176
4490,Valeria Barrios 4490,Ingenieria Administrativa,10,93.13,29213
4491,Karla Gomez 4491,Ingenieria en Software,1,93.30,29250
4492,Diego Navarro 4492,Ingenieria Mecanica,2,93.47,29287
4493,Rosa Fuentes 4493,Ingenieria en Sistemas,3,93.64,29324
4494,Mario Lemus 4494,Ingenieria Industrial,4,93.81,29361
4495,Paola Ortiz 4495,Ingenieria Civil,5,93.98,29398
4496,Sergio Aragon 4496,Ingenieria Administrativa,6,94.15,29435
4497,Dulce Arana 4497,Ingenieria en Software,7,94.32,29472
4498,Nancy Chamalé 4498,Ingenieria Mecanica,8,94.49,29509
4499,Byron Castellanos 4499,Ingenieria en Sistemas,9,94.66,29546
4500,Helen Conoz 4500,Ingenieria Industrial,10,94.83,29583
4501,Juan Perez 4501,Ingenieria Civil,1,95.00,29620
4502,Ana Lopez 4502,Ingenieria Administrativa,2,95.17,29657
4503,Carlos Ruiz 4503,Ingenieria en Software,3,95.34,29694
4504,Maria Garcia 4504,Ingenieria Mecanica,4,95.51,29731
4505,Luis Hernandez 4505,Ingenieria en Sistemas,5,95.68,29768
4506,Sofia Morales 4506,Ingenieria Industrial,6,95.85,29805
4507,Pedro Castillo 4507,Ingenieria Civil,7,96.02,29842
4508,Elena Pineda 4508,Ingenieria Administrativa,8,96.19,29879
4509,Jorge Contreras 4509,Ingenieria en Software,9,96.36,29916
4510,Valeria Barrios 4510,Ingenieria Mecanica,10,96.53,29953
4511,Karla Gomez 4511,Ingenieria en Sistemas,1,96.70,29990
4512,Diego Navarro 4512,Ingenieria Industrial,2,96.87,30027
4513,Rosa Fuentes 4513,Ingenieria Civil,3,97.04,30064
4514,Mario Lemus 4514,Ingenieria Administrativa,4,97.21,30101
4515,Paola Ortiz 4515,Ingenieria en Software,5,97.38,30138
4516,Sergio Aragon 4516,Ingenieria Mecanica,6,97.55,30175
4517,Dulce Arana 4517,Ingenieria en Sistemas,7,97.72,30212
4518,Nancy Chamalé 4518,Ingenieria Industrial,8,97.89,30249
4519,Byron Castellanos 4519,Ingenieria Civil,9,98.06,30286
4520,Helen Conoz 4520,Ingenieria Administrativa,10,98.23,30323
4521,Juan Perez 4521,Ingenieria en Software,1,98.40,30360
4522,Ana Lopez 4522,Ingenieria Mecanica,2,98.57,30397
4523,Carlos Ruiz 4523,Ingenieria en Sistemas,3,98.74,30434
4524,Maria Garcia 4524,Ingenieria Industrial,4,98.91,30471
4525,Luis Hernandez 4525,Ingenieria Civil,5,99.08,30508
4526,Sofia Morales 4526,Ingenieria Administrativa,6,99.25,30545
4527,Pedro Castillo 4527,Ingenieria en Software,7,99.42,30582
4528,Elena Pineda 4528,Ingenieria Mecanica,8,99.59,30619
4529,Jorge Contreras 4529,Ingenieria en Sistemas,9,99.76,30656
4530,Valeria Barrios 4530,Ingenieria Industrial,10,99.93,30693
4531,Karla Gomez 4531,Ingenieria Civil,1,60.10,30730
4532,Diego Navarro 4532,Ingenieria Administrativa,2,60.27,30767
4533,Rosa Fuentes 4533,Ingenieria en Software,3,60.44,30804
4534,Mario Lemus 4534,Ingenieria Mecanica,4,60.61,30841
4535,Paola Ortiz 4535,Ingenieria en Sistemas,5,60.78,30878
4536,Sergio Aragon 4536,Ingenieria Industrial,6,60.95,30915
4537,Dulce Arana 4537,Ingenieria Civil,7,61.12,30952
4538,Nancy Chamalé 4538,Ingenieria Administrativa,8,61.29,30989
4539,Byron Castellanos 4539,Ingenieria en Software,9,61.46,31026
4540,Helen Conoz 4540,Ingenieria Mecanica,10,61.63,31063
4541,Juan Perez 4541,Ingenieria en Sistemas,1,61.80,31100
4542,Ana Lopez 4542,Ingenieria Industrial,2,61.97,31137
4543,Carlos Ruiz 4543,Ingenieria Civil,3,62.14,31174
4544,Maria Garcia 4544,Ingenieria Administrativa,4,62.31,31211
4545,Luis Hernandez 4545,Ingenieria en Software,5,62.48,31248
4546,Sofia Morales 4546,Ingenieria Mecanica,6,62.65,31285
4547,Pedro Castillo 4547,Ingenieria en Sistemas,7,62.82,31322
4548,Elena Pineda 4548,Ingenieria Industrial,8,62.99,31359
4549,Jorge Contreras 4549,Ingenieria Civil,9,63.16,31396
4550,Valeria Barrios 4550,Ingenieria Administrativa,10,63.33,31433
4551,Karla Gomez 4551,Ingenieria en Software,1,63.50,31470
4552,Diego Navarro 4552,Ingenieria Mecanica,2,63.67,31507
4553,Rosa Fuentes 4553,Ingenieria en Sistemas,3,63.84,31544
4554,Mario Lemus 4554,Ingenieria Industrial,4,64.01,31581
4555,Paola Ortiz 4555,Ingenieria Civil,5,64.18,31618
4556,Sergio Aragon 4556,Ingenieria Administrativa,6,64.35,31655
4557,Dulce Arana 4557,Ingenieria en Software,7,64.52,31692
4558,Nancy Chamalé 4558,Ingenieria Mecanica,8,64.69,31729
4559,Byron Castellanos 4559,Ingenieria en Sistemas,9,64.86,31766
4560,Helen Conoz 4560,Ingenieria Industrial,10,65.03,31803
4561,Juan Perez 4561,Ingenieria Civil,1,65.20,31840
4562,Ana Lopez 4562,Ingenieria Administrativa,2,65.37,31877
4563,Carlos Ruiz 4563,Ingenieria en Software,3,65.54,31914
4564,Maria Garcia 4564,Ingenieria Mecanica,4,65.71,31951
4565,Luis Hernandez 4565,Ingenieria en Sistemas,5,65.88,31988
4566,Sofia Morales 4566,Ingenieria Industrial,6,66.05,32025
4567,Pedro Castillo 4567,Ingenieria Civil,7,66.22,32062
4568,Elena Pineda 4568,Ingenieria Administrativa,8,66.39,32099
4569,Jorge Contreras 4569,Ingenieria en Software,9,66.56,32136
4570,Valeria Barrios 4570,Ingenieria Mecanica,10,66.73,32173
4571,Karla Gomez 4571,Ingenieria en Sistemas,1,66.90,32210
4572,Diego Navarro 4572,Ingenieria Industrial,2,67.07,32247
4573,Rosa Fuentes 4573,Ingenieria Civil,3,67.24,32284
4574,Mario Lemus 4574,Ingenieria Administrativa,4,67.41,32321
4575,Paola Ortiz 4575,Ingenieria en Software,5,67.58,32358
4576,Sergio Aragon 4576,Ingenieria Mecanica,6,67.75,32395
4577,Dulce Arana 4577,Ingenieria en Sistemas,7,67.92,32432
4578,Nancy Chamalé 4578,Ingenieria Industrial,8,68.09,32469
4579,Byron Castellanos 4579,Ingenieria Civil,9,68.26,32506
4580,Helen Conoz 4580,Ingenieria Administrativa,10,68.43,32543
4581,Juan Perez 4581,Ingenieria en Software,1,68.60,32580
4582,Ana Lopez 4582,Ingenieria Mecanica,2,68.77,32617
4583,Carlos Ruiz 4583,Ingenieria en Sistemas,3,68.94,32654
4584,Maria Garcia 4584,Ingenieria Industrial,4,69.11,32691
4585,Luis Hernandez 4585,Ingenieria Civil,5,69.28,32728
4586,Sofia Morales 4586,Ingenieria Administrativa,6,69.45,32765
4587,Pedro Castillo 4587,Ingenieria en Software,7,69.62,32802
4588,Elena Pineda 4588,Ingenieria Mecanica,8,69.79,32839
4589,Jorge Contreras 4589,Ingenieria en Sistemas,9,69.96,32876
4590,Valeria Barrios 4590,Ingenieria Industrial,10,70.13,32913
4591,Karla Gomez 4591,Ingenieria Civil,1,70.30,32950
4592,Diego Navarro 4592,Ingenieria Administrativa,2,70.47,32987
4593,Rosa Fuentes 4593,Ingenieria en Software,3,70.64,33024
4594,Mario Lemus 4594,Ingenieria Mecanica,4,70.81,33061
4595,Paola Ortiz 4595,Ingenieria en Sistemas,5,70.98,33098
4596,Sergio Aragon 4596,Ingenieria Industrial,6,71.15,33135
4597,Dulce Arana 4597,Ingenieria Civil,7,71.32,33172
4598,Nancy Chamalé 4598,Ingenieria Administrativa,8,71.49,33209
4599,Byron Castellanos 4599,Ingenieria en Software,9,71.66,33246
4600,Helen Conoz 4600,Ingenieria Mecanica,10,71.83,33283
4601,Juan Perez 4601,Ingenieria en Sistemas,1,72.00,33320
4602,Ana Lopez 4602,Ingenieria Industrial,2,72.17,33357
4603,Carlos Ruiz 4603,Ingenieria Civil,3,72.34,33394
4604,Maria Garcia 4604,Ingenieria Administrativa,4,72.51,33431
4605,Luis Hernandez 4605,Ingenieria en Software,5,72.68,33468
4606,Sofia Morales 4606,Ingenieria Mecanica,6,72.85,33505
4607,Pedro Castillo 4607,Ingenieria en Sistemas,7,73.02,33542
4608,Elena Pineda 4608,Ingenieria Industrial,8,73.19,33579
4609,Jorge Contreras 4609,Ingenieria Civil,9,73.36,33616
4610,Valeria Barrios 4610,Ingenieria Administrativa,10,73.53,33653
4611,Karla Gomez 4611,Ingenieria en Software,1,73.70,33690
4612,Diego Navarro 4612,Ingenieria Mecanica,2,73.87,33727
4613,Rosa Fuentes 4613,Ingenieria en Sistemas,3,74.04,33764
4614,Mario Lemus 4614,Ingenieria Industrial,4,74.21,33801
4615,Paola Ortiz 4615,Ingenieria Civil,5,74.38,33838
4616,Sergio Aragon 4616,Ingenieria Administrativa,6,74.55,33875
4617,Dulce Arana 4617,Ingenieria en Software,7,74.72,33912
4618,Nancy Chamalé 4618,Ingenieria Mecanica,8,74.89,33949
4619,Byron Castellanos 4619,Ingenieria en Sistemas,9,75.06,33986
4620,Helen Conoz 4620,Ingenieria Industrial,10,75.23,34023
4621,Juan Perez 4621,Ingenieria Civil,1,75.40,34060
4622,Ana Lopez 4622,Ingenieria Administrativa,2,75.57,34097
4623,Carlos Ruiz 4623,Ingenieria en Software,3,75.74,34134
4624,Maria Garcia 4624,Ingenieria Mecanica,4,75.91,34171
4625,Luis Hernandez 4625,Ingenieria en Sistemas,5,76.08,34208
4626,Sofia Morales 4626,Ingenieria Industrial,6,76.25,34245
4627,Pedro Castillo 4627,Ingenieria Civil,7,76.42,34282
4628,Elena Pineda 4628,Ingenieria Administrativa,8,76.59,34319
4629,Jorge Contreras 4629,Ingenieria en Software,9,76.76,34356
4630,Valeria Barrios 4630,Ingenieria Mecanica,10,76.93,34393
4631,Karla Gomez 4631,Ingenieria en Sistemas,1,77.10,34430
4632,Diego Navarro 4632,Ingenieria Industrial,2,77.27,34467
4633,Rosa Fuentes 4633,Ingenieria Civil,3,77.44,34504
4634,Mario Lemus 4634,Ingenieria Administrativa,4,77.61,34541
4635,Paola Ortiz 4635,Ingenieria en Software,5,77.78,34578
4636,Sergio Aragon 4636,Ingenieria Mecanica,6,77.95,34615
4637,Dulce Arana 4637,Ingenieria en Sistemas,7,78.12,34652
4638,Nancy Chamalé 4638,Ingenieria Industrial,8,78.29,34689
4639,Byron Castellanos 4639,Ingenieria Civil,9,78.46,34726
4640,Helen Conoz 4640,Ingenieria Administrativa,10,78.63,34763
4641,Juan Perez 4641,Ingenieria en Software,1,78.80,34800
4642,Ana Lopez 4642,Ingenieria Mecanica,2,78.97,34837
4643,Carlos Ruiz 4643,Ingenieria en Sistemas,3,79.14,34874
4644,Maria Garcia 4644,Ingenieria Industrial,4,79.31,34911
4645,Luis Hernandez 4645,Ingenieria Civil,5,79.48,34948
4646,Sofia Morales 4646,Ingenieria Administrativa,6,79.65,34985
4647,Pedro Castillo 4647,Ingenieria en Software,7,79.82,35022
4648,Elena Pineda 4648,Ingenieria Mecanica,8,79.99,35059
4649,Jorge Contreras 4649,Ingenieria en Sistemas,9,80.16,35096
4650,Valeria Barrios 4650,Ingenieria Industrial,10,80.33,35133
4651,Karla Gomez 4651,Ingenieria Civil,1,80.50,35170
4652,Diego Navarro 4652,Ingenieria Administrativa,2,80.67,35207
4653,Rosa Fuentes 4653,Ingenieria en Software,3,80.84,35244
4654,Mario Lemus 4654,Ingenieria Mecanica,4,81.01,35281
4655,Paola Ortiz 4655,Ingenieria en Sistemas,5,81.18,35318
4656,Sergio Aragon 4656,Ingenieria Industrial,6,81.35,35355
4657,Dulce Arana 4657,Ingenieria Civil,7,81.52,35392
4658,Nancy Chamalé 4658,Ingenieria Administrativa,8,81.69,35429
4659,Byron Castellanos 4659,Ingenieria en Software,9,81.86,35466
4660,Helen Conoz 4660,Ingenieria Mecanica,10,82.03,35503
4661,Juan Perez 4661,Ingenieria en Sistemas,1,82.20,35540
4662,Ana Lopez 4662,Ingenieria Industrial,2,82.37,35577
4663,Carlos Ruiz 4663,Ingenieria Civil,3,82.54,35614
4664,Maria Garcia 4664,Ingenieria Administrativa,4,82.71,35651
4665,Luis Hernandez 4665,Ingenieria en Software,5,82.88,35688
4666,Sofia Morales 4666,Ingenieria Mecanica,6,83.05,35725
4667,Pedro Castillo 4667,Ingenieria en Sistemas,7,83.22,35762
4668,Elena Pineda 4668,Ingenieria Industrial,8,83.39,35799
4669,Jorge Contreras 4669,Ingenieria Civil,9,83.56,35836
4670,Valeria Barrios 4670,Ingenieria Administrativa,10,83.73,35873
4671,Karla Gomez 4671,Ingenieria en Software,1,83.90,35910
4672,Diego Navarro 4672,Ingenieria Mecanica,2,84.07,35947
4673,Rosa Fuentes 4673,Ingenieria en Sistemas,3,84.24,35984
4674,Mario Lemus 4674,Ingenieria Industrial,4,84.41,36021
4675,Paola Ortiz 4675,Ingenieria Civil,5,84.58,36058
4676,Sergio Aragon 4676,Ingenieria Administrativa,6,84.75,36095
4677,Dulce Arana 4677,Ingenieria en Software,7,84.92,36132
4678,Nancy Chamalé 4678,Ingenieria Mecanica,8,85.09,36169
4679,Byron Castellanos 4679,Ingenieria en Sistemas,9,85.26,36206
4680,Helen Conoz 4680,Ingenieria Industrial,10,85.43,36243
4681,Juan Perez 4681,Ingenieria Civil,1,85.60,36280
4682,Ana Lopez 4682,Ingenieria Administrativa,2,85.77,36317
4683,Carlos Ruiz 4683,Ingenieria en Software,3,85.94,36354
4684,Maria Garcia 4684,Ingenieria Mecanica,4,86.11,36391
4685,Luis Hernandez 4685,Ingenieria en Sistemas,5,86.28,36428
4686,Sofia Morales 4686,Ingenieria Industrial,6,86.45,36465
4687,Pedro Castillo 4687,Ingenieria Civil,7,86.62,36502
4688,Elena Pineda 4688,Ingenieria Administrativa,8,86.79,36539
4689,Jorge Contreras 4689,Ingenieria en Software,9,86.96,36576
4690,Valeria Barrios 4690,Ingenieria Mecanica,10,87.13,36613
4691,Karla Gomez 4691,Ingenieria en Sistemas,1,87.30,36650
4692,Diego Navarro 4692,Ingenieria Industrial,2,87.47,36687
4693,Rosa Fuentes 4693,Ingenieria Civil,3,87.64,36724
4694,Mario Lemus 4694,Ingenieria Administrativa,4,87.81,36761
4695,Paola Ortiz 4695,Ingenieria en Software,5,87.98,36798
4696,Sergio Aragon 4696,Ingenieria Mecanica,6,88.15,36835
4697,Dulce Arana 4697,Ingenieria en Sistemas,7,88.32,36872
4698,Nancy Chamalé 4698,Ingenieria Industrial,8,88.49,36909
4699,Byron Castellanos 4699,Ingenieria Civil,9,88.66,36946
4700,Helen Conoz 4700,Ingenieria Administrativa,10,88.83,36983
4701,Juan Perez 4701,Ingenieria en Software,1,89.00,37020
4702,Ana Lopez 4702,Ingenieria Mecanica,2,89.17,37057
4703,Carlos Ruiz 4703,Ingenieria en Sistemas,3,89.34,37094
4704,Maria Garcia 4704,Ingenieria Industrial,4,89.51,37131
4705,Luis Hernandez 4705,Ingenieria Civil,5,89.68,37168
4706,Sofia Morales 4706,Ingenieria Administrativa,6,89.85,37205
4707,Pedro Castillo 4707,Ingenieria en Software,7,90.02,37242
4708,Elena Pineda 4708,Ingenieria Mecanica,8,90.19,37279
4709,Jorge Contreras 4709,Ingenieria en Sistemas,9,90.36,37316
4710,Valeria Barrios 4710,Ingenieria Industrial,10,90.53,37353
4711,Karla Gomez 4711,Ingenieria Civil,1,90.70,37390
4712,Diego Navarro 4712,Ingenieria Administrativa,2,90.87,37427
4713,Rosa Fuentes 4713,Ingenieria en Software,3,91.04,37464
4714,Mario Lemus 4714,Ingenieria Mecanica,4,91.21,37501
4715,Paola Ortiz 4715,Ingenieria en Sistemas,5,91.38,37538
4716,Sergio Aragon 4716,Ingenieria Industrial,6,91.55,37575
4717,Dulce Arana 4717,Ingenieria Civil,7,91.72,37612
4718,Nancy Chamalé 4718,Ingenieria Administrativa,8,91.89,37649
4719,Byron Castellanos 4719,Ingenieria en Software,9,92.06,37686
4720,Helen Conoz 4720,Ingenieria Mecanica,10,92.23,37723
4721,Juan Perez 4721,Ingenieria en Sistemas,1,92.40,37760
4722,Ana Lopez 4722,Ingenieria Industrial,2,92.57,37797
4723,Carlos Ruiz 4723,Ingenieria Civil,3,92.74,37834
4724,Maria Garcia 4724,Ingenieria Administrativa,4,92.91,37871
4725,Luis Hernandez 4725,Ingenieria en Software,5,93.08,37908
4726,Sofia Morales 4726,Ingenieria Mecanica,6,93.25,37945
4727,Pedro Castillo 4727,Ingenieria en Sistemas,7,93.42,37982
4728,Elena Pineda 4728,Ingenieria Industrial,8,93.59,38019
4729,Jorge Contreras 4729,Ingenieria Civil,9,93.76,38056
4730,Valeria Barrios 4730,Ingenieria Administrativa,10,93.93,38093
4731,Karla Gomez 4731,Ingenieria en Software,1,94.10,38130
4732,Diego Navarro 4732,Ingenieria Mecanica,2,94.27,38167
4733,Rosa Fuentes 4733,Ingenieria en Sistemas,3,94.44,38204
4734,Mario Lemus 4734,Ingenieria Industrial,4,94.61,38241
4735,Paola Ortiz 4735,Ingenieria Civil,5,94.78,38278
4736,Sergio Aragon 4736,Ingenieria Administrativa,6,94.95,38315
4737,Dulce Arana 4737,Ingenieria en Software,7,95.12,38352
4738,Nancy Chamalé 4738,Ingenieria Mecanica,8,95.29,38389
4739,Byron Castellanos 4739,Ingenieria en Sistemas,9,95.46,38426
4740,Helen Conoz 4740,Ingenieria Industrial,10,95.63,38463
4741,Juan Perez 4741,Ingenieria Civil,1,95.80,38500
4742,Ana Lopez 4742,Ingenieria Administrativa,2,95.97,38537
4743,Carlos Ruiz 4743,Ingenieria en Software,3,96.14,38574
4744,Maria Garcia 4744,Ingenieria Mecanica,4,96.31,38611
4745,Luis Hernandez 4745,Ingenieria en Sistemas,5,96.48,38648
4746,Sofia Morales 4746,Ingenieria Industrial,6,96.65,38685
4747,Pedro Castillo 4747,Ingenieria Civil,7,96.82,38722
4748,Elena Pineda 4748,Ingenieria Administrativa,8,96.99,38759
4749,Jorge Contreras 4749,Ingenieria en Software,9,97.16,38796
4750,Valeria Barrios 4750,Ingenieria Mecanica,10,97.33,38833
4751,Karla Gomez 4751,Ingenieria en Sistemas,1,97.50,38870
4752,Diego Navarro 4752,Ingenieria Industrial,2,97.67,38907
4753,Rosa Fuentes 4753,Ingenieria Civil,3,97.84,38944
4754,Mario Lemus 4754,Ingenieria Administrativa,4,98.01,38981
4755,Paola Ortiz 4755,Ingenieria en Software,5,98.18,39018
4756,Sergio Aragon 4756,Ingenieria Mecanica,6,98.35,39055
4757,Dulce Arana 4757,Ingenieria en Sistemas,7,98.52,39092
4758,Nancy Chamalé 4758,Ingenieria Industrial,8,98.69,39129
4759,Byron Castellanos 4759,Ingenieria Civil,9,98.86,39166
4760,Helen Conoz 4760,Ingenieria Administrativa,10,99.03,39203
4761,Juan Perez 4761,Ingenieria en Software,1,99.20,39240
4762,Ana Lopez 4762,Ingenieria Mecanica,2,99.37,39277
4763,Carlos Ruiz 4763,Ingenieria en Sistemas,3,99.54,39314
4764,Maria Garcia 4764,Ingenieria Industrial,4,99.71,39351
4765,Luis Hernandez 4765,Ingenieria Civil,5,99.88,39388
4766,Sofia Morales 4766,Ingenieria Administrativa,6,60.05,39425
4767,Pedro Castillo 4767,Ingenieria en Software,7,60.22,39462
4768,Elena Pineda 4768,Ingenieria Mecanica,8,60.39,39499
4769,Jorge Contreras 4769,Ingenieria en Sistemas,9,60.56,39536
4770,Valeria Barrios 4770,Ingenieria Industrial,10,60.73,39573
4771,Karla Gomez 4771,Ingenieria Civil,1,60.90,39610
4772,Diego Navarro 4772,Ingenieria Administrativa,2,61.07,39647
4773,Rosa Fuentes 4773,Ingenieria en Software,3,61.24,39684
4774,Mario Lemus 4774,Ingenieria Mecanica,4,61.41,39721
4775,Paola Ortiz 4775,Ingenieria en Sistemas,5,61.58,39758
4776,Sergio Aragon 4776,Ingenieria Industrial,6,61.75,39795
4777,Dulce Arana 4777,Ingenieria Civil,7,61.92,39832
4778,Nancy Chamalé 4778,Ingenieria Administrativa,8,62.09,39869
4779,Byron Castellanos 4779,Ingenieria en Software,9,62.26,39906
4780,Helen Conoz 4780,Ingenieria Mecanica,10,62.43,39943
4781,Juan Perez 4781,Ingenieria en Sistemas,1,62.60,39980
4782,Ana Lopez 4782,Ingenieria Industrial,2,62.77,40017
4783,Carlos Ruiz 4783,Ingenieria Civil,3,62.94,40054
4784,Maria Garcia 4784,Ingenieria Administrativa,4,63.11,40091
4785,Luis Hernandez 4785,Ingenieria en Software,5,63.28,40128
4786,Sofia Morales 4786,Ingenieria Mecanica,6,63.45,40165
4787,Pedro Castillo 4787,Ingenieria en Sistemas,7,63.62,40202
4788,Elena Pineda 4788,Ingenieria Industrial,8,63.79,40239
4789,Jorge Contreras 4789,Ingenieria Civil,9,63.96,40276
4790,Valeria Barrios 4790,Ingenieria Administrativa,10,64.13,40313
4791,Karla Gomez 4791,Ingenieria en Software,1,64.30,40350
4792,Diego Navarro 4792,Ingenieria Mecanica,2,64.47,40387
4793,Rosa Fuentes 4793,Ingenieria en Sistemas,3,64.64,40424
4794,Mario Lemus 4794,Ingenieria Industrial,4,64.81,40461
4795,Paola Ortiz 4795,Ingenieria Civil,5,64.98,40498
4796,Sergio Aragon 4796,Ingenieria Administrativa,6,65.15,40535
4797,Dulce Arana 4797,Ingenieria en Software,7,65.32,40572
4798,Nancy Chamalé 4798,Ingenieria Mecanica,8,65.49,40609
4799,Byron Castellanos 4799,Ingenieria en Sistemas,9,65.66,40646
4800,Helen Conoz 4800,Ingenieria Industrial,10,65.83,40683
4801,Juan Perez 4801,Ingenieria Civil,1,66.00,40720
4802,Ana Lopez 4802,Ingenieria Administrativa,2,66.17,40757
4803,Carlos Ruiz 4803,Ingenieria en Software,3,66.34,40794
4804,Maria Garcia 4804,Ingenieria Mecanica,4,66.51,40831
4805,Luis Hernandez 4805,Ingenieria en Sistemas,5,66.68,40868
4806,Sofia Morales 4806,Ingenieria Industrial,6,66.85,40905
4807,Pedro Castillo 4807,Ingenieria Civil,7,67.02,40942
4808,Elena Pineda 4808,Ingenieria Administrativa,8,67.19,40979
4809,Jorge Contreras 4809,Ingenieria en Software,9,67.36,41016
4810,Valeria Barrios 4810,Ingenieria Mecanica,10,67.53,41053
4811,Karla Gomez 4811,Ingenieria en Sistemas,1,67.70,41090
4812,Diego Navarro 4812,Ingenieria Industrial,2,67.87,41127
4813,Rosa Fuentes 4813,Ingenieria Civil,3,68.04,41164
4814,Mario Lemus 4814,Ingenieria Administrativa,4,68.21,41201
4815,Paola Ortiz 4815,Ingenieria en Software,5,68.38,41238
4816,Sergio Aragon 4816,Ingenieria Mecanica,6,68.55,41275
4817,Dulce Arana 4817,Ingenieria en Sistemas,7,68.72,41312
4818,Nancy Chamalé 4818,Ingenieria Industrial,8,68.89,41349
4819,Byron Castellanos 4819,Ingenieria Civil,9,69.06,41386
4820,Helen Conoz 4820,Ingenieria Administrativa,10,69.23,41423
4821,Juan Perez 4821,Ingenieria en Software,1,69.40,41460
4822,Ana Lopez 4822,Ingenieria Mecanica,2,69.57,41497
4823,Carlos Ruiz 4823,Ingenieria en Sistemas,3,69.74,41534
4824,Maria Garcia 4824,Ingenieria Industrial,4,69.91,41571
4825,Luis Hernandez 4825,Ingenieria Civil,5,70.08,41608
4826,Sofia Morales 4826,Ingenieria Administrativa,6,70.25,41645
4827,Pedro Castillo 4827,Ingenieria en Software,7,70.42,41682
4828,Elena Pineda 4828,Ingenieria Mecanica,8,70.59,41719
4829,Jorge Contreras 4829,Ingenieria en Sistemas,9,70.76,41756
4830,Valeria Barrios 4830,Ingenieria Industrial,10,70.93,41793
4831,Karla Gomez 4831,Ingenieria Civil,1,71.10,41830
4832,Diego Navarro 4832,Ingenieria Administrativa,2,71.27,41867
4833,Rosa Fuentes 4833,Ingenieria en Software,3,71.44,41904
4834,Mario Lemus 4834,Ingenieria Mecanica,4,71.61,41941
4835,Paola Ortiz 4835,Ingenieria en Sistemas,5,71.78,41978
4836,Sergio Aragon 4836,Ingenieria Industrial,6,71.95,42015
4837,Dulce Arana 4837,Ingenieria Civil,7,72.12,42052
4838,Nancy Chamalé 4838,Ingenieria Administrativa,8,72.29,42089
4839,Byron Castellanos 4839,Ingenieria en Software,9,72.46,42126
4840,Helen Conoz 4840,Ingenieria Mecanica,10,72.63,42163
4841,Juan Perez 4841,Ingenieria en Sistemas,1,72.80,42200
4842,Ana Lopez 4842,Ingenieria Industrial,2,72.97,42237
4843,Carlos Ruiz 4843,Ingenieria Civil,3,73.14,42274
4844,Maria Garcia 4844,Ingenieria Administrativa,4,73.31,42311
4845,Luis Hernandez 4845,Ingenieria en Software,5,73.48,42348
4846,Sofia Morales 4846,Ingenieria Mecanica,6,73.65,42385
4847,Pedro Castillo 4847,Ingenieria en Sistemas,7,73.82,42422
4848,Elena Pineda 4848,Ingenieria Industrial,8,73.99,42459
4849,Jorge Contreras 4849,Ingenieria Civil,9,74.16,42496
4850,Valeria Barrios 4850,Ingenieria Administrativa,10,74.33,42533
4851,Karla Gomez 4851,Ingenieria en Software,1,74.50,42570
4852,Diego Navarro 4852,Ingenieria Mecanica,2,74.67,42607
4853,Rosa Fuentes 4853,Ingenieria en Sistemas,3,74.84,42644
4854,Mario Lemus 4854,Ingenieria Industrial,4,75.01,42681
4855,Paola Ortiz 4855,Ingenieria Civil,5,75.18,42718
4856,Sergio Aragon 4856,Ingenieria Administrativa,6,75.35,42755
4857,Dulce Arana 4857,Ingenieria en Software,7,75.52,42792
4858,Nancy Chamalé 4858,Ingenieria Mecanica,8,75.69,42829
4859,Byron Castellanos 4859,Ingenieria en Sistemas,9,75.86,42866
4860,Helen Conoz 4860,Ingenieria Industrial,10,76.03,42903
4861,Juan Perez 4861,Ingenieria Civil,1,76.20,42940
4862,Ana Lopez 4862,Ingenieria Administrativa,2,76.37,42977
4863,Carlos Ruiz 4863,Ingenieria en Software,3,76.54,43014
4864,Maria Garcia 4864,Ingenieria Mecanica,4,76.71,43051
4865,Luis Hernandez 4865,Ingenieria en Sistemas,5,76.88,43088
4866,Sofia Morales 4866,Ingenieria Industrial,6,77.05,43125
4867,Pedro Castillo 4867,Ingenieria Civil,7,77.22,43162
4868,Elena Pineda 4868,Ingenieria Administrativa,8,77.39,43199
4869,Jorge Contreras 4869,Ingenieria en Software,9,77.56,43236
4870,Valeria Barrios 4870,Ingenieria Mecanica,10,77.73,43273
4871,Karla Gomez 4871,Ingenieria en Sistemas,1,77.90,43310
4872,Diego Navarro 4872,Ingenieria Industrial,2,78.07,43347
4873,Rosa Fuentes 4873,Ingenieria Civil,3,78.24,43384
4874,Mario Lemus 4874,Ingenieria Administrativa,4,78.41,43421
4875,Paola Ortiz 4875,Ingenieria en Software,5,78.58,43458
4876,Sergio Aragon 4876,Ingenieria Mecanica,6,78.75,43495
4877,Dulce Arana 4877,Ingenieria en Sistemas,7,78.92,43532
4878,Nancy Chamalé 4878,Ingenieria Industrial,8,79.09,43569
4879,Byron Castellanos 4879,Ingenieria Civil,9,79.26,43606
4880,Helen Conoz 4880,Ingenieria Administrativa,10,79.43,43643
4881,Juan Perez 4881,Ingenieria en Software,1,79.60,43680
4882,Ana Lopez 4882,Ingenieria Mecanica,2,79.77,43717
4883,Carlos Ruiz 4883,Ingenieria en Sistemas,3,79.94,43754
4884,Maria Garcia 4884,Ingenieria Industrial,4,80.11,43791
4885,Luis Hernandez 4885,Ingenieria Civil,5,80.28,43828
4886,Sofia Morales 4886,Ingenieria Administrativa,6,80.45,43865
4887,Pedro Castillo 4887,Ingenieria en Software,7,80.62,43902
4888,Elena Pineda 4888,Ingenieria Mecanica,8,80.79,43939
4889,Jorge Contreras 4889,Ingenieria en Sistemas,9,80.96,43976
4890,Valeria Barrios 4890,Ingenieria Industrial,10,81.13,44013
4891,Karla Gomez 4891,Ingenieria Civil,1,81.30,44050
4892,Diego Navarro 4892,Ingenieria Administrativa,2,81.47,44087
4893,Rosa Fuentes 4893,Ingenieria en Software,3,81.64,44124
4894,Mario Lemus 4894,Ingenieria Mecanica,4,81.81,44161
4895,Paola Ortiz 4895,Ingenieria en Sistemas,5,81.98,44198
4896,Sergio Aragon 4896,Ingenieria Industrial,6,82.15,44235
4897,Dulce Arana 4897,Ingenieria Civil,7,82.32,44272
4898,Nancy Chamalé 4898,Ingenieria Administrativa,8,82.49,44309
4899,Byron Castellanos 4899,Ingenieria en Software,9,82.66,44346
4900,Helen Conoz 4900,Ingenieria Mecanica,10,82.83,44383
4901,Juan Perez 4901,Ingenieria en Sistemas,1,83.00,44420
4902,Ana Lopez 4902,Ingenieria Industrial,2,83.17,44457
4903,Carlos Ruiz 4903,Ingenieria Civil,3,83.34,44494
4904,Maria Garcia 4904,Ingenieria Administrativa,4,83.51,44531
4905,Luis Hernandez 4905,Ingenieria en Software,5,83.68,44568
4906,Sofia Morales 4906,Ingenieria Mecanica,6,83.85,44605
4907,Pedro Castillo 4907,Ingenieria en Sistemas,7,84.02,44642
4908,Elena Pineda 4908,Ingenieria Industrial,8,84.19,44679
4909,Jorge Contreras 4909,Ingenieria Civil,9,84.36,44716
4910,Valeria Barrios 4910,Ingenieria Administrativa,10,84.53,44753
4911,Karla Gomez 4911,Ingenieria en Software,1,84.70,44790
4912,Diego Navarro 4912,Ingenieria Mecanica,2,84.87,44827
4913,Rosa Fuentes 4913,Ingenieria en Sistemas,3,85.04,44864
4914,Mario Lemus 4914,Ingenieria Industrial,4,85.21,44901
4915,Paola Ortiz 4915,Ingenieria Civil,5,85.38,44938
4916,Sergio Aragon 4916,Ingenieria Administrativa,6,85.55,44975
4917,Dulce Arana 4917,Ingenieria en Software,7,85.72,45012
4918,Nancy Chamalé 4918,Ingenieria Mecanica,8,85.89,45049
4919,Byron Castellanos 4919,Ingenieria en Sistemas,9,86.06,45086
4920,Helen Conoz 4920,Ingenieria Industrial,10,86.23,45123
4921,Juan Perez 4921,Ingenieria Civil,1,86.40,45160
4922,Ana Lopez 4922,Ingenieria Administrativa,2,86.57,45197
4923,Carlos Ruiz 4923,Ingenieria en Software,3,86.74,45234
4924,Maria Garcia 4924,Ingenieria Mecanica,4,86.91,45271
4925,Luis Hernandez 4925,Ingenieria en Sistemas,5,87.08,45308
4926,Sofia Morales 4926,Ingenieria Industrial,6,87.25,45345
4927,Pedro Castillo 4927,Ingenieria Civil,7,87.42,45382
4928,Elena Pineda 4928,Ingenieria Administrativa,8,87.59,45419
4929,Jorge Contreras 4929,Ingenieria en Software,9,87.76,45456
4930,Valeria Barrios 4930,Ingenieria Mecanica,10,87.93,45493
4931,Karla Gomez 4931,Ingenieria en Sistemas,1,88.10,45530
4932,Diego Navarro 4932,Ingenieria Industrial,2,88.27,45567
4933,Rosa Fuentes 4933,Ingenieria Civil,3,88.44,45604
4934,Mario Lemus 4934,Ingenieria Administrativa,4,88.61,45641
4935,Paola Ortiz 4935,Ingenieria en Software,5,88.78,45678
4936,Sergio Aragon 4936,Ingenieria Mecanica,6,88.95,45715
4937,Dulce Arana 4937,Ingenieria en Sistemas,7,89.12,45752
4938,Nancy Chamalé 4938,Ingenieria Industrial,8,89.29,45789
4939,Byron Castellanos 4939,Ingenieria Civil,9,89.46,45826
4940,Helen Conoz 4940,Ingenieria Administrativa,10,89.63,45863
4941,Juan Perez 4941,Ingenieria en Software,1,89.80,45900
4942,Ana Lopez 4942,Ingenieria Mecanica,2,89.97,45937
4943,Carlos Ruiz 4943,Ingenieria en Sistemas,3,90.14,45974
4944,Maria Garcia 4944,Ingenieria Industrial,4,90.31,46011
4945,Luis Hernandez 4945,Ingenieria Civil,5,90.48,46048
4946,Sofia Morales 4946,Ingenieria Administrativa,6,90.65,46085
4947,Pedro Castillo 4947,Ingenieria en Software,7,90.82,46122
4948,Elena Pineda 4948,Ingenieria Mecanica,8,90.99,46159
4949,Jorge Contreras 4949,Ingenieria en Sistemas,9,91.16,46196
4950,Valeria Barrios 4950,Ingenieria Industrial,10,91.33,46233
4951,Karla Gomez 4951,Ingenieria Civil,1,91.50,46270
4952,Diego Navarro 4952,Ingenieria Administrativa,2,91.67,46307
4953,Rosa Fuentes 4953,Ingenieria en Software,3,91.84,46344
4954,Mario Lemus 4954,Ingenieria Mecanica,4,92.01,46381
4955,Paola Ortiz 4955,Ingenieria en Sistemas,5,92.18,46418
4956,Sergio Aragon 4956,Ingenieria Industrial,6,92.35,46455
4957,Dulce Arana 4957,Ingenieria Civil,7,92.52,46492
4958,Nancy Chamalé 4958,Ingenieria Administrativa,8,92.69,46529
4959,Byron Castellanos 4959,Ingenieria en Software,9,92.86,46566
4960,Helen Conoz 4960,Ingenieria Mecanica,10,93.03,46603
4961,Juan Perez 4961,Ingenieria en Sistemas,1,93.20,46640
4962,Ana Lopez 4962,Ingenieria Industrial,2,93.37,46677
4963,Carlos Ruiz 4963,Ingenieria Civil,3,93.54,46714
4964,Maria Garcia 4964,Ingenieria Administrativa,4,93.71,46751
4965,Luis Hernandez 4965,Ingenieria en Software,5,93.88,46788
4966,Sofia Morales 4966,Ingenieria Mecanica,6,94.05,46825
4967,Pedro Castillo 4967,Ingenieria en Sistemas,7,94.22,46862
4968,Elena Pineda 4968,Ingenieria Industrial,8,94.39,46899
4969,Jorge Contreras 4969,Ingenieria Civil,9,94.56,46936
4970,Valeria Barrios 4970,Ingenieria Administrativa,10,94.73,46973
4971,Karla Gomez 4971,Ingenieria en Software,1,94.90,47010
4972,Diego Navarro 4972,Ingenieria Mecanica,2,95.07,47047
4973,Rosa Fuentes 4973,Ingenieria en Sistemas,3,95.24,47084
4974,Mario Lemus 4974,Ingenieria Industrial,4,95.41,47121
4975,Paola Ortiz 4975,Ingenieria Civil,5,95.58,47158
4976,Sergio Aragon 4976,Ingenieria Administrativa,6,95.75,47195
4977,Dulce Arana 4977,Ingenieria en Software,7,95.92,47232
4978,Nancy Chamalé 4978,Ingenieria Mecanica,8,96.09,47269
4979,Byron Castellanos 4979,Ingenieria en Sistemas,9,96.26,47306
4980,Helen Conoz 4980,Ingenieria Industrial,10,96.43,47343
4981,Juan Perez 4981,Ingenieria Civil,1,96.60,47380
4982,Ana Lopez 4982,Ingenieria Administrativa,2,96.77,47417
4983,Carlos Ruiz 4983,Ingenieria en Software,3,96.94,47454
4984,Maria Garcia 4984,Ingenieria Mecanica,4,97.11,47491
4985,Luis Hernandez 4985,Ingenieria en Sistemas,5,97.28,47528
4986,Sofia Morales 4986,Ingenieria Industrial,6,97.45,47565
4987,Pedro Castillo 4987,Ingenieria Civil,7,97.62,47602
4988,Elena Pineda 4988,Ingenieria Administrativa,8,97.79,47639
4989,Jorge Contreras 4989,Ingenieria en Software,9,97.96,47676
4990,Valeria Barrios 4990,Ingenieria Mecanica,10,98.13,47713
4991,Karla Gomez 4991,Ingenieria en Sistemas,1,98.30,47750
4992,Diego Navarro 4992,Ingenieria Industrial,2,98.47,47787
4993,Rosa Fuentes 4993,Ingenieria Civil,3,98.64,47824
4994,Mario Lemus 4994,Ingenieria Administrativa,4,98.81,47861
4995,Paola Ortiz 4995,Ingenieria en Software,5,98.98,47898
4996,Sergio Aragon 4996,Ingenieria Mecanica,6,99.15,47935
4997,Dulce Arana 4997,Ingenieria en Sistemas,7,99.32,47972
4998,Nancy Chamalé 4998,Ingenieria Industrial,8,99.49,48009
4999,Byron Castellanos 4999,Ingenieria Civil,9,99.66,48046
5000,Helen Conoz 5000,Ingenieria Administrativa,10,99.83,48083
5001,Juan Perez 5001,Ingenieria en Software,1,60.00,48120
5002,Ana Lopez 5002,Ingenieria Mecanica,2,60.17,48157
5003,Carlos Ruiz 5003,Ingenieria en Sistemas,3,60.34,48194
5004,Maria Garcia 5004,Ingenieria Industrial,4,60.51,48231
5005,Luis Hernandez 5005,Ingenieria Civil,5,60.68,48268
5006,Sofia Morales 5006,Ingenieria Administrativa,6,60.85,48305
5007,Pedro Castillo 5007,Ingenieria en Software,7,61.02,48342
5008,Elena Pineda 5008,Ingenieria Mecanica,8,61.19,48379
5009,Jorge Contreras 5009,Ingenieria en Sistemas,9,61.36,48416
5010,Valeria Barrios 5010,Ingenieria Industrial,10,61.53,48453
5011,Karla Gomez 5011,Ingenieria Civil,1,61.70,48490
5012,Diego Navarro 5012,Ingenieria Administrativa,2,61.87,48527
5013,Rosa Fuentes 5013,Ingenieria en Software,3,62.04,48564
5014,Mario Lemus 5014,Ingenieria Mecanica,4,62.21,48601
5015,Paola Ortiz 5015,Ingenieria en Sistemas,5,62.38,48638
5016,Sergio Aragon 5016,Ingenieria Industrial,6,62.55,48675
5017,Dulce Arana 5017,Ingenieria Civil,7,62.72,48712
5018,Nancy Chamalé 5018,Ingenieria Administrativa,8,62.89,48749
5019,Byron Castellanos 5019,Ingenieria en Software,9,63.06,48786
5020,Helen Conoz 5020,Ingenieria Mecanica,10,63.23,48823
5021,Juan Perez 5021,Ingenieria en Sistemas,1,63.40,48860
5022,Ana Lopez 5022,Ingenieria Industrial,2,63.57,48897
5023,Carlos Ruiz 5023,Ingenieria Civil,3,63.74,48934
5024,Maria Garcia 5024,Ingenieria Administrativa,4,63.91,48971
5025,Luis Hernandez 5025,Ingenieria en Software,5,64.08,49008
5026,Sofia Morales 5026,Ingenieria Mecanica,6,64.25,49045
5027,Pedro Castillo 5027,Ingenieria en Sistemas,7,64.42,49082
5028,Elena Pineda 5028,Ingenieria Industrial,8,64.59,49119
5029,Jorge Contreras 5029,Ingenieria Civil,9,64.76,49156
5030,Valeria Barrios 5030,Ingenieria Administrativa,10,64.93,49193
5031,Karla Gomez 5031,Ingenieria en Software,1,65.10,49230
5032,Diego Navarro 5032,Ingenieria Mecanica,2,65.27,49267
5033,Rosa Fuentes 5033,Ingenieria en Sistemas,3,65.44,49304
5034,Mario Lemus 5034,Ingenieria Industrial,4,65.61,49341
5035,Paola Ortiz 5035,Ingenieria Civil,5,65.78,49378
5036,Sergio Aragon 5036,Ingenieria Administrativa,6,65.95,49415
5037,Dulce Arana 5037,Ingenieria en Software,7,66.12,49452
5038,Nancy Chamalé 5038,Ingenieria Mecanica,8,66.29,49489
5039,Byron Castellanos 5039,Ingenieria en Sistemas,9,66.46,49526
5040,Helen Conoz 5040,Ingenieria Industrial,10,66.63,49563
5041,Juan Perez 5041,Ingenieria Civil,1,66.80,49600
5042,Ana Lopez 5042,Ingenieria Administrativa,2,66.97,49637
5043,Carlos Ruiz 5043,Ingenieria en Software,3,67.14,49674
5044,Maria Garcia 5044,Ingenieria Mecanica,4,67.31,49711
5045,Luis Hernandez 5045,Ingenieria en Sistemas,5,67.48,49748
5046,Sofia Morales 5046,Ingenieria Industrial,6,67.65,49785
5047,Pedro Castillo 5047,Ingenieria Civil,7,67.82,49822
5048,Elena Pineda 5048,Ingenieria Administrativa,8,67.99,49859
5049,Jorge Contreras 5049,Ingenieria en Software,9,68.16,49896
5050,Valeria Barrios 5050,Ingenieria Mecanica,10,68.33,49933
5051,Karla Gomez 5051,Ingenieria en Sistemas,1,68.50,49970
5052,Diego Navarro 5052,Ingenieria Industrial,2,68.67,50007
5053,Rosa Fuentes 5053,Ingenieria Civil,3,68.84,50044
5054,Mario Lemus 5054,Ingenieria Administrativa,4,69.01,50081
5055,Paola Ortiz 5055,Ingenieria en Software,5,69.18,50118
5056,Sergio Aragon 5056,Ingenieria Mecanica,6,69.35,50155
5057,Dulce Arana 5057,Ingenieria en Sistemas,7,69.52,50192
5058,Nancy Chamalé 5058,Ingenieria Industrial,8,69.69,50229
5059,Byron Castellanos 5059,Ingenieria Civil,9,69.86,50266
5060,Helen Conoz 5060,Ingenieria Administrativa,10,70.03,50303
5061,Juan Perez 5061,Ingenieria en Software,1,70.20,50340
5062,Ana Lopez 5062,Ingenieria Mecanica,2,70.37,50377
5063,Carlos Ruiz 5063,Ingenieria en Sistemas,3,70.54,50414
5064,Maria Garcia 5064,Ingenieria Industrial,4,70.71,50451
5065,Luis Hernandez 5065,Ingenieria Civil,5,70.88,50488
5066,Sofia Morales 5066,Ingenieria Administrativa,6,71.05,50525
5067,Pedro Castillo 5067,Ingenieria en Software,7,71.22,50562
5068,Elena Pineda 5068,Ingenieria Mecanica,8,71.39,50599
5069,Jorge Contreras 5069,Ingenieria en Sistemas,9,71.56,50636
5070,Valeria Barrios 5070,Ingenieria Industrial,10,71.73,50673
5071,Karla Gomez 5071,Ingenieria Civil,1,71.90,50710
5072,Diego Navarro 5072,Ingenieria Administrativa,2,72.07,50747
5073,Rosa Fuentes 5073,Ingenieria en Software,3,72.24,50784
5074,Mario Lemus 5074,Ingenieria Mecanica,4,72.41,50821
5075,Paola Ortiz 5075,Ingenieria en Sistemas,5,72.58,50858
5076,Sergio Aragon 5076,Ingenieria Industrial,6,72.75,50895
5077,Dulce Arana 5077,Ingenieria Civil,7,72.92,50932
5078,Nancy Chamalé 5078,Ingenieria Administrativa,8,73.09,50969
5079,Byron Castellanos 5079,Ingenieria en Software,9,73.26,51006
5080,Helen Conoz 5080,Ingenieria Mecanica,10,73.43,51043
5081,Juan Perez 5081,Ingenieria en Sistemas,1,73.60,51080
5082,Ana Lopez 5082,Ingenieria Industrial,2,73.77,51117
5083,Carlos Ruiz 5083,Ingenieria Civil,3,73.94,51154
5084,Maria Garcia 5084,Ingenieria Administrativa,4,74.11,51191
5085,Luis Hernandez 5085,Ingenieria en Software,5,74.28,51228
5086,Sofia Morales 5086,Ingenieria Mecanica,6,74.45,51265
5087,Pedro Castillo 5087,Ingenieria en Sistemas,7,74.62,51302
5088,Elena Pineda 5088,Ingenieria Industrial,8,74.79,51339
5089,Jorge Contreras 5089,Ingenieria Civil,9,74.96,51376
5090,Valeria Barrios 5090,Ingenieria Administrativa,10,75.13,51413
5091,Karla Gomez 5091,Ingenieria en Software,1,75.30,51450
5092,Diego Navarro 5092,Ingenieria Mecanica,2,75.47,51487
5093,Rosa Fuentes 5093,Ingenieria en Sistemas,3,75.64,51524
5094,Mario Lemus 5094,Ingenieria Industrial,4,75.81,51561
5095,Paola Ortiz 5095,Ingenieria Civil,5,75.98,51598
5096,Sergio Aragon 5096,Ingenieria Administrativa,6,76.15,51635
5097,Dulce Arana 5097,Ingenieria en Software,7,76.32,51672
5098,Nancy Chamalé 5098,Ingenieria Mecanica,8,76.49,51709
5099,Byron Castellanos 5099,Ingenieria en Sistemas,9,76.66,51746
5100,Helen Conoz 5100,Ingenieria Industrial,10,76.83,51783
5101,Juan Perez 5101,Ingenieria Civil,1,77.00,51820
5102,Ana Lopez 5102,Ingenieria Administrativa,2,77.17,51857
5103,Carlos Ruiz 5103,Ingenieria en Software,3,77.34,51894
5104,Maria Garcia 5104,Ingenieria Mecanica,4,77.51,51931
5105,Luis Hernandez 5105,Ingenieria en Sistemas,5,77.68,51968
5106,Sofia Morales 5106,Ingenieria Industrial,6,77.85,52005
5107,Pedro Castillo 5107,Ingenieria Civil,7,78.02,52042
5108,Elena Pineda 5108,Ingenieria Administrativa,8,78.19,52079
5109,Jorge Contreras 5109,Ingenieria en Software,9,78.36,52116
5110,Valeria Barrios 5110,Ingenieria Mecanica,10,78.53,52153
5111,Karla Gomez 5111,Ingenieria en Sistemas,1,78.70,52190
5112,Diego Navarro 5112,Ingenieria Industrial,2,78.87,52227
5113,Rosa Fuentes 5113,Ingenieria Civil,3,79.04,52264
5114,Mario Lemus 5114,Ingenieria Administrativa,4,79.21,52301
5115,Paola Ortiz 5115,Ingenieria en Software,5,79.38,52338
5116,Sergio Aragon 5116,Ingenieria Mecanica,6,79.55,52375
5117,Dulce Arana 5117,Ingenieria en Sistemas,7,79.72,52412
5118,Nancy Chamalé 5118,Ingenieria Industrial,8,79.89,52449
5119,Byron Castellanos 5119,Ingenieria Civil,9,80.06,52486
5120,Helen Conoz 5120,Ingenieria Administrativa,10,80.23,52523
5121,Juan Perez 5121,Ingenieria en Software,1,80.40,52560
5122,Ana Lopez 5122,Ingenieria Mecanica,2,80.57,52597
5123,Carlos Ruiz 5123,Ingenieria en Sistemas,3,80.74,52634
5124,Maria Garcia 5124,Ingenieria Industrial,4,80.91,52671
5125,Luis Hernandez 5125,Ingenieria Civil,5,81.08,52708
5126,Sofia Morales 5126,Ingenieria Administrativa,6,81.25,52745
5127,Pedro Castillo 5127,Ingenieria en Software,7,81.42,52782
5128,Elena Pineda 5128,Ingenieria Mecanica,8,81.59,52819
5129,Jorge Contreras 5129,Ingenieria en Sistemas,9,81.76,52856
5130,Valeria Barrios 5130,Ingenieria Industrial,10,81.93,52893
5131,Karla Gomez 5131,Ingenieria Civil,1,82.10,52930
5132,Diego Navarro 5132,Ingenieria Administrativa,2,82.27,52967
5133,Rosa Fuentes 5133,Ingenieria en Software,3,82.44,53004
5134,Mario Lemus 5134,Ingenieria Mecanica,4,82.61,53041
5135,Paola Ortiz 5135,Ingenieria en Sistemas,5,82.78,53078
5136,Sergio Aragon 5136,Ingenieria Industrial,6,82.95,53115
5137,Dulce Arana 5137,Ingenieria Civil,7,83.12,53152
5138,Nancy Chamalé 5138,Ingenieria Administrativa,8,83.29,53189
5139,Byron Castellanos 5139,Ingenieria en Software,9,83.46,53226
5140,Helen Conoz 5140,Ingenieria Mecanica,10,83.63,53263
5141,Juan Perez 5141,Ingenieria en Sistemas,1,83.80,53300
5142,Ana Lopez 5142,Ingenieria Industrial,2,83.97,53337
5143,Carlos Ruiz 5143,Ingenieria Civil,3,84.14,53374
5144,Maria Garcia 5144,Ingenieria Administrativa,4,84.31,53411
5145,Luis Hernandez 5145,Ingenieria en Software,5,84.48,53448
5146,Sofia Morales 5146,Ingenieria Mecanica,6,84.65,53485
5147,Pedro Castillo 5147,Ingenieria en Sistemas,7,84.82,53522
5148,Elena Pineda 5148,Ingenieria Industrial,8,84.99,53559
5149,Jorge Contreras 5149,Ingenieria Civil,9,85.16,53596
5150,Valeria Barrios 5150,Ingenieria Administrativa,10,85.33,53633
5151,Karla Gomez 5151,Ingenieria en Software,1,85.50,53670
5152,Diego Navarro 5152,Ingenieria Mecanica,2,85.67,53707
5153,Rosa Fuentes 5153,Ingenieria en Sistemas,3,85.84,53744
5154,Mario Lemus 5154,Ingenieria Industrial,4,86.01,53781
5155,Paola Ortiz 5155,Ingenieria Civil,5,86.18,53818
5156,Sergio Aragon 5156,Ingenieria Administrativa,6,86.35,53855
5157,Dulce Arana 5157,Ingenieria en Software,7,86.52,53892
5158,Nancy Chamalé 5158,Ingenieria Mecanica,8,86.69,53929
5159,Byron Castellanos 5159,Ingenieria en Sistemas,9,86.86,53966
5160,Helen Conoz 5160,Ingenieria Industrial,10,87.03,54003
5161,Juan Perez 5161,Ingenieria Civil,1,87.20,54040
5162,Ana Lopez 5162,Ingenieria Administrativa,2,87.37,54077
5163,Carlos Ruiz 5163,Ingenieria en Software,3,87.54,54114
5164,Maria Garcia 5164,Ingenieria Mecanica,4,87.71,54151
5165,Luis Hernandez 5165,Ingenieria en Sistemas,5,87.88,54188
5166,Sofia Morales 5166,Ingenieria Industrial,6,88.05,54225
5167,Pedro Castillo 5167,Ingenieria Civil,7,88.22,54262
5168,Elena Pineda 5168,Ingenieria Administrativa,8,88.39,54299
5169,Jorge Contreras 5169,Ingenieria en Software,9,88.56,54336
5170,Valeria Barrios 5170,Ingenieria Mecanica,10,88.73,54373
5171,Karla Gomez 5171,Ingenieria en Sistemas,1,88.90,54410
5172,Diego Navarro 5172,Ingenieria Industrial,2,89.07,54447
5173,Rosa Fuentes 5173,Ingenieria Civil,3,89.24,54484
5174,Mario Lemus 5174,Ingenieria Administrativa,4,89.41,54521
5175,Paola Ortiz 5175,Ingenieria en Software,5,89.58,54558
5176,Sergio Aragon 5176,Ingenieria Mecanica,6,89.75,54595
5177,Dulce Arana 5177,Ingenieria en Sistemas,7,89.92,54632
5178,Nancy Chamalé 5178,Ingenieria Industrial,8,90.09,54669
5179,Byron Castellanos 5179,Ingenieria Civil,9,90.26,54706
5180,Helen Conoz 5180,Ingenieria Administrativa,10,90.43,54743
5181,Juan Perez 5181,Ingenieria en Software,1,90.60,54780
5182,Ana Lopez 5182,Ingenieria Mecanica,2,90.77,54817
5183,Carlos Ruiz 5183,Ingenieria en Sistemas,3,90.94,54854
5184,Maria Garcia 5184,Ingenieria Industrial,4,91.11,54891
5185,Luis Hernandez 5185,Ingenieria Civil,5,91.28,54928
5186,Sofia Morales 5186,Ingenieria Administrativa,6,91.45,54965
5187,Pedro Castillo 5187,Ingenieria en Software,7,91.62,55002
5188,Elena Pineda 5188,Ingenieria Mecanica,8,91.79,55039
5189,Jorge Contreras 5189,Ingenieria en Sistemas,9,91.96,55076
5190,Valeria Barrios 5190,Ingenieria Industrial,10,92.13,55113
5191,Karla Gomez 5191,Ingenieria Civil,1,92.30,55150
5192,Diego Navarro 5192,Ingenieria Administrativa,2,92.47,55187
5193,Rosa Fuentes 5193,Ingenieria en Software,3,92.64,55224
5194,Mario Lemus 5194,Ingenieria Mecanica,4,92.81,55261
5195,Paola Ortiz 5195,Ingenieria en Sistemas,5,92.98,55298
5196,Sergio Aragon 5196,Ingenieria Industrial,6,93.15,55335
5197,Dulce Arana 5197,Ingenieria Civil,7,93.32,55372
5198,Nancy Chamalé 5198,Ingenieria Administrativa,8,93.49,55409
5199,Byron Castellanos 5199,Ingenieria en Software,9,93.66,55446
5200,Helen Conoz 5200,Ingenieria Mecanica,10,93.83,55483
5201,Juan Perez 5201,Ingenieria en Sistemas,1,94.00,55520
5202,Ana Lopez 5202,Ingenieria Industrial,2,94.17,55557
5203,Carlos Ruiz 5203,Ingenieria Civil,3,94.34,55594
5204,Maria Garcia 5204,Ingenieria Administrativa,4,94.51,55631
5205,Luis Hernandez 5205,Ingenieria en Software,5,94.68,55668
5206,Sofia Morales 5206,Ingenieria Mecanica,6,94.85,55705
5207,Pedro Castillo 5207,Ingenieria en Sistemas,7,95.02,55742
5208,Elena Pineda 5208,Ingenieria Industrial,8,95.19,55779
5209,Jorge Contreras 5209,Ingenieria Civil,9,95.36,55816
5210,Valeria Barrios 5210,Ingenieria Administrativa,10,95.53,55853
5211,Karla Gomez 5211,Ingenieria en Software,1,95.70,55890
5212,Diego Navarro 5212,Ingenieria Mecanica,2,95.87,55927
5213,Rosa Fuentes 5213,Ingenieria en Sistemas,3,96.04,55964
5214,Mario Lemus 5214,Ingenieria Industrial,4,96.21,56001
5215,Paola Ortiz 5215,Ingenieria Civil,5,96.38,56038
5216,Sergio Aragon 5216,Ingenieria Administrativa,6,96.55,56075
5217,Dulce Arana 5217,Ingenieria en Software,7,96.72,56112
5218,Nancy Chamalé 5218,Ingenieria Mecanica,8,96.89,56149
5219,Byron Castellanos 5219,Ingenieria en Sistemas,9,97.06,56186
5220,Helen Conoz 5220,Ingenieria Industrial,10,97.23,56223
5221,Juan Perez 5221,Ingenieria Civil,1,97.40,56260
5222,Ana Lopez 5222,Ingenieria Administrativa,2,97.57,56297
5223,Carlos Ruiz 5223,Ingenieria en Software,3,97.74,56334
5224,Maria Garcia 5224,Ingenieria Mecanica,4,97.91,56371
5225,Luis Hernandez 5225,Ingenieria en Sistemas,5,98.08,56408
5226,Sofia Morales 5226,Ingenieria Industrial,6,98.25,56445
5227,Pedro Castillo 5227,Ingenieria Civil,7,98.42,56482
5228,Elena Pineda 5228,Ingenieria Administrativa,8,98.59,56519
5229,Jorge Contreras 5229,Ingenieria en Software,9,98.76,56556
5230,Valeria Barrios 5230,Ingenieria Mecanica,10,98.93,56593
5231,Karla Gomez 5231,Ingenieria en Sistemas,1,99.10,56630
5232,Diego Navarro 5232,Ingenieria Industrial,2,99.27,56667
5233,Rosa Fuentes 5233,Ingenieria Civil,3,99.44,56704
5234,Mario Lemus 5234,Ingenieria Administrativa,4,99.61,56741
5235,Paola Ortiz 5235,Ingenieria en Software,5,99.78,56778
5236,Sergio Aragon 5236,Ingenieria Mecanica,6,99.95,56815
5237,Dulce Arana 5237,Ingenieria en Sistemas,7,60.12,56852
5238,Nancy Chamalé 5238,Ingenieria Industrial,8,60.29,56889
5239,Byron Castellanos 5239,Ingenieria Civil,9,60.46,56926
5240,Helen Conoz 5240,Ingenieria Administrativa,10,60.63,56963
5241,Juan Perez 5241,Ingenieria en Software,1,60.80,57000
5242,Ana Lopez 5242,Ingenieria Mecanica,2,60.97,57037
5243,Carlos Ruiz 5243,Ingenieria en Sistemas,3,61.14,57074
5244,Maria Garcia 5244,Ingenieria Industrial,4,61.31,57111
5245,Luis Hernandez 5245,Ingenieria Civil,5,61.48,57148
5246,Sofia Morales 5246,Ingenieria Administrativa,6,61.65,57185
5247,Pedro Castillo 5247,Ingenieria en Software,7,61.82,57222
5248,Elena Pineda 5248,Ingenieria Mecanica,8,61.99,57259
5249,Jorge Contreras 5249,Ingenieria en Sistemas,9,62.16,57296
5250,Valeria Barrios 5250,Ingenieria Industrial,10,62.33,57333
5251,Karla Gomez 5251,Ingenieria Civil,1,62.50,57370
5252,Diego Navarro 5252,Ingenieria Administrativa,2,62.67,57407
5253,Rosa Fuentes 5253,Ingenieria en Software,3,62.84,57444
5254,Mario Lemus 5254,Ingenieria Mecanica,4,63.01,57481
5255,Paola Ortiz 5255,Ingenieria en Sistemas,5,63.18,57518
5256,Sergio Aragon 5256,Ingenieria Industrial,6,63.35,57555
5257,Dulce Arana 5257,Ingenieria Civil,7,63.52,57592
5258,Nancy Chamalé 5258,Ingenieria Administrativa,8,63.69,57629
5259,Byron Castellanos 5259,Ingenieria en Software,9,63.86,57666
5260,Helen Conoz 5260,Ingenieria Mecanica,10,64.03,57703
5261,Juan Perez 5261,Ingenieria en Sistemas,1,64.20,57740
5262,Ana Lopez 5262,Ingenieria Industrial,2,64.37,57777
5263,Carlos Ruiz 5263,Ingenieria Civil,3,64.54,57814
5264,Maria Garcia 5264,Ingenieria Administrativa,4,64.71,57851
5265,Luis Hernandez 5265,Ingenieria en Software,5,64.88,57888
5266,Sofia Morales 5266,Ingenieria Mecanica,6,65.05,57925
5267,Pedro Castillo 5267,Ingenieria en Sistemas,7,65.22,57962
5268,Elena Pineda 5268,Ingenieria Industrial,8,65.39,57999
5269,Jorge Contreras 5269,Ingenieria Civil,9,65.56,58036
5270,Valeria Barrios 5270,Ingenieria Administrativa,10,65.73,58073
5271,Karla Gomez 5271,Ingenieria en Software,1,65.90,58110
5272,Diego Navarro 5272,Ingenieria Mecanica,2,66.07,58147
5273,Rosa Fuentes 5273,Ingenieria en Sistemas,3,66.24,58184
5274,Mario Lemus 5274,Ingenieria Industrial,4,66.41,58221
5275,Paola Ortiz 5275,Ingenieria Civil,5,66.58,58258
5276,Sergio Aragon 5276,Ingenieria Administrativa,6,66.75,58295
5277,Dulce Arana 5277,Ingenieria en Software,7,66.92,58332
5278,Nancy Chamalé 5278,Ingenieria Mecanica,8,67.09,58369
5279,Byron Castellanos 5279,Ingenieria en Sistemas,9,67.26,58406
5280,Helen Conoz 5280,Ingenieria Industrial,10,67.43,58443
5281,Juan Perez 5281,Ingenieria Civil,1,67.60,58480
5282,Ana Lopez 5282,Ingenieria Administrativa,2,67.77,58517
5283,Carlos Ruiz 5283,Ingenieria en Software,3,67.94,58554
5284,Maria Garcia 5284,Ingenieria Mecanica,4,68.11,58591
5285,Luis Hernandez 5285,Ingenieria en Sistemas,5,68.28,58628
5286,Sofia Morales 5286,Ingenieria Industrial,6,68.45,58665
5287,Pedro Castillo 5287,Ingenieria Civil,7,68.62,58702
5288,Elena Pineda 5288,Ingenieria Administrativa,8,68.79,58739
5289,Jorge Contreras 5289,Ingenieria en Software,9,68.96,58776
5290,Valeria Barrios 5290,Ingenieria Mecanica,10,69.13,58813
5291,Karla Gomez 5291,Ingenieria en Sistemas,1,69.30,58850
5292,Diego Navarro 5292,Ingenieria Industrial,2,69.47,58887
5293,Rosa Fuentes 5293,Ingenieria Civil,3,69.64,58924
5294,Mario Lemus 5294,Ingenieria Administrativa,4,69.81,58961
5295,Paola Ortiz 5295,Ingenieria en Software,5,69.98,58998
5296,Sergio Aragon 5296,Ingenieria Mecanica,6,70.15,59035
5297,Dulce Arana 5297,Ingenieria en Sistemas,7,70.32,59072
5298,Nancy Chamalé 5298,Ingenieria Industrial,8,70.49,59109
5299,Byron Castellanos 5299,Ingenieria Civil,9,70.66,59146
5300,Helen Conoz 5300,Ingenieria Administrativa,10,70.83,59183
5301,Juan Perez 5301,Ingenieria en Software,1,71.00,59220
5302,Ana Lopez 5302,Ingenieria Mecanica,2,71.17,59257
5303,Carlos Ruiz 5303,Ingenieria en Sistemas,3,71.34,59294
5304,Maria Garcia 5304,Ingenieria Industrial,4,71.51,59331
5305,Luis Hernandez 5305,Ingenieria Civil,5,71.68,59368
5306,Sofia Morales 5306,Ingenieria Administrativa,6,71.85,59405
5307,Pedro Castillo 5307,Ingenieria en Software,7,72.02,59442
5308,Elena Pineda 5308,Ingenieria Mecanica,8,72.19,59479
5309,Jorge Contreras 5309,Ingenieria en Sistemas,9,72.36,59516
5310,Valeria Barrios 5310,Ingenieria Industrial,10,72.53,59553
5311,Karla Gomez 5311,Ingenieria Civil,1,72.70,59590
5312,Diego Navarro 5312,Ingenieria Administrativa,2,72.87,59627
5313,Rosa Fuentes 5313,Ingenieria en Software,3,73.04,59664
5314,Mario Lemus 5314,Ingenieria Mecanica,4,73.21,59701
5315,Paola Ortiz 5315,Ingenieria en Sistemas,5,73.38,59738
5316,Sergio Aragon 5316,Ingenieria Industrial,6,73.55,59775
5317,Dulce Arana 5317,Ingenieria Civil,7,73.72,59812
5318,Nancy Chamalé 5318,Ingenieria Administrativa,8,73.89,59849
5319,Byron Castellanos 5319,Ingenieria en Software,9,74.06,59886
5320,Helen Conoz 5320,Ingenieria Mecanica,10,74.23,59923
5321,Juan Perez 5321,Ingenieria en Sistemas,1,74.40,59960
5322,Ana Lopez 5322,Ingenieria Industrial,2,74.57,59997
5323,Carlos Ruiz 5323,Ingenieria Civil,3,74.74,60034
5324,Maria Garcia 5324,Ingenieria Administrativa,4,74.91,60071
5325,Luis Hernandez 5325,Ingenieria en Software,5,75.08,60108
5326,Sofia Morales 5326,Ingenieria Mecanica,6,75.25,60145
5327,Pedro Castillo 5327,Ingenieria en Sistemas,7,75.42,60182
5328,Elena Pineda 5328,Ingenieria Industrial,8,75.59,60219
5329,Jorge Contreras 5329,Ingenieria Civil,9,75.76,60256
5330,Valeria Barrios 5330,Ingenieria Administrativa,10,75.93,60293
5331,Karla Gomez 5331,Ingenieria en Software,1,76.10,60330
5332,Diego Navarro 5332,Ingenieria Mecanica,2,76.27,60367
5333,Rosa Fuentes 5333,Ingenieria en Sistemas,3,76.44,60404
5334,Mario Lemus 5334,Ingenieria Industrial,4,76.61,60441
5335,Paola Ortiz 5335,Ingenieria Civil,5,76.78,60478
5336,Sergio Aragon 5336,Ingenieria Administrativa,6,76.95,60515
5337,Dulce Arana 5337,Ingenieria en Software,7,77.12,60552
5338,Nancy Chamalé 5338,Ingenieria Mecanica,8,77.29,60589
5339,Byron Castellanos 5339,Ingenieria en Sistemas,9,77.46,60626
5340,Helen Conoz 5340,Ingenieria Industrial,10,77.63,60663
5341,Juan Perez 5341,Ingenieria Civil,1,77.80,60700
5342,Ana Lopez 5342,Ingenieria Administrativa,2,77.97,60737
5343,Carlos Ruiz 5343,Ingenieria en Software,3,78.14,60774
5344,Maria Garcia 5344,Ingenieria Mecanica,4,78.31,60811
5345,Luis Hernandez 5345,Ingenieria en Sistemas,5,78.48,60848
5346,Sofia Morales 5346,Ingenieria Industrial,6,78.65,60885
5347,Pedro Castillo 5347,Ingenieria Civil,7,78.82,60922
5348,Elena Pineda 5348,Ingenieria Administrativa,8,78.99,60959
5349,Jorge Contreras 5349,Ingenieria en Software,9,79.16,60996
5350,Valeria Barrios 5350,Ingenieria Mecanica,10,79.33,61033
5351,Karla Gomez 5351,Ingenieria en Sistemas,1,79.50,61070
5352,Diego Navarro 5352,Ingenieria Industrial,2,79.67,61107
5353,Rosa Fuentes 5353,Ingenieria Civil,3,79.84,61144
5354,Mario Lemus 5354,Ingenieria Administrativa,4,80.01,61181
5355,Paola Ortiz 5355,Ingenieria en Software,5,80.18,61218
5356,Sergio Aragon 5356,Ingenieria Mecanica,6,80.35,61255
5357,Dulce Arana 5357,Ingenieria en Sistemas,7,80.52,61292
5358,Nancy Chamalé 5358,Ingenieria Industrial,8,80.69,61329
5359,Byron Castellanos 5359,Ingenieria Civil,9,80.86,61366
5360,Helen Conoz 5360,Ingenieria Administrativa,10,81.03,61403
5361,Juan Perez 5361,Ingenieria en Software,1,81.20,61440
5362,Ana Lopez 5362,Ingenieria Mecanica,2,81.37,61477
5363,Carlos Ruiz 5363,Ingenieria en Sistemas,3,81.54,61514
5364,Maria Garcia 5364,Ingenieria Industrial,4,81.71,61551
5365,Luis Hernandez 5365,Ingenieria Civil,5,81.88,61588
5366,Sofia Morales 5366,Ingenieria Administrativa,6,82.05,61625
5367,Pedro Castillo 5367,Ingenieria en Software,7,82.22,61662
5368,Elena Pineda 5368,Ingenieria Mecanica,8,82.39,61699
5369,Jorge Contreras 5369,Ingenieria en Sistemas,9,82.56,61736
5370,Valeria Barrios 5370,Ingenieria Industrial,10,82.73,61773
5371,Karla Gomez 5371,Ingenieria Civil,1,82.90,61810
5372,Diego Navarro 5372,Ingenieria Administrativa,2,83.07,61847
5373,Rosa Fuentes 5373,Ingenieria en Software,3,83.24,61884
5374,Mario Lemus 5374,Ingenieria Mecanica,4,83.41,61921
5375,Paola Ortiz 5375,Ingenieria en Sistemas,5,83.58,61958
5376,Sergio Aragon 5376,Ingenieria Industrial,6,83.75,61995
5377,Dulce Arana 5377,Ingenieria Civil,7,83.92,62032
5378,Nancy Chamalé 5378,Ingenieria Administrativa,8,84.09,62069
5379,Byron Castellanos 5379,Ingenieria en Software,9,84.26,62106
5380,Helen Conoz 5380,Ingenieria Mecanica,10,84.43,62143
5381,Juan Perez 5381,Ingenieria en Sistemas,1,84.60,62180
5382,Ana Lopez 5382,Ingenieria Industrial,2,84.77,62217
5383,Carlos Ruiz 5383,Ingenieria Civil,3,84.94,62254
5384,Maria Garcia 5384,Ingenieria Administrativa,4,85.11,62291
5385,Luis Hernandez 5385,Ingenieria en Software,5,85.28,62328
5386,Sofia Morales 5386,Ingenieria Mecanica,6,85.45,62365
5387,Pedro Castillo 5387,Ingenieria en Sistemas,7,85.62,62402
5388,Elena Pineda 5388,Ingenieria Industrial,8,85.79,62439
5389,Jorge Contreras 5389,Ingenieria Civil,9,85.96,62476
5390,Valeria Barrios 5390,Ingenieria Administrativa,10,86.13,62513
5391,Karla Gomez 5391,Ingenieria en Software,1,86.30,62550
5392,Diego Navarro 5392,Ingenieria Mecanica,2,86.47,62587
5393,Rosa Fuentes 5393,Ingenieria en Sistemas,3,86.64,62624
5394,Mario Lemus 5394,Ingenieria Industrial,4,86.81,62661
5395,Paola Ortiz 5395,Ingenieria Civil,5,86.98,62698
5396,Sergio Aragon 5396,Ingenieria Administrativa,6,87.15,62735
5397,Dulce Arana 5397,Ingenieria en Software,7,87.32,62772
5398,Nancy Chamalé 5398,Ingenieria Mecanica,8,87.49,62809
5399,Byron Castellanos 5399,Ingenieria en Sistemas,9,87.66,62846
5400,Helen Conoz 5400,Ingenieria Industrial,10,87.83,62883
5401,Juan Perez 5401,Ingenieria Civil,1,88.00,62920
5402,Ana Lopez 5402,Ingenieria Administrativa,2,88.17,62957
5403,Carlos Ruiz 5403,Ingenieria en Software,3,88.34,62994
5404,Maria Garcia 5404,Ingenieria Mecanica,4,88.51,63031
5405,Luis Hernandez 5405,Ingenieria en Sistemas,5,88.68,63068
5406,Sofia Morales 5406,Ingenieria Industrial,6,88.85,63105
5407,Pedro Castillo 5407,Ingenieria Civil,7,89.02,63142
5408,Elena Pineda 5408,Ingenieria Administrativa,8,89.19,63179
5409,Jorge Contreras 5409,Ingenieria en Software,9,89.36,63216
5410,Valeria Barrios 5410,Ingenieria Mecanica,10,89.53,63253
5411,Karla Gomez 5411,Ingenieria en Sistemas,1,89.70,63290
5412,Diego Navarro 5412,Ingenieria Industrial,2,89.87,63327
5413,Rosa Fuentes 5413,Ingenieria Civil,3,90.04,63364
5414,Mario Lemus 5414,Ingenieria Administrativa,4,90.21,63401
5415,Paola Ortiz 5415,Ingenieria en Software,5,90.38,63438
5416,Sergio Aragon 5416,Ingenieria Mecanica,6,90.55,63475
5417,Dulce Arana 5417,Ingenieria en Sistemas,7,90.72,63512
5418,Nancy Chamalé 5418,Ingenieria Industrial,8,90.89,63549
5419,Byron Castellanos 5419,Ingenieria Civil,9,91.06,63586
5420,Helen Conoz 5420,Ingenieria Administrativa,10,91.23,63623
5421,Juan Perez 5421,Ingenieria en Software,1,91.40,63660
5422,Ana Lopez 5422,Ingenieria Mecanica,2,91.57,63697
5423,Carlos Ruiz 5423,Ingenieria en Sistemas,3,91.74,63734
5424,Maria Garcia 5424,Ingenieria Industrial,4,91.91,63771
5425,Luis Hernandez 5425,Ingenieria Civil,5,92.08,63808
5426,Sofia Morales 5426,Ingenieria Administrativa,6,92.25,63845
5427,Pedro Castillo 5427,Ingenieria en Software,7,92.42,63882
5428,Elena Pineda 5428,Ingenieria Mecanica,8,92.59,63919
5429,Jorge Contreras 5429,Ingenieria en Sistemas,9,92.76,63956
5430,Valeria Barrios 5430,Ingenieria Industrial,10,92.93,63993
5431,Karla Gomez 5431,Ingenieria Civil,1,93.10,64030
5432,Diego Navarro 5432,Ingenieria Administrativa,2,93.27,64067
5433,Rosa Fuentes 5433,Ingenieria en Software,3,93.44,64104
5434,Mario Lemus 5434,Ingenieria Mecanica,4,93.61,64141
5435,Paola Ortiz 5435,Ingenieria en Sistemas,5,93.78,64178
5436,Sergio Aragon 5436,Ingenieria Industrial,6,93.95,64215
5437,Dulce Arana 5437,Ingenieria Civil,7,94.12,64252
5438,Nancy Chamalé 5438,Ingenieria Administrativa,8,94.29,64289
5439,Byron Castellanos 5439,Ingenieria en Software,9,94.46,64326
5440,Helen Conoz 5440,Ingenieria Mecanica,10,94.63,64363
5441,Juan Perez 5441,Ingenieria en Sistemas,1,94.80,64400
5442,Ana Lopez 5442,Ingenieria Industrial,2,94.97,64437
5443,Carlos Ruiz 5443,Ingenieria Civil,3,95.14,64474
5444,Maria Garcia 5444,Ingenieria Administrativa,4,95.31,64511
5445,Luis Hernandez 5445,Ingenieria en Software,5,95.48,64548
5446,Sofia Morales 5446,Ingenieria Mecanica,6,95.65,64585
5447,Pedro Castillo 5447,Ingenieria en Sistemas,7,95.82,64622
5448,Elena Pineda 5448,Ingenieria Industrial,8,95.99,64659
5449,Jorge Contreras 5449,Ingenieria Civil,9,96.16,64696
5450,Valeria Barrios 5450,Ingenieria Administrativa,10,96.33,64733
5451,Karla Gomez 5451,Ingenieria en Software,1,96.50,64770
5452,Diego Navarro 5452,Ingenieria Mecanica,2,96.67,64807
5453,Rosa Fuentes 5453,Ingenieria en Sistemas,3,96.84,64844
5454,Mario Lemus 5454,Ingenieria Industrial,4,97.01,64881
5455,Paola Ortiz 5455,Ingenieria Civil,5,97.18,64918
5456,Sergio Aragon 5456,Ingenieria Administrativa,6,97.35,64955
5457,Dulce Arana 5457,Ingenieria en Software,7,97.52,64992
5458,Nancy Chamalé 5458,Ingenieria Mecanica,8,97.69,65029
5459,Byron Castellanos 5459,Ingenieria en Sistemas,9,97.86,65066
5460,Helen Conoz 5460,Ingenieria Industrial,10,98.03,65103
5461,Juan Perez 5461,Ingenieria Civil,1,98.20,65140
5462,Ana Lopez 5462,Ingenieria Administrativa,2,98.37,65177
5463,Carlos Ruiz 5463,Ingenieria en Software,3,98.54,65214
5464,Maria Garcia 5464,Ingenieria Mecanica,4,98.71,65251
5465,Luis Hernandez 5465,Ingenieria en Sistemas,5,98.88,65288
5466,Sofia Morales 5466,Ingenieria Industrial,6,99.05,65325
5467,Pedro Castillo 5467,Ingenieria Civil,7,99.22,65362
5468,Elena Pineda 5468,Ingenieria Administrativa,8,99.39,65399
5469,Jorge Contreras 5469,Ingenieria en Software,9,99.56,65436
5470,Valeria Barrios 5470,Ingenieria Mecanica,10,99.73,65473
5471,Karla Gomez 5471,Ingenieria en Sistemas,1,99.90,65510
5472,Diego Navarro 5472,Ingenieria Industrial,2,60.07,65547
5473,Rosa Fuentes 5473,Ingenieria Civil,3,60.24,65584
5474,Mario Lemus 5474,Ingenieria Administrativa,4,60.41,65621
5475,Paola Ortiz 5475,Ingenieria en Software,5,60.58,65658
5476,Sergio Aragon 5476,Ingenieria Mecanica,6,60.75,65695
5477,Dulce Arana 5477,Ingenieria en Sistemas,7,60.92,65732
5478,Nancy Chamalé 5478,Ingenieria Industrial,8,61.09,65769
5479,Byron Castellanos 5479,Ingenieria Civil,9,61.26,65806
5480,Helen Conoz 5480,Ingenieria Administrativa,10,61.43,65843
5481,Juan Perez 5481,Ingenieria en Software,1,61.60,65880
5482,Ana Lopez 5482,Ingenieria Mecanica,2,61.77,65917
5483,Carlos Ruiz 5483,Ingenieria en Sistemas,3,61.94,65954
5484,Maria Garcia 5484,Ingenieria Industrial,4,62.11,65991
5485,Luis Hernandez 5485,Ingenieria Civil,5,62.28,66028
5486,Sofia Morales 5486,Ingenieria Administrativa,6,62.45,66065
5487,Pedro Castillo 5487,Ingenieria en Software,7,62.62,66102
5488,Elena Pineda 5488,Ingenieria Mecanica,8,62.79,66139
5489,Jorge Contreras 5489,Ingenieria en Sistemas,9,62.96,66176
5490,Valeria Barrios 5490,Ingenieria Industrial,10,63.13,66213
5491,Karla Gomez 5491,Ingenieria Civil,1,63.30,66250
5492,Diego Navarro 5492,Ingenieria Administrativa,2,63.47,66287
5493,Rosa Fuentes 5493,Ingenieria en Software,3,63.64,66324
5494,Mario Lemus 5494,Ingenieria Mecanica,4,63.81,66361
5495,Paola Ortiz 5495,Ingenieria en Sistemas,5,63.98,66398
5496,Sergio Aragon 5496,Ingenieria Industrial,6,64.15,66435
5497,Dulce Arana 5497,Ingenieria Civil,7,64.32,66472
5498,Nancy Chamalé 5498,Ingenieria Administrativa,8,64.49,66509
5499,Byron Castellanos 5499,Ingenieria en Software,9,64.66,66546
5500,Helen Conoz 5500,Ingenieria Mecanica,10,64.83,66583
5501,Juan Perez 5501,Ingenieria en Sistemas,1,65.00,66620
5502,Ana Lopez 5502,Ingenieria Industrial,2,65.17,66657
5503,Carlos Ruiz 5503,Ingenieria Civil,3,65.34,66694
5504,Maria Garcia 5504,Ingenieria Administrativa,4,65.51,66731
5505,Luis Hernandez 5505,Ingenieria en Software,5,65.68,66768
5506,Sofia Morales 5506,Ingenieria Mecanica,6,65.85,66805
5507,Pedro Castillo 5507,Ingenieria en Sistemas,7,66.02,66842
5508,Elena Pineda 5508,Ingenieria Industrial,8,66.19,66879
5509,Jorge Contreras 5509,Ingenieria Civil,9,66.36,66916
5510,Valeria Barrios 5510,Ingenieria Administrativa,10,66.53,66953
5511,Karla Gomez 5511,Ingenieria en Software,1,66.70,66990
5512,Diego Navarro 5512,Ingenieria Mecanica,2,66.87,67027
5513,Rosa Fuentes 5513,Ingenieria en Sistemas,3,67.04,67064
5514,Mario Lemus 5514,Ingenieria Industrial,4,67.21,67101
5515,Paola Ortiz 5515,Ingenieria Civil,5,67.38,67138
5516,Sergio Aragon 5516,Ingenieria Administrativa,6,67.55,67175
5517,Dulce Arana 5517,Ingenieria en Software,7,67.72,67212
5518,Nancy Chamalé 5518,Ingenieria Mecanica,8,67.89,67249
5519,Byron Castellanos 5519,Ingenieria en Sistemas,9,68.06,67286
5520,Helen Conoz 5520,Ingenieria Industrial,10,68.23,67323
5521,Juan Perez 5521,Ingenieria Civil,1,68.40,67360
5522,Ana Lopez 5522,Ingenieria Administrativa,2,68.57,67397
5523,Carlos Ruiz 5523,Ingenieria en Software,3,68.74,67434
5524,Maria Garcia 5524,Ingenieria Mecanica,4,68.91,67471
5525,Luis Hernandez 5525,Ingenieria en Sistemas,5,69.08,67508
5526,Sofia Morales 5526,Ingenieria Industrial,6,69.25,67545
5527,Pedro Castillo 5527,Ingenieria Civil,7,69.42,67582
5528,Elena Pineda 5528,Ingenieria Administrativa,8,69.59,67619
5529,Jorge Contreras 5529,Ingenieria en Software,9,69.76,67656
5530,Valeria Barrios 5530,Ingenieria Mecanica,10,69.93,67693
5531,Karla Gomez 5531,Ingenieria en Sistemas,1,70.10,67730
5532,Diego Navarro 5532,Ingenieria Industrial,2,70.27,67767
5533,Rosa Fuentes 5533,Ingenieria Civil,3,70.44,67804
5534,Mario Lemus 5534,Ingenieria Administrativa,4,70.61,67841
5535,Paola Ortiz 5535,Ingenieria en Software,5,70.78,67878
5536,Sergio Aragon 5536,Ingenieria Mecanica,6,70.95,67915
5537,Dulce Arana 5537,Ingenieria en Sistemas,7,71.12,67952
5538,Nancy Chamalé 5538,Ingenieria Industrial,8,71.29,67989
5539,Byron Castellanos 5539,Ingenieria Civil,9,71.46,68026
5540,Helen Conoz 5540,Ingenieria Administrativa,10,71.63,68063
5541,Juan Perez 5541,Ingenieria en Software,1,71.80,68100
5542,Ana Lopez 5542,Ingenieria Mecanica,2,71.97,68137
5543,Carlos Ruiz 5543,Ingenieria en Sistemas,3,72.14,68174
5544,Maria Garcia 5544,Ingenieria Industrial,4,72.31,68211
5545,Luis Hernandez 5545,Ingenieria Civil,5,72.48,68248
5546,Sofia Morales 5546,Ingenieria Administrativa,6,72.65,68285
5547,Pedro Castillo 5547,Ingenieria en Software,7,72.82,68322
5548,Elena Pineda 5548,Ingenieria Mecanica,8,72.99,68359
5549,Jorge Contreras 5549,Ingenieria en Sistemas,9,73.16,68396
5550,Valeria Barrios 5550,Ingenieria Industrial,10,73.33,68433
5551,Karla Gomez 5551,Ingenieria Civil,1,73.50,68470
5552,Diego Navarro 5552,Ingenieria Administrativa,2,73.67,68507
5553,Rosa Fuentes 5553,Ingenieria en Software,3,73.84,68544
5554,Mario Lemus 5554,Ingenieria Mecanica,4,74.01,68581
5555,Paola Ortiz 5555,Ingenieria en Sistemas,5,74.18,68618
5556,Sergio Aragon 5556,Ingenieria Industrial,6,74.35,68655
5557,Dulce Arana 5557,Ingenieria Civil,7,74.52,68692
5558,Nancy Chamalé 5558,Ingenieria Administrativa,8,74.69,68729
5559,Byron Castellanos 5559,Ingenieria en Software,9,74.86,68766
5560,Helen Conoz 5560,Ingenieria Mecanica,10,75.03,68803
5561,Juan Perez 5561,Ingenieria en Sistemas,1,75.20,68840
5562,Ana Lopez 5562,Ingenieria Industrial,2,75.37,68877
5563,Carlos Ruiz 5563,Ingenieria Civil,3,75.54,68914
5564,Maria Garcia 5564,Ingenieria Administrativa,4,75.71,68951
5565,Luis Hernandez 5565,Ingenieria en Software,5,75.88,68988
5566,Sofia Morales 5566,Ingenieria Mecanica,6,76.05,69025
5567,Pedro Castillo 5567,Ingenieria en Sistemas,7,76.22,69062
5568,Elena Pineda 5568,Ingenieria Industrial,8,76.39,69099
5569,Jorge Contreras 5569,Ingenieria Civil,9,76.56,69136
5570,Valeria Barrios 5570,Ingenieria Administrativa,10,76.73,69173
5571,Karla Gomez 5571,Ingenieria en Software,1,76.90,69210
5572,Diego Navarro 5572,Ingenieria Mecanica,2,77.07,69247
5573,Rosa Fuentes 5573,Ingenieria en Sistemas,3,77.24,69284
5574,Mario Lemus 5574,Ingenieria Industrial,4,77.41,69321
5575,Paola Ortiz 5575,Ingenieria Civil,5,77.58,69358
5576,Sergio Aragon 5576,Ingenieria Administrativa,6,77.75,69395
5577,Dulce Arana 5577,Ingenieria en Software,7,77.92,69432
5578,Nancy Chamalé 5578,Ingenieria Mecanica,8,78.09,69469
5579,Byron Castellanos 5579,Ingenieria en Sistemas,9,78.26,69506
5580,Helen Conoz 5580,Ingenieria Industrial,10,78.43,69543
5581,Juan Perez 5581,Ingenieria Civil,1,78.60,69580
5582,Ana Lopez 5582,Ingenieria Administrativa,2,78.77,69617
5583,Carlos Ruiz 5583,Ingenieria en Software,3,78.94,69654
5584,Maria Garcia 5584,Ingenieria Mecanica,4,79.11,69691
5585,Luis Hernandez 5585,Ingenieria en Sistemas,5,79.28,69728
5586,Sofia Morales 5586,Ingenieria Industrial,6,79.45,69765
5587,Pedro Castillo 5587,Ingenieria Civil,7,79.62,69802
5588,Elena Pineda 5588,Ingenieria Administrativa,8,79.79,69839
5589,Jorge Contreras 5589,Ingenieria en Software,9,79.96,69876
5590,Valeria Barrios 5590,Ingenieria Mecanica,10,80.13,69913
5591,Karla Gomez 5591,Ingenieria en Sistemas,1,80.30,69950
5592,Diego Navarro 5592,Ingenieria Industrial,2,80.47,69987
5593,Rosa Fuentes 5593,Ingenieria Civil,3,80.64,70024
5594,Mario Lemus 5594,Ingenieria Administrativa,4,80.81,70061
5595,Paola Ortiz 5595,Ingenieria en Software,5,80.98,70098
5596,Sergio Aragon 5596,Ingenieria Mecanica,6,81.15,70135
5597,Dulce Arana 5597,Ingenieria en Sistemas,7,81.32,70172
5598,Nancy Chamalé 5598,Ingenieria Industrial,8,81.49,70209
5599,Byron Castellanos 5599,Ingenieria Civil,9,81.66,70246
5600,Helen Conoz 5600,Ingenieria Administrativa,10,81.83,70283
5601,Juan Perez 5601,Ingenieria en Software,1,82.00,70320
5602,Ana Lopez 5602,Ingenieria Mecanica,2,82.17,70357
5603,Carlos Ruiz 5603,Ingenieria en Sistemas,3,82.34,70394
5604,Maria Garcia 5604,Ingenieria Industrial,4,82.51,70431
5605,Luis Hernandez 5605,Ingenieria Civil,5,82.68,70468
5606,Sofia Morales 5606,Ingenieria Administrativa,6,82.85,70505
5607,Pedro Castillo 5607,Ingenieria en Software,7,83.02,70542
5608,Elena Pineda 5608,Ingenieria Mecanica,8,83.19,70579
5609,Jorge Contreras 5609,Ingenieria en Sistemas,9,83.36,70616
5610,Valeria Barrios 5610,Ingenieria Industrial,10,83.53,70653
5611,Karla Gomez 5611,Ingenieria Civil,1,83.70,70690
5612,Diego Navarro 5612,Ingenieria Administrativa,2,83.87,70727
5613,Rosa Fuentes 5613,Ingenieria en Software,3,84.04,70764
5614,Mario Lemus 5614,Ingenieria Mecanica,4,84.21,70801
5615,Paola Ortiz 5615,Ingenieria en Sistemas,5,84.38,70838
5616,Sergio Aragon 5616,Ingenieria Industrial,6,84.55,70875
5617,Dulce Arana 5617,Ingenieria Civil,7,84.72,70912
5618,Nancy Chamalé 5618,Ingenieria Administrativa,8,84.89,70949
5619,Byron Castellanos 5619,Ingenieria en Software,9,85.06,70986
5620,Helen Conoz 5620,Ingenieria Mecanica,10,85.23,71023
5621,Juan Perez 5621,Ingenieria en Sistemas,1,85.40,71060
5622,Ana Lopez 5622,Ingenieria Industrial,2,85.57,71097
5623,Carlos Ruiz 5623,Ingenieria Civil,3,85.74,71134
5624,Maria Garcia 5624,Ingenieria Administrativa,4,85.91,71171
5625,Luis Hernandez 5625,Ingenieria en Software,5,86.08,71208
5626,Sofia Morales 5626,Ingenieria Mecanica,6,86.25,71245
5627,Pedro Castillo 5627,Ingenieria en Sistemas,7,86.42,71282
5628,Elena Pineda 5628,Ingenieria Industrial,8,86.59,71319
5629,Jorge Contreras 5629,Ingenieria Civil,9,86.76,71356
5630,Valeria Barrios 5630,Ingenieria Administrativa,10,86.93,71393
5631,Karla Gomez 5631,Ingenieria en Software,1,87.10,71430
5632,Diego Navarro 5632,Ingenieria Mecanica,2,87.27,71467
5633,Rosa Fuentes 5633,Ingenieria en Sistemas,3,87.44,71504
5634,Mario Lemus 5634,Ingenieria Industrial,4,87.61,71541
5635,Paola Ortiz 5635,Ingenieria Civil,5,87.78,71578
5636,Sergio Aragon 5636,Ingenieria Administrativa,6,87.95,71615
5637,Dulce Arana 5637,Ingenieria en Software,7,88.12,71652
5638,Nancy Chamalé 5638,Ingenieria Mecanica,8,88.29,71689
5639,Byron Castellanos 5639,Ingenieria en Sistemas,9,88.46,71726
5640,Helen Conoz 5640,Ingenieria Industrial,10,88.63,71763
5641,Juan Perez 5641,Ingenieria Civil,1,88.80,71800
5642,Ana Lopez 5642,Ingenieria Administrativa,2,88.97,71837
5643,Carlos Ruiz 5643,Ingenieria en Software,3,89.14,71874
5644,Maria Garcia 5644,Ingenieria Mecanica,4,89.31,71911
5645,Luis Hernandez 5645,Ingenieria en Sistemas,5,89.48,71948
5646,Sofia Morales 5646,Ingenieria Industrial,6,89.65,71985
5647,Pedro Castillo 5647,Ingenieria Civil,7,89.82,72022
5648,Elena Pineda 5648,Ingenieria Administrativa,8,89.99,72059
5649,Jorge Contreras 5649,Ingenieria en Software,9,90.16,72096
5650,Valeria Barrios 5650,Ingenieria Mecanica,10,90.33,72133
5651,Karla Gomez 5651,Ingenieria en Sistemas,1,90.50,72170
5652,Diego Navarro 5652,Ingenieria Industrial,2,90.67,72207
5653,Rosa Fuentes 5653,Ingenieria Civil,3,90.84,72244
5654,Mario Lemus 5654,Ingenieria Administrativa,4,91.01,72281
5655,Paola Ortiz 5655,Ingenieria en Software,5,91.18,72318
5656,Sergio Aragon 5656,Ingenieria Mecanica,6,91.35,72355
5657,Dulce Arana 5657,Ingenieria en Sistemas,7,91.52,72392
5658,Nancy Chamalé 5658,Ingenieria Industrial,8,91.69,72429
5659,Byron Castellanos 5659,Ingenieria Civil,9,91.86,72466
5660,Helen Conoz 5660,Ingenieria Administrativa,10,92.03,72503
5661,Juan Perez 5661,Ingenieria en Software,1,92.20,72540
5662,Ana Lopez 5662,Ingenieria Mecanica,2,92.37,72577
5663,Carlos Ruiz 5663,Ingenieria en Sistemas,3,92.54,72614
5664,Maria Garcia 5664,Ingenieria Industrial,4,92.71,72651
5665,Luis Hernandez 5665,Ingenieria Civil,5,92.88,72688
5666,Sofia Morales 5666,Ingenieria Administrativa,6,93.05,72725
5667,Pedro Castillo 5667,Ingenieria en Software,7,93.22,72762
5668,Elena Pineda 5668,Ingenieria Mecanica,8,93.39,72799
5669,Jorge Contreras 5669,Ingenieria en Sistemas,9,93.56,72836
5670,Valeria Barrios 5670,Ingenieria Industrial,10,93.73,72873
5671,Karla Gomez 5671,Ingenieria Civil,1,93.90,72910
5672,Diego Navarro 5672,Ingenieria Administrativa,2,94.07,72947
5673,Rosa Fuentes 5673,Ingenieria en Software,3,94.24,72984
5674,Mario Lemus 5674,Ingenieria Mecanica,4,94.41,73021
5675,Paola Ortiz 5675,Ingenieria en Sistemas,5,94.58,73058
5676,Sergio Aragon 5676,Ingenieria Industrial,6,94.75,73095
5677,Dulce Arana 5677,Ingenieria Civil,7,94.92,73132
5678,Nancy Chamalé 5678,Ingenieria Administrativa,8,95.09,73169
5679,Byron Castellanos 5679,Ingenieria en Software,9,95.26,73206
5680,Helen Conoz 5680,Ingenieria Mecanica,10,95.43,73243
5681,Juan Perez 5681,Ingenieria en Sistemas,1,95.60,73280
5682,Ana Lopez 5682,Ingenieria Industrial,2,95.77,73317
5683,Carlos Ruiz 5683,Ingenieria Civil,3,95.94,73354
5684,Maria Garcia 5684,Ingenieria Administrativa,4,96.11,73391
5685,Luis Hernandez 5685,Ingenieria en Software,5,96.28,73428
5686,Sofia Morales 5686,Ingenieria Mecanica,6,96.45,73465
5687,Pedro Castillo 5687,Ingenieria en Sistemas,7,96.62,73502
5688,Elena Pineda 5688,Ingenieria Industrial,8,96.79,73539
5689,Jorge Contreras 5689,Ingenieria Civil,9,96.96,73576
5690,Valeria Barrios 5690,Ingenieria Administrativa,10,97.13,73613
5691,Karla Gomez 5691,Ingenieria en Software,1,97.30,73650
5692,Diego Navarro 5692,Ingenieria Mecanica,2,97.47,73687
5693,Rosa Fuentes 5693,Ingenieria en Sistemas,3,97.64,73724
5694,Mario Lemus 5694,Ingenieria Industrial,4,97.81,73761
5695,Paola Ortiz 5695,Ingenieria Civil,5,97.98,73798
5696,Sergio Aragon 5696,Ingenieria Administrativa,6,98.15,73835
5697,Dulce Arana 5697,Ingenieria en Software,7,98.32,73872
5698,Nancy Chamalé 5698,Ingenieria Mecanica,8,98.49,73909
5699,Byron Castellanos 5699,Ingenieria en Sistemas,9,98.66,73946
5700,Helen Conoz 5700,Ingenieria Industrial,10,98.83,73983
5701,Juan Perez 5701,Ingenieria Civil,1,99.00,74020
5702,Ana Lopez 5702,Ingenieria Administrativa,2,99.17,74057
5703,Carlos Ruiz 5703,Ingenieria en Software,3,99.34,74094
5704,Maria Garcia 5704,Ingenieria Mecanica,4,99.51,74131
5705,Luis Hernandez 5705,Ingenieria en Sistemas,5,99.68,74168
5706,Sofia Morales 5706,Ingenieria Industrial,6,99.85,74205
5707,Pedro Castillo 5707,Ingenieria Civil,7,60.02,74242
5708,Elena Pineda 5708,Ingenieria Administrativa,8,60.19,74279
5709,Jorge Contreras 5709,Ingenieria en Software,9,60.36,74316
5710,Valeria Barrios 5710,Ingenieria Mecanica,10,60.53,74353
5711,Karla Gomez 5711,Ingenieria en Sistemas,1,60.70,74390
5712,Diego Navarro 5712,Ingenieria Industrial,2,60.87,74427
5713,Rosa Fuentes 5713,Ingenieria Civil,3,61.04,74464
5714,Mario Lemus 5714,Ingenieria Administrativa,4,61.21,74501
5715,Paola Ortiz 5715,Ingenieria en Software,5,61.38,74538
5716,Sergio Aragon 5716,Ingenieria Mecanica,6,61.55,74575
5717,Dulce Arana 5717,Ingenieria en Sistemas,7,61.72,74612
5718,Nancy Chamalé 5718,Ingenieria Industrial,8,61.89,74649
5719,Byron Castellanos 5719,Ingenieria Civil,9,62.06,74686
5720,Helen Conoz 5720,Ingenieria Administrativa,10,62.23,74723
5721,Juan Perez 5721,Ingenieria en Software,1,62.40,74760
5722,Ana Lopez 5722,Ingenieria Mecanica,2,62.57,74797
5723,Carlos Ruiz 5723,Ingenieria en Sistemas,3,62.74,74834
5724,Maria Garcia 5724,Ingenieria Industrial,4,62.91,74871
5725,Luis Hernandez 5725,Ingenieria Civil,5,63.08,74908
5726,Sofia Morales 5726,Ingenieria Administrativa,6,63.25,74945
5727,Pedro Castillo 5727,Ingenieria en Software,7,63.42,74982
5728,Elena Pineda 5728,Ingenieria Mecanica,8,63.59,75019
5729,Jorge Contreras 5729,Ingenieria en Sistemas,9,63.76,75056
5730,Valeria Barrios 5730,Ingenieria Industrial,10,63.93,75093
5731,Karla Gomez 5731,Ingenieria Civil,1,64.10,75130
5732,Diego Navarro 5732,Ingenieria Administrativa,2,64.27,75167
5733,Rosa Fuentes 5733,Ingenieria en Software,3,64.44,75204
5734,Mario Lemus 5734,Ingenieria Mecanica,4,64.61,75241
5735,Paola Ortiz 5735,Ingenieria en Sistemas,5,64.78,75278
5736,Sergio Aragon 5736,Ingenieria Industrial,6,64.95,75315
5737,Dulce Arana 5737,Ingenieria Civil,7,65.12,75352
5738,Nancy Chamalé 5738,Ingenieria Administrativa,8,65.29,75389
5739,Byron Castellanos 5739,Ingenieria en Software,9,65.46,75426
5740,Helen Conoz 5740,Ingenieria Mecanica,10,65.63,75463
5741,Juan Perez 5741,Ingenieria en Sistemas,1,65.80,75500
5742,Ana Lopez 5742,Ingenieria Industrial,2,65.97,75537
5743,Carlos Ruiz 5743,Ingenieria Civil,3,66.14,75574
5744,Maria Garcia 5744,Ingenieria Administrativa,4,66.31,75611
5745,Luis Hernandez 5745,Ingenieria en Software,5,66.48,75648
5746,Sofia Morales 5746,Ingenieria Mecanica,6,66.65,75685
5747,Pedro Castillo 5747,Ingenieria en Sistemas,7,66.82,75722
5748,Elena Pineda 5748,Ingenieria Industrial,8,66.99,75759
5749,Jorge Contreras 5749,Ingenieria Civil,9,67.16,75796
5750,Valeria Barrios 5750,Ingenieria Administrativa,10,67.33,75833
5751,Karla Gomez 5751,Ingenieria en Software,1,67.50,75870
5752,Diego Navarro 5752,Ingenieria Mecanica,2,67.67,75907
5753,Rosa Fuentes 5753,Ingenieria en Sistemas,3,67.84,75944
5754,Mario Lemus 5754,Ingenieria Industrial,4,68.01,75981
5755,Paola Ortiz 5755,Ingenieria Civil,5,68.18,76018
5756,Sergio Aragon 5756,Ingenieria Administrativa,6,68.35,76055
5757,Dulce Arana 5757,Ingenieria en Software,7,68.52,76092
5758,Nancy Chamalé 5758,Ingenieria Mecanica,8,68.69,76129
5759,Byron Castellanos 5759,Ingenieria en Sistemas,9,68.86,76166
5760,Helen Conoz 5760,Ingenieria Industrial,10,69.03,76203
5761,Juan Perez 5761,Ingenieria Civil,1,69.20,76240
5762,Ana Lopez 5762,Ingenieria Administrativa,2,69.37,76277
5763,Carlos Ruiz 5763,Ingenieria en Software,3,69.54,76314
5764,Maria Garcia 5764,Ingenieria Mecanica,4,69.71,76351
5765,Luis Hernandez 5765,Ingenieria en Sistemas,5,69.88,76388
5766,Sofia Morales 5766,Ingenieria Industrial,6,70.05,76425
5767,Pedro Castillo 5767,Ingenieria Civil,7,70.22,76462
5768,Elena Pineda 5768,Ingenieria Administrativa,8,70.39,76499
5769,Jorge Contreras 5769,Ingenieria en Software,9,70.56,76536
5770,Valeria Barrios 5770,Ingenieria Mecanica,10,70.73,76573
5771,Karla Gomez 5771,Ingenieria en Sistemas,1,70.90,76610
5772,Diego Navarro 5772,Ingenieria Industrial,2,71.07,76647
5773,Rosa Fuentes 5773,Ingenieria Civil,3,71.24,76684
5774,Mario Lemus 5774,Ingenieria Administrativa,4,71.41,76721
5775,Paola Ortiz 5775,Ingenieria en Software,5,71.58,76758
5776,Sergio Aragon 5776,Ingenieria Mecanica,6,71.75,76795
5777,Dulce Arana 5777,Ingenieria en Sistemas,7,71.92,76832
5778,Nancy Chamalé 5778,Ingenieria Industrial,8,72.09,76869
5779,Byron Castellanos 5779,Ingenieria Civil,9,72.26,76906
5780,Helen Conoz 5780,Ingenieria Administrativa,10,72.43,76943
5781,Juan Perez 5781,Ingenieria en Software,1,72.60,76980
5782,Ana Lopez 5782,Ingenieria Mecanica,2,72.77,77017
5783,Carlos Ruiz 5783,Ingenieria en Sistemas,3,72.94,77054
5784,Maria Garcia 5784,Ingenieria Industrial,4,73.11,77091
5785,Luis Hernandez 5785,Ingenieria Civil,5,73.28,77128
5786,Sofia Morales 5786,Ingenieria Administrativa,6,73.45,77165
5787,Pedro Castillo 5787,Ingenieria en Software,7,73.62,77202
5788,Elena Pineda 5788,Ingenieria Mecanica,8,73.79,77239
5789,Jorge Contreras 5789,Ingenieria en Sistemas,9,73.96,77276
5790,Valeria Barrios 5790,Ingenieria Industrial,10,74.13,77313
5791,Karla Gomez 5791,Ingenieria Civil,1,74.30,77350
5792,Diego Navarro 5792,Ingenieria Administrativa,2,74.47,77387
5793,Rosa Fuentes 5793,Ingenieria en Software,3,74.64,77424
5794,Mario Lemus 5794,Ingenieria Mecanica,4,74.81,77461
5795,Paola Ortiz 5795,Ingenieria en Sistemas,5,74.98,77498
5796,Sergio Aragon 5796,Ingenieria Industrial,6,75.15,77535
5797,Dulce Arana 5797,Ingenieria Civil,7,75.32,77572
5798,Nancy Chamalé 5798,Ingenieria Administrativa,8,75.49,77609
5799,Byron Castellanos 5799,Ingenieria en Software,9,75.66,77646
5800,Helen Conoz 5800,Ingenieria Mecanica,10,75.83,77683
5801,Juan Perez 5801,Ingenieria en Sistemas,1,76.00,77720
5802,Ana Lopez 5802,Ingenieria Industrial,2,76.17,77757
5803,Carlos Ruiz 5803,Ingenieria Civil,3,76.34,77794
5804,Maria Garcia 5804,Ingenieria Administrativa,4,76.51,77831
5805,Luis Hernandez 5805,Ingenieria en Software,5,76.68,77868
5806,Sofia Morales 5806,Ingenieria Mecanica,6,76.85,77905
5807,Pedro Castillo 5807,Ingenieria en Sistemas,7,77.02,77942
5808,Elena Pineda 5808,Ingenieria Industrial,8,77.19,77979
5809,Jorge Contreras 5809,Ingenieria Civil,9,77.36,78016
5810,Valeria Barrios 5810,Ingenieria Administrativa,10,77.53,78053
5811,Karla Gomez 5811,Ingenieria en Software,1,77.70,78090
5812,Diego Navarro 5812,Ingenieria Mecanica,2,77.87,78127
5813,Rosa Fuentes 5813,Ingenieria en Sistemas,3,78.04,78164
5814,Mario Lemus 5814,Ingenieria Industrial,4,78.21,78201
5815,Paola Ortiz 5815,Ingenieria Civil,5,78.38,78238
5816,Sergio Aragon 5816,Ingenieria Administrativa,6,78.55,78275
5817,Dulce Arana 5817,Ingenieria en Software,7,78.72,78312
5818,Nancy Chamalé 5818,Ingenieria Mecanica,8,78.89,78349
5819,Byron Castellanos 5819,Ingenieria en Sistemas,9,79.06,78386
5820,Helen Conoz 5820,Ingenieria Industrial,10,79.23,78423
5821,Juan Perez 5821,Ingenieria Civil,1,79.40,78460
5822,Ana Lopez 5822,Ingenieria Administrativa,2,79.57,78497
5823,Carlos Ruiz 5823,Ingenieria en Software,3,79.74,78534
5824,Maria Garcia 5824,Ingenieria Mecanica,4,79.91,78571
5825,Luis Hernandez 5825,Ingenieria en Sistemas,5,80.08,78608
5826,Sofia Morales 5826,Ingenieria Industrial,6,80.25,78645
5827,Pedro Castillo 5827,Ingenieria Civil,7,80.42,78682
5828,Elena Pineda 5828,Ingenieria Administrativa,8,80.59,78719
5829,Jorge Contreras 5829,Ingenieria en Software,9,80.76,78756
5830,Valeria Barrios 5830,Ingenieria Mecanica,10,80.93,78793
5831,Karla Gomez 5831,Ingenieria en Sistemas,1,81.10,78830
5832,Diego Navarro 5832,Ingenieria Industrial,2,81.27,78867
5833,Rosa Fuentes 5833,Ingenieria Civil,3,81.44,78904
5834,Mario Lemus 5834,Ingenieria Administrativa,4,81.61,78941
5835,Paola Ortiz 5835,Ingenieria en Software,5,81.78,78978
5836,Sergio Aragon 5836,Ingenieria Mecanica,6,81.95,79015
5837,Dulce Arana 5837,Ingenieria en Sistemas,7,82.12,79052
5838,Nancy Chamalé 5838,Ingenieria Industrial,8,82.29,79089
5839,Byron Castellanos 5839,Ingenieria Civil,9,82.46,79126
5840,Helen Conoz 5840,Ingenieria Administrativa,10,82.63,79163
5841,Juan Perez 5841,Ingenieria en Software,1,82.80,79200
5842,Ana Lopez 5842,Ingenieria Mecanica,2,82.97,79237
5843,Carlos Ruiz 5843,Ingenieria en Sistemas,3,83.14,79274
5844,Maria Garcia 5844,Ingenieria Industrial,4,83.31,79311
5845,Luis Hernandez 5845,Ingenieria Civil,5,83.48,79348
5846,Sofia Morales 5846,Ingenieria Administrativa,6,83.65,79385
5847,Pedro Castillo 5847,Ingenieria en Software,7,83.82,79422
5848,Elena Pineda 5848,Ingenieria Mecanica,8,83.99,79459
5849,Jorge Contreras 5849,Ingenieria en Sistemas,9,84.16,79496
5850,Valeria Barrios 5850,Ingenieria Industrial,10,84.33,79533
5851,Karla Gomez 5851,Ingenieria Civil,1,84.50,79570
5852,Diego Navarro 5852,Ingenieria Administrativa,2,84.67,79607
5853,Rosa Fuentes 5853,Ingenieria en Software,3,84.84,79644
5854,Mario Lemus 5854,Ingenieria Mecanica,4,85.01,79681
5855,Paola Ortiz 5855,Ingenieria en Sistemas,5,85.18,79718
5856,Sergio Aragon 5856,Ingenieria Industrial,6,85.35,79755
5857,Dulce Arana 5857,Ingenieria Civil,7,85.52,79792
5858,Nancy Chamalé 5858,Ingenieria Administrativa,8,85.69,79829
5859,Byron Castellanos 5859,Ingenieria en Software,9,85.86,79866
5860,Helen Conoz 5860,Ingenieria Mecanica,10,86.03,79903
5861,Juan Perez 5861,Ingenieria en Sistemas,1,86.20,79940
5862,Ana Lopez 5862,Ingenieria Industrial,2,86.37,79977
5863,Carlos Ruiz 5863,Ingenieria Civil,3,86.54,80014
5864,Maria Garcia 5864,Ingenieria Administrativa,4,86.71,80051
5865,Luis Hernandez 5865,Ingenieria en Software,5,86.88,80088
5866,Sofia Morales 5866,Ingenieria Mecanica,6,87.05,80125
5867,Pedro Castillo 5867,Ingenieria en Sistemas,7,87.22,80162
5868,Elena Pineda 5868,Ingenieria Industrial,8,87.39,80199
5869,Jorge Contreras 5869,Ingenieria Civil,9,87.56,80236
5870,Valeria Barrios 5870,Ingenieria Administrativa,10,87.73,80273
5871,Karla Gomez 5871,Ingenieria en Software,1,87.90,80310
5872,Diego Navarro 5872,Ingenieria Mecanica,2,88.07,80347
5873,Rosa Fuentes 5873,Ingenieria en Sistemas,3,88.24,80384
5874,Mario Lemus 5874,Ingenieria Industrial,4,88.41,80421
5875,Paola Ortiz 5875,Ingenieria Civil,5,88.58,80458
5876,Sergio Aragon 5876,Ingenieria Administrativa,6,88.75,80495
5877,Dulce Arana 5877,Ingenieria en Software,7,88.92,80532
5878,Nancy Chamalé 5878,Ingenieria Mecanica,8,89.09,80569
5879,Byron Castellanos 5879,Ingenieria en Sistemas,9,89.26,80606
5880,Helen Conoz 5880,Ingenieria Industrial,10,89.43,80643
5881,Juan Perez 5881,Ingenieria Civil,1,89.60,80680
5882,Ana Lopez 5882,Ingenieria Administrativa,2,89.77,80717
5883,Carlos Ruiz 5883,Ingenieria en Software,3,89.94,80754
5884,Maria Garcia 5884,Ingenieria Mecanica,4,90.11,80791
5885,Luis Hernandez 5885,Ingenieria en Sistemas,5,90.28,80828
5886,Sofia Morales 5886,Ingenieria Industrial,6,90.45,80865
5887,Pedro Castillo 5887,Ingenieria Civil,7,90.62,80902
5888,Elena Pineda 5888,Ingenieria Administrativa,8,90.79,80939
5889,Jorge Contreras 5889,Ingenieria en Software,9,90.96,80976
5890,Valeria Barrios 5890,Ingenieria Mecanica,10,91.13,81013
5891,Karla Gomez 5891,Ingenieria en Sistemas,1,91.30,81050
5892,Diego Navarro 5892,Ingenieria Industrial,2,91.47,81087
5893,Rosa Fuentes 5893,Ingenieria Civil,3,91.64,81124
5894,Mario Lemus 5894,Ingenieria Administrativa,4,91.81,81161
5895,Paola Ortiz 5895,Ingenieria en Software,5,91.98,81198
5896,Sergio Aragon 5896,Ingenieria Mecanica,6,92.15,81235
5897,Dulce Arana 5897,Ingenieria en Sistemas,7,92.32,81272
5898,Nancy Chamalé 5898,Ingenieria Industrial,8,92.49,81309
5899,Byron Castellanos 5899,Ingenieria Civil,9,92.66,81346
5900,Helen Conoz 5900,Ingenieria Administrativa,10,92.83,81383
5901,Juan Perez 5901,Ingenieria en Software,1,93.00,81420
5902,Ana Lopez 5902,Ingenieria Mecanica,2,93.17,81457
5903,Carlos Ruiz 5903,Ingenieria en Sistemas,3,93.34,81494
5904,Maria Garcia 5904,Ingenieria Industrial,4,93.51,81531
5905,Luis Hernandez 5905,Ingenieria Civil,5,93.68,81568
5906,Sofia Morales 5906,Ingenieria Administrativa,6,93.85,81605
5907,Pedro Castillo 5907,Ingenieria en Software,7,94.02,81642
5908,Elena Pineda 5908,Ingenieria Mecanica,8,94.19,81679
5909,Jorge Contreras 5909,Ingenieria en Sistemas,9,94.36,81716
5910,Valeria Barrios 5910,Ingenieria Industrial,10,94.53,81753
5911,Karla Gomez 5911,Ingenieria Civil,1,94.70,81790
5912,Diego Navarro 5912,Ingenieria Administrativa,2,94.87,81827
5913,Rosa Fuentes 5913,Ingenieria en Software,3,95.04,81864
5914,Mario Lemus 5914,Ingenieria Mecanica,4,95.21,81901
5915,Paola Ortiz 5915,Ingenieria en Sistemas,5,95.38,81938
5916,Sergio Aragon 5916,Ingenieria Industrial,6,95.55,81975
5917,Dulce Arana 5917,Ingenieria Civil,7,95.72,82012
5918,Nancy Chamalé 5918,Ingenieria Administrativa,8,95.89,82049
5919,Byron Castellanos 5919,Ingenieria en Software,9,96.06,82086
5920,Helen Conoz 5920,Ingenieria Mecanica,10,96.23,82123
5921,Juan Perez 5921,Ingenieria en Sistemas,1,96.40,82160
5922,Ana Lopez 5922,Ingenieria Industrial,2,96.57,82197
5923,Carlos Ruiz 5923,Ingenieria Civil,3,96.74,82234
5924,Maria Garcia 5924,Ingenieria Administrativa,4,96.91,82271
5925,Luis Hernandez 5925,Ingenieria en Software,5,97.08,82308
5926,Sofia Morales 5926,Ingenieria Mecanica,6,97.25,82345
5927,Pedro Castillo 5927,Ingenieria en Sistemas,7,97.42,82382
5928,Elena Pineda 5928,Ingenieria Industrial,8,97.59,82419
5929,Jorge Contreras 5929,Ingenieria Civil,9,97.76,82456
5930,Valeria Barrios 5930,Ingenieria Administrativa,10,97.93,82493
5931,Karla Gomez 5931,Ingenieria en Software,1,98.10,82530
5932,Diego Navarro 5932,Ingenieria Mecanica,2,98.27,82567
5933,Rosa Fuentes 5933,Ingenieria en Sistemas,3,98.44,82604
5934,Mario Lemus 5934,Ingenieria Industrial,4,98.61,82641
5935,Paola Ortiz 5935,Ingenieria Civil,5,98.78,82678
5936,Sergio Aragon 5936,Ingenieria Administrativa,6,98.95,82715
5937,Dulce Arana 5937,Ingenieria en Software,7,99.12,82752
5938,Nancy Chamalé 5938,Ingenieria Mecanica,8,99.29,82789
5939,Byron Castellanos 5939,Ingenieria en Sistemas,9,99.46,82826
5940,Helen Conoz 5940,Ingenieria Industrial,10,99.63,82863
5941,Juan Perez 5941,Ingenieria Civil,1,99.80,82900
5942,Ana Lopez 5942,Ingenieria Administrativa,2,99.97,82937
5943,Carlos Ruiz 5943,Ingenieria en Software,3,60.14,82974
5944,Maria Garcia 5944,Ingenieria Mecanica,4,60.31,83011
5945,Luis Hernandez 5945,Ingenieria en Sistemas,5,60.48,83048
5946,Sofia Morales 5946,Ingenieria Industrial,6,60.65,83085
5947,Pedro Castillo 5947,Ingenieria Civil,7,60.82,83122
5948,Elena Pineda 5948,Ingenieria Administrativa,8,60.99,83159
5949,Jorge Contreras 5949,Ingenieria en Software,9,61.16,83196
5950,Valeria Barrios 5950,Ingenieria Mecanica,10,61.33,83233
5951,Karla Gomez 5951,Ingenieria en Sistemas,1,61.50,83270
5952,Diego Navarro 5952,Ingenieria Industrial,2,61.67,83307
5953,Rosa Fuentes 5953,Ingenieria Civil,3,61.84,83344
5954,Mario Lemus 5954,Ingenieria Administrativa,4,62.01,83381
5955,Paola Ortiz 5955,Ingenieria en Software,5,62.18,83418
5956,Sergio Aragon 5956,Ingenieria Mecanica,6,62.35,83455
5957,Dulce Arana 5957,Ingenieria en Sistemas,7,62.52,83492
5958,Nancy Chamalé 5958,Ingenieria Industrial,8,62.69,83529
5959,Byron Castellanos 5959,Ingenieria Civil,9,62.86,83566
5960,Helen Conoz 5960,Ingenieria Administrativa,10,63.03,83603
5961,Juan Perez 5961,Ingenieria en Software,1,63.20,83640
5962,Ana Lopez 5962,Ingenieria Mecanica,2,63.37,83677
5963,Carlos Ruiz 5963,Ingenieria en Sistemas,3,63.54,83714
5964,Maria Garcia 5964,Ingenieria Industrial,4,63.71,83751
5965,Luis Hernandez 5965,Ingenieria Civil,5,63.88,83788
5966,Sofia Morales 5966,Ingenieria Administrativa,6,64.05,83825
5967,Pedro Castillo 5967,Ingenieria en Software,7,64.22,83862
5968,Elena Pineda 5968,Ingenieria Mecanica,8,64.39,83899
5969,Jorge Contreras 5969,Ingenieria en Sistemas,9,64.56,83936
5970,Valeria Barrios 5970,Ingenieria Industrial,10,64.73,83973
5971,Karla Gomez 5971,Ingenieria Civil,1,64.90,84010
5972,Diego Navarro 5972,Ingenieria Administrativa,2,65.07,84047
5973,Rosa Fuentes 5973,Ingenieria en Software,3,65.24,84084
5974,Mario Lemus 5974,Ingenieria Mecanica,4,65.41,84121
5975,Paola Ortiz 5975,Ingenieria en Sistemas,5,65.58,84158
5976,Sergio Aragon 5976,Ingenieria Industrial,6,65.75,84195
5977,Dulce Arana 5977,Ingenieria Civil,7,65.92,84232
5978,Nancy Chamalé 5978,Ingenieria Administrativa,8,66.09,84269
5979,Byron Castellanos 5979,Ingenieria en Software,9,66.26,84306
5980,Helen Conoz 5980,Ingenieria Mecanica,10,66.43,84343
5981,Juan Perez 5981,Ingenieria en Sistemas,1,66.60,84380
5982,Ana Lopez 5982,Ingenieria Industrial,2,66.77,84417
5983,Carlos Ruiz 5983,Ingenieria Civil,3,66.94,84454
5984,Maria Garcia 5984,Ingenieria Administrativa,4,67.11,84491
5985,Luis Hernandez 5985,Ingenieria en Software,5,67.28,84528
5986,Sofia Morales 5986,Ingenieria Mecanica,6,67.45,84565
5987,Pedro Castillo 5987,Ingenieria en Sistemas,7,67.62,84602
5988,Elena Pineda 5988,Ingenieria Industrial,8,67.79,84639
5989,Jorge Contreras 5989,Ingenieria Civil,9,67.96,84676
5990,Valeria Barrios 5990,Ingenieria Administrativa,10,68.13,84713
5991,Karla Gomez 5991,Ingenieria en Software,1,68.30,84750
5992,Diego Navarro 5992,Ingenieria Mecanica,2,68.47,84787
5993,Rosa Fuentes 5993,Ingenieria en Sistemas,3,68.64,84824
5994,Mario Lemus 5994,Ingenieria Industrial,4,68.81,84861
5995,Paola Ortiz 5995,Ingenieria Civil,5,68.98,84898
5996,Sergio Aragon 5996,Ingenieria Administrativa,6,69.15,84935
5997,Dulce Arana 5997,Ingenieria en Software,7,69.32,84972
5998,Nancy Chamalé 5998,Ingenieria Mecanica,8,69.49,85009
5999,Byron Castellanos 5999,Ingenieria en Sistemas,9,69.66,85046
6000,Helen Conoz 6000,Ingenieria Industrial,10,69.83,85083
6001,Juan Perez 6001,Ingenieria Civil,1,70.00,85120
6002,Ana Lopez 6002,Ingenieria Administrativa,2,70.17,85157
6003,Carlos Ruiz 6003,Ingenieria en Software,3,70.34,85194
6004,Maria Garcia 6004,Ingenieria Mecanica,4,70.51,85231
6005,Luis Hernandez 6005,Ingenieria en Sistemas,5,70.68,85268
6006,Sofia Morales 6006,Ingenieria Industrial,6,70.85,85305
6007,Pedro Castillo 6007,Ingenieria Civil,7,71.02,85342
6008,Elena Pineda 6008,Ingenieria Administrativa,8,71.19,85379
6009,Jorge Contreras 6009,Ingenieria en Software,9,71.36,85416
6010,Valeria Barrios 6010,Ingenieria Mecanica,10,71.53,85453
6011,Karla Gomez 6011,Ingenieria en Sistemas,1,71.70,85490
6012,Diego Navarro 6012,Ingenieria Industrial,2,71.87,85527
6013,Rosa Fuentes 6013,Ingenieria Civil,3,72.04,85564
6014,Mario Lemus 6014,Ingenieria Administrativa,4,72.21,85601
6015,Paola Ortiz 6015,Ingenieria en Software,5,72.38,85638
6016,Sergio Aragon 6016,Ingenieria Mecanica,6,72.55,85675
6017,Dulce Arana 6017,Ingenieria en Sistemas,7,72.72,85712
6018,Nancy Chamalé 6018,Ingenieria Industrial,8,72.89,85749
6019,Byron Castellanos 6019,Ingenieria Civil,9,73.06,85786
6020,Helen Conoz 6020,Ingenieria Administrativa,10,73.23,85823
6021,Juan Perez 6021,Ingenieria en Software,1,73.40,85860
6022,Ana Lopez 6022,Ingenieria Mecanica,2,73.57,85897
6023,Carlos Ruiz 6023,Ingenieria en Sistemas,3,73.74,85934
6024,Maria Garcia 6024,Ingenieria Industrial,4,73.91,85971
6025,Luis Hernandez 6025,Ingenieria Civil,5,74.08,86008
6026,Sofia Morales 6026,Ingenieria Administrativa,6,74.25,86045
6027,Pedro Castillo 6027,Ingenieria en Software,7,74.42,86082
6028,Elena Pineda 6028,Ingenieria Mecanica,8,74.59,86119
6029,Jorge Contreras 6029,Ingenieria en Sistemas,9,74.76,86156
6030,Valeria Barrios 6030,Ingenieria Industrial,10,74.93,86193
6031,Karla Gomez 6031,Ingenieria Civil,1,75.10,86230
6032,Diego Navarro 6032,Ingenieria Administrativa,2,75.27,86267
6033,Rosa Fuentes 6033,Ingenieria en Software,3,75.44,86304
6034,Mario Lemus 6034,Ingenieria Mecanica,4,75.61,86341
6035,Paola Ortiz 6035,Ingenieria en Sistemas,5,75.78,86378
6036,Sergio Aragon 6036,Ingenieria Industrial,6,75.95,86415
6037,Dulce Arana 6037,Ingenieria Civil,7,76.12,86452
6038,Nancy Chamalé 6038,Ingenieria Administrativa,8,76.29,86489
6039,Byron Castellanos 6039,Ingenieria en Software,9,76.46,86526
6040,Helen Conoz 6040,Ingenieria Mecanica,10,76.63,86563
6041,Juan Perez 6041,Ingenieria en Sistemas,1,76.80,86600
6042,Ana Lopez 6042,Ingenieria Industrial,2,76.97,86637
6043,Carlos Ruiz 6043,Ingenieria Civil,3,77.14,86674
6044,Maria Garcia 6044,Ingenieria Administrativa,4,77.31,86711
6045,Luis Hernandez 6045,Ingenieria en Software,5,77.48,86748
6046,Sofia Morales 6046,Ingenieria Mecanica,6,77.65,86785
6047,Pedro Castillo 6047,Ingenieria en Sistemas,7,77.82,86822
6048,Elena Pineda 6048,Ingenieria Industrial,8,77.99,86859
6049,Jorge Contreras 6049,Ingenieria Civil,9,78.16,86896
6050,Valeria Barrios 6050,Ingenieria Administrativa,10,78.33,86933
6051,Karla Gomez 6051,Ingenieria en Software,1,78.50,86970
6052,Diego Navarro 6052,Ingenieria Mecanica,2,78.67,87007
6053,Rosa Fuentes 6053,Ingenieria en Sistemas,3,78.84,87044
6054,Mario Lemus 6054,Ingenieria Industrial,4,79.01,87081
6055,Paola Ortiz 6055,Ingenieria Civil,5,79.18,87118
6056,Sergio Aragon 6056,Ingenieria Administrativa,6,79.35,87155
6057,Dulce Arana 6057,Ingenieria en Software,7,79.52,87192
6058,Nancy Chamalé 6058,Ingenieria Mecanica,8,79.69,87229
6059,Byron Castellanos 6059,Ingenieria en Sistemas,9,79.86,87266
6060,Helen Conoz 6060,Ingenieria Industrial,10,80.03,87303
6061,Juan Perez 6061,Ingenieria Civil,1,80.20,87340
6062,Ana Lopez 6062,Ingenieria Administrativa,2,80.37,87377
6063,Carlos Ruiz 6063,Ingenieria en Software,3,80.54,87414
6064,Maria Garcia 6064,Ingenieria Mecanica,4,80.71,87451
6065,Luis Hernandez 6065,Ingenieria en Sistemas,5,80.88,87488
6066,Sofia Morales 6066,Ingenieria Industrial,6,81.05,87525
6067,Pedro Castillo 6067,Ingenieria Civil,7,81.22,87562
6068,Elena Pineda 6068,Ingenieria Administrativa,8,81.39,87599
6069,Jorge Contreras 6069,Ingenieria en Software,9,81.56,87636
6070,Valeria Barrios 6070,Ingenieria Mecanica,10,81.73,87673
6071,Karla Gomez 6071,Ingenieria en Sistemas,1,81.90,87710
6072,Diego Navarro 6072,Ingenieria Industrial,2,82.07,87747
6073,Rosa Fuentes 6073,Ingenieria Civil,3,82.24,87784
6074,Mario Lemus 6074,Ingenieria Administrativa,4,82.41,87821
6075,Paola Ortiz 6075,Ingenieria en Software,5,82.58,87858
6076,Sergio Aragon 6076,Ingenieria Mecanica,6,82.75,87895
6077,Dulce Arana 6077,Ingenieria en Sistemas,7,82.92,87932
6078,Nancy Chamalé 6078,Ingenieria Industrial,8,83.09,87969
6079,Byron Castellanos 6079,Ingenieria Civil,9,83.26,88006
6080,Helen Conoz 6080,Ingenieria Administrativa,10,83.43,88043
6081,Juan Perez 6081,Ingenieria en Software,1,83.60,88080
6082,Ana Lopez 6082,Ingenieria Mecanica,2,83.77,88117
6083,Carlos Ruiz 6083,Ingenieria en Sistemas,3,83.94,88154
6084,Maria Garcia 6084,Ingenieria Industrial,4,84.11,88191
6085,Luis Hernandez 6085,Ingenieria Civil,5,84.28,88228
6086,Sofia Morales 6086,Ingenieria Administrativa,6,84.45,88265
6087,Pedro Castillo 6087,Ingenieria en Software,7,84.62,88302
6088,Elena Pineda 6088,Ingenieria Mecanica,8,84.79,88339
6089,Jorge Contreras 6089,Ingenieria en Sistemas,9,84.96,88376
6090,Valeria Barrios 6090,Ingenieria Industrial,10,85.13,88413
6091,Karla Gomez 6091,Ingenieria Civil,1,85.30,88450
6092,Diego Navarro 6092,Ingenieria Administrativa,2,85.47,88487
6093,Rosa Fuentes 6093,Ingenieria en Software,3,85.64,88524
6094,Mario Lemus 6094,Ingenieria Mecanica,4,85.81,88561
6095,Paola Ortiz 6095,Ingenieria en Sistemas,5,85.98,88598
6096,Sergio Aragon 6096,Ingenieria Industrial,6,86.15,88635
6097,Dulce Arana 6097,Ingenieria Civil,7,86.32,88672
6098,Nancy Chamalé 6098,Ingenieria Administrativa,8,86.49,88709
6099,Byron Castellanos 6099,Ingenieria en Software,9,86.66,88746
6100,Helen Conoz 6100,Ingenieria Mecanica,10,86.83,88783
6101,Juan Perez 6101,Ingenieria en Sistemas,1,87.00,88820
6102,Ana Lopez 6102,Ingenieria Industrial,2,87.17,88857
6103,Carlos Ruiz 6103,Ingenieria Civil,3,87.34,88894
6104,Maria Garcia 6104,Ingenieria Administrativa,4,87.51,88931
6105,Luis Hernandez 6105,Ingenieria en Software,5,87.68,88968
6106,Sofia Morales 6106,Ingenieria Mecanica,6,87.85,89005
6107,Pedro Castillo 6107,Ingenieria en Sistemas,7,88.02,89042
6108,Elena Pineda 6108,Ingenieria Industrial,8,88.19,89079
6109,Jorge Contreras 6109,Ingenieria Civil,9,88.36,89116
6110,Valeria Barrios 6110,Ingenieria Administrativa,10,88.53,89153
6111,Karla Gomez 6111,Ingenieria en Software,1,88.70,89190
6112,Diego Navarro 6112,Ingenieria Mecanica,2,88.87,89227
6113,Rosa Fuentes 6113,Ingenieria en Sistemas,3,89.04,89264
6114,Mario Lemus 6114,Ingenieria Industrial,4,89.21,89301
6115,Paola Ortiz 6115,Ingenieria Civil,5,89.38,89338
6116,Sergio Aragon 6116,Ingenieria Administrativa,6,89.55,89375
6117,Dulce Arana 6117,Ingenieria en Software,7,89.72,89412
6118,Nancy Chamalé 6118,Ingenieria Mecanica,8,89.89,89449
6119,Byron Castellanos 6119,Ingenieria en Sistemas,9,90.06,89486
6120,Helen Conoz 6120,Ingenieria Industrial,10,90.23,89523
6121,Juan Perez 6121,Ingenieria Civil,1,90.40,89560
6122,Ana Lopez 6122,Ingenieria Administrativa,2,90.57,89597
6123,Carlos Ruiz 6123,Ingenieria en Software,3,90.74,89634
6124,Maria Garcia 6124,Ingenieria Mecanica,4,90.91,89671
6125,Luis Hernandez 6125,Ingenieria en Sistemas,5,91.08,89708
6126,Sofia Morales 6126,Ingenieria Industrial,6,91.25,89745
6127,Pedro Castillo 6127,Ingenieria Civil,7,91.42,89782
6128,Elena Pineda 6128,Ingenieria Administrativa,8,91.59,89819
6129,Jorge Contreras 6129,Ingenieria en Software,9,91.76,89856
6130,Valeria Barrios 6130,Ingenieria Mecanica,10,91.93,89893
6131,Karla Gomez 6131,Ingenieria en Sistemas,1,92.10,89930
6132,Diego Navarro 6132,Ingenieria Industrial,2,92.27,89967
6133,Rosa Fuentes 6133,Ingenieria Civil,3,92.44,90004
6134,Mario Lemus 6134,Ingenieria Administrativa,4,92.61,90041
6135,Paola Ortiz 6135,Ingenieria en Software,5,92.78,90078
6136,Sergio Aragon 6136,Ingenieria Mecanica,6,92.95,90115
6137,Dulce Arana 6137,Ingenieria en Sistemas,7,93.12,90152
6138,Nancy Chamalé 6138,Ingenieria Industrial,8,93.29,90189
6139,Byron Castellanos 6139,Ingenieria Civil,9,93.46,90226
6140,Helen Conoz 6140,Ingenieria Administrativa,10,93.63,90263
6141,Juan Perez 6141,Ingenieria en Software,1,93.80,90300
6142,Ana Lopez 6142,Ingenieria Mecanica,2,93.97,90337
6143,Carlos Ruiz 6143,Ingenieria en Sistemas,3,94.14,90374
6144,Maria Garcia 6144,Ingenieria Industrial,4,94.31,90411
6145,Luis Hernandez 6145,Ingenieria Civil,5,94.48,90448
6146,Sofia Morales 6146,Ingenieria Administrativa,6,94.65,90485
6147,Pedro Castillo 6147,Ingenieria en Software,7,94.82,90522
6148,Elena Pineda 6148,Ingenieria Mecanica,8,94.99,90559
6149,Jorge Contreras 6149,Ingenieria en Sistemas,9,95.16,90596
6150,Valeria Barrios 6150,Ingenieria Industrial,10,95.33,90633
6151,Karla Gomez 6151,Ingenieria Civil,1,95.50,90670
6152,Diego Navarro 6152,Ingenieria Administrativa,2,95.67,90707
6153,Rosa Fuentes 6153,Ingenieria en Software,3,95.84,90744
6154,Mario Lemus 6154,Ingenieria Mecanica,4,96.01,90781
6155,Paola Ortiz 6155,Ingenieria en Sistemas,5,96.18,90818
6156,Sergio Aragon 6156,Ingenieria Industrial,6,96.35,90855
6157,Dulce Arana 6157,Ingenieria Civil,7,96.52,90892
6158,Nancy Chamalé 6158,Ingenieria Administrativa,8,96.69,90929
6159,Byron Castellanos 6159,Ingenieria en Software,9,96.86,90966
6160,Helen Conoz 6160,Ingenieria Mecanica,10,97.03,91003
6161,Juan Perez 6161,Ingenieria en Sistemas,1,97.20,91040
6162,Ana Lopez 6162,Ingenieria Industrial,2,97.37,91077
6163,Carlos Ruiz 6163,Ingenieria Civil,3,97.54,91114
6164,Maria Garcia 6164,Ingenieria Administrativa,4,97.71,91151
6165,Luis Hernandez 6165,Ingenieria en Software,5,97.88,91188
6166,Sofia Morales 6166,Ingenieria Mecanica,6,98.05,91225
6167,Pedro Castillo 6167,Ingenieria en Sistemas,7,98.22,91262
6168,Elena Pineda 6168,Ingenieria Industrial,8,98.39,91299
6169,Jorge Contreras 6169,Ingenieria Civil,9,98.56,91336
6170,Valeria Barrios 6170,Ingenieria Administrativa,10,98.73,91373
6171,Karla Gomez 6171,Ingenieria en Software,1,98.90,91410
6172,Diego Navarro 6172,Ingenieria Mecanica,2,99.07,91447
6173,Rosa Fuentes 6173,Ingenieria en Sistemas,3,99.24,91484
6174,Mario Lemus 6174,Ingenieria Industrial,4,99.41,91521
6175,Paola Ortiz 6175,Ingenieria Civil,5,99.58,91558
6176,Sergio Aragon 6176,Ingenieria Administrativa,6,99.75,91595
6177,Dulce Arana 6177,Ingenieria en Software,7,99.92,91632
6178,Nancy Chamalé 6178,Ingenieria Mecanica,8,60.09,91669
6179,Byron Castellanos 6179,Ingenieria en Sistemas,9,60.26,91706
6180,Helen Conoz 6180,Ingenieria Industrial,10,60.43,91743
6181,Juan Perez 6181,Ingenieria Civil,1,60.60,91780
6182,Ana Lopez 6182,Ingenieria Administrativa,2,60.77,91817
6183,Carlos Ruiz 6183,Ingenieria en Software,3,60.94,91854
6184,Maria Garcia 6184,Ingenieria Mecanica,4,61.11,91891
6185,Luis Hernandez 6185,Ingenieria en Sistemas,5,61.28,91928
6186,Sofia Morales 6186,Ingenieria Industrial,6,61.45,91965
6187,Pedro Castillo 6187,Ingenieria Civil,7,61.62,92002
6188,Elena Pineda 6188,Ingenieria Administrativa,8,61.79,92039
6189,Jorge Contreras 6189,Ingenieria en Software,9,61.96,92076
6190,Valeria Barrios 6190,Ingenieria Mecanica,10,62.13,92113
6191,Karla Gomez 6191,Ingenieria en Sistemas,1,62.30,92150
6192,Diego Navarro 6192,Ingenieria Industrial,2,62.47,92187
6193,Rosa Fuentes 6193,Ingenieria Civil,3,62.64,92224
6194,Mario Lemus 6194,Ingenieria Administrativa,4,62.81,92261
6195,Paola Ortiz 6195,Ingenieria en Software,5,62.98,92298
6196,Sergio Aragon 6196,Ingenieria Mecanica,6,63.15,92335
6197,Dulce Arana 6197,Ingenieria en Sistemas,7,63.32,92372
6198,Nancy Chamalé 6198,Ingenieria Industrial,8,63.49,92409
6199,Byron Castellanos 6199,Ingenieria Civil,9,63.66,92446
6200,Helen Conoz 6200,Ingenieria Administrativa,10,63.83,92483
6201,Juan Perez 6201,Ingenieria en Software,1,64.00,92520
6202,Ana Lopez 6202,Ingenieria Mecanica,2,64.17,92557
6203,Carlos Ruiz 6203,Ingenieria en Sistemas,3,64.34,92594
6204,Maria Garcia 6204,Ingenieria Industrial,4,64.51,92631
6205,Luis Hernandez 6205,Ingenieria Civil,5,64.68,92668
6206,Sofia Morales 6206,Ingenieria Administrativa,6,64.85,92705
6207,Pedro Castillo 6207,Ingenieria en Software,7,65.02,92742
6208,Elena Pineda 6208,Ingenieria Mecanica,8,65.19,92779
6209,Jorge Contreras 6209,Ingenieria en Sistemas,9,65.36,92816
6210,Valeria Barrios 6210,Ingenieria Industrial,10,65.53,92853
6211,Karla Gomez 6211,Ingenieria Civil,1,65.70,92890
6212,Diego Navarro 6212,Ingenieria Administrativa,2,65.87,92927
6213,Rosa Fuentes 6213,Ingenieria en Software,3,66.04,92964
6214,Mario Lemus 6214,Ingenieria Mecanica,4,66.21,93001
6215,Paola Ortiz 6215,Ingenieria en Sistemas,5,66.38,93038
6216,Sergio Aragon 6216,Ingenieria Industrial,6,66.55,93075
6217,Dulce Arana 6217,Ingenieria Civil,7,66.72,93112
6218,Nancy Chamalé 6218,Ingenieria Administrativa,8,66.89,93149
6219,Byron Castellanos 6219,Ingenieria en Software,9,67.06,93186
6220,Helen Conoz 6220,Ingenieria Mecanica,10,67.23,93223
6221,Juan Perez 6221,Ingenieria en Sistemas,1,67.40,93260
6222,Ana Lopez 6222,Ingenieria Industrial,2,67.57,93297
6223,Carlos Ruiz 6223,Ingenieria Civil,3,67.74,93334
6224,Maria Garcia 6224,Ingenieria Administrativa,4,67.91,93371
6225,Luis Hernandez 6225,Ingenieria en Software,5,68.08,93408
6226,Sofia Morales 6226,Ingenieria Mecanica,6,68.25,93445
6227,Pedro Castillo 6227,Ingenieria en Sistemas,7,68.42,93482
6228,Elena Pineda 6228,Ingenieria Industrial,8,68.59,93519
6229,Jorge Contreras 6229,Ingenieria Civil,9,68.76,93556
6230,Valeria Barrios 6230,Ingenieria Administrativa,10,68.93,93593
6231,Karla Gomez 6231,Ingenieria en Software,1,69.10,93630
6232,Diego Navarro 6232,Ingenieria Mecanica,2,69.27,93667
6233,Rosa Fuentes 6233,Ingenieria en Sistemas,3,69.44,93704
6234,Mario Lemus 6234,Ingenieria Industrial,4,69.61,93741
6235,Paola Ortiz 6235,Ingenieria Civil,5,69.78,93778
6236,Sergio Aragon 6236,Ingenieria Administrativa,6,69.95,93815
6237,Dulce Arana 6237,Ingenieria en Software,7,70.12,93852
6238,Nancy Chamalé 6238,Ingenieria Mecanica,8,70.29,93889
6239,Byron Castellanos 6239,Ingenieria en Sistemas,9,70.46,93926
6240,Helen Conoz 6240,Ingenieria Industrial,10,70.63,93963
6241,Juan Perez 6241,Ingenieria Civil,1,70.80,94000
6242,Ana Lopez 6242,Ingenieria Administrativa,2,70.97,94037
6243,Carlos Ruiz 6243,Ingenieria en Software,3,71.14,94074
6244,Maria Garcia 6244,Ingenieria Mecanica,4,71.31,94111
6245,Luis Hernandez 6245,Ingenieria en Sistemas,5,71.48,94148
6246,Sofia Morales 6246,Ingenieria Industrial,6,71.65,94185
6247,Pedro Castillo 6247,Ingenieria Civil,7,71.82,94222
6248,Elena Pineda 6248,Ingenieria Administrativa,8,71.99,94259
6249,Jorge Contreras 6249,Ingenieria en Software,9,72.16,94296
6250,Valeria Barrios 6250,Ingenieria Mecanica,10,72.33,94333
6251,Karla Gomez 6251,Ingenieria en Sistemas,1,72.50,94370
6252,Diego Navarro 6252,Ingenieria Industrial,2,72.67,94407
6253,Rosa Fuentes 6253,Ingenieria Civil,3,72.84,94444
6254,Mario Lemus 6254,Ingenieria Administrativa,4,73.01,94481
6255,Paola Ortiz 6255,Ingenieria en Software,5,73.18,94518
6256,Sergio Aragon 6256,Ingenieria Mecanica,6,73.35,94555
6257,Dulce Arana 6257,Ingenieria en Sistemas,7,73.52,94592
6258,Nancy Chamalé 6258,Ingenieria Industrial,8,73.69,94629
6259,Byron Castellanos 6259,Ingenieria Civil,9,73.86,94666
6260,Helen Conoz 6260,Ingenieria Administrativa,10,74.03,94703
6261,Juan Perez 6261,Ingenieria en Software,1,74.20,94740
6262,Ana Lopez 6262,Ingenieria Mecanica,2,74.37,94777
6263,Carlos Ruiz 6263,Ingenieria en Sistemas,3,74.54,94814
6264,Maria Garcia 6264,Ingenieria Industrial,4,74.71,94851
6265,Luis Hernandez 6265,Ingenieria Civil,5,74.88,94888
6266,Sofia Morales 6266,Ingenieria Administrativa,6,75.05,94925
6267,Pedro Castillo 6267,Ingenieria en Software,7,75.22,94962
6268,Elena Pineda 6268,Ingenieria Mecanica,8,75.39,94999
6269,Jorge Contreras 6269,Ingenieria en Sistemas,9,75.56,95036
6270,Valeria Barrios 6270,Ingenieria Industrial,10,75.73,95073
6271,Karla Gomez 6271,Ingenieria Civil,1,75.90,95110
6272,Diego Navarro 6272,Ingenieria Administrativa,2,76.07,95147
6273,Rosa Fuentes 6273,Ingenieria en Software,3,76.24,95184
6274,Mario Lemus 6274,Ingenieria Mecanica,4,76.41,95221
6275,Paola Ortiz 6275,Ingenieria en Sistemas,5,76.58,95258
6276,Sergio Aragon 6276,Ingenieria Industrial,6,76.75,95295
6277,Dulce Arana 6277,Ingenieria Civil,7,76.92,95332
6278,Nancy Chamalé 6278,Ingenieria Administrativa,8,77.09,95369
6279,Byron Castellanos 6279,Ingenieria en Software,9,77.26,95406
6280,Helen Conoz 6280,Ingenieria Mecanica,10,77.43,95443
6281,Juan Perez 6281,Ingenieria en Sistemas,1,77.60,95480
6282,Ana Lopez 6282,Ingenieria Industrial,2,77.77,95517
6283,Carlos Ruiz 6283,Ingenieria Civil,3,77.94,95554
6284,Maria Garcia 6284,Ingenieria Administrativa,4,78.11,95591
6285,Luis Hernandez 6285,Ingenieria en Software,5,78.28,95628
6286,Sofia Morales 6286,Ingenieria Mecanica,6,78.45,95665
6287,Pedro Castillo 6287,Ingenieria en Sistemas,7,78.62,95702
6288,Elena Pineda 6288,Ingenieria Industrial,8,78.79,95739
6289,Jorge Contreras 6289,Ingenieria Civil,9,78.96,95776
6290,Valeria Barrios 6290,Ingenieria Administrativa,10,79.13,95813
6291,Karla Gomez 6291,Ingenieria en Software,1,79.30,95850
6292,Diego Navarro 6292,Ingenieria Mecanica,2,79.47,95887
6293,Rosa Fuentes 6293,Ingenieria en Sistemas,3,79.64,95924
6294,Mario Lemus 6294,Ingenieria Industrial,4,79.81,95961
6295,Paola Ortiz 6295,Ingenieria Civil,5,79.98,95998
6296,Sergio Aragon 6296,Ingenieria Administrativa,6,80.15,96035
6297,Dulce Arana 6297,Ingenieria en Software,7,80.32,96072
6298,Nancy Chamalé 6298,Ingenieria Mecanica,8,80.49,96109
6299,Byron Castellanos 6299,Ingenieria en Sistemas,9,80.66,96146
6300,Helen Conoz 6300,Ingenieria Industrial,10,80.83,96183
6301,Juan Perez 6301,Ingenieria Civil,1,81.00,96220
6302,Ana Lopez 6302,Ingenieria Administrativa,2,81.17,96257
6303,Carlos Ruiz 6303,Ingenieria en Software,3,81.34,96294
6304,Maria Garcia 6304,Ingenieria Mecanica,4,81.51,96331
6305,Luis Hernandez 6305,Ingenieria en Sistemas,5,81.68,96368
6306,Sofia Morales 6306,Ingenieria Industrial,6,81.85,96405
6307,Pedro Castillo 6307,Ingenieria Civil,7,82.02,96442
6308,Elena Pineda 6308,Ingenieria Administrativa,8,82.19,96479
6309,Jorge Contreras 6309,Ingenieria en Software,9,82.36,96516
6310,Valeria Barrios 6310,Ingenieria Mecanica,10,82.53,96553
6311,Karla Gomez 6311,Ingenieria en Sistemas,1,82.70,96590
6312,Diego Navarro 6312,Ingenieria Industrial,2,82.87,96627
6313,Rosa Fuentes 6313,Ingenieria Civil,3,83.04,96664
6314,Mario Lemus 6314,Ingenieria Administrativa,4,83.21,96701
6315,Paola Ortiz 6315,Ingenieria en Software,5,83.38,96738
6316,Sergio Aragon 6316,Ingenieria Mecanica,6,83.55,96775
6317,Dulce Arana 6317,Ingenieria en Sistemas,7,83.72,96812
6318,Nancy Chamalé 6318,Ingenieria Industrial,8,83.89,96849
6319,Byron Castellanos 6319,Ingenieria Civil,9,84.06,96886
6320,Helen Conoz 6320,Ingenieria Administrativa,10,84.23,96923
6321,Juan Perez 6321,Ingenieria en Software,1,84.40,96960
6322,Ana Lopez 6322,Ingenieria Mecanica,2,84.57,96997
6323,Carlos Ruiz 6323,Ingenieria en Sistemas,3,84.74,97034
6324,Maria Garcia 6324,Ingenieria Industrial,4,84.91,97071
6325,Luis Hernandez 6325,Ingenieria Civil,5,85.08,97108
6326,Sofia Morales 6326,Ingenieria Administrativa,6,85.25,97145
6327,Pedro Castillo 6327,Ingenieria en Software,7,85.42,97182
6328,Elena Pineda 6328,Ingenieria Mecanica,8,85.59,97219
6329,Jorge Contreras 6329,Ingenieria en Sistemas,9,85.76,97256
6330,Valeria Barrios 6330,Ingenieria Industrial,10,85.93,97293
6331,Karla Gomez 6331,Ingenieria Civil,1,86.10,97330
6332,Diego Navarro 6332,Ingenieria Administrativa,2,86.27,97367
6333,Rosa Fuentes 6333,Ingenieria en Software,3,86.44,97404
6334,Mario Lemus 6334,Ingenieria Mecanica,4,86.61,97441
6335,Paola Ortiz 6335,Ingenieria en Sistemas,5,86.78,97478
6336,Sergio Aragon 6336,Ingenieria Industrial,6,86.95,97515
6337,Dulce Arana 6337,Ingenieria Civil,7,87.12,97552
6338,Nancy Chamalé 6338,Ingenieria Administrativa,8,87.29,97589
6339,Byron Castellanos 6339,Ingenieria en Software,9,87.46,97626
6340,Helen Conoz 6340,Ingenieria Mecanica,10,87.63,97663
6341,Juan Perez 6341,Ingenieria en Sistemas,1,87.80,97700
6342,Ana Lopez 6342,Ingenieria Industrial,2,87.97,97737
6343,Carlos Ruiz 6343,Ingenieria Civil,3,88.14,97774
6344,Maria Garcia 6344,Ingenieria Administrativa,4,88.31,97811
6345,Luis Hernandez 6345,Ingenieria en Software,5,88.48,97848
6346,Sofia Morales 6346,Ingenieria Mecanica,6,88.65,97885
6347,Pedro Castillo 6347,Ingenieria en Sistemas,7,88.82,97922
6348,Elena Pineda 6348,Ingenieria Industrial,8,88.99,97959
6349,Jorge Contreras 6349,Ingenieria Civil,9,89.16,97996
6350,Valeria Barrios 6350,Ingenieria Administrativa,10,89.33,98033
6351,Karla Gomez 6351,Ingenieria en Software,1,89.50,98070
6352,Diego Navarro 6352,Ingenieria Mecanica,2,89.67,98107
6353,Rosa Fuentes 6353,Ingenieria en Sistemas,3,89.84,98144
6354,Mario Lemus 6354,Ingenieria Industrial,4,90.01,98181
6355,Paola Ortiz 6355,Ingenieria Civil,5,90.18,98218
6356,Sergio Aragon 6356,Ingenieria Administrativa,6,90.35,98255
6357,Dulce Arana 6357,Ingenieria en Software,7,90.52,98292
6358,Nancy Chamalé 6358,Ingenieria Mecanica,8,90.69,98329
6359,Byron Castellanos 6359,Ingenieria en Sistemas,9,90.86,98366
6360,Helen Conoz 6360,Ingenieria Industrial,10,91.03,98403
6361,Juan Perez 6361,Ingenieria Civil,1,91.20,98440
6362,Ana Lopez 6362,Ingenieria Administrativa,2,91.37,98477
6363,Carlos Ruiz 6363,Ingenieria en Software,3,91.54,98514
6364,Maria Garcia 6364,Ingenieria Mecanica,4,91.71,98551
6365,Luis Hernandez 6365,Ingenieria en Sistemas,5,91.88,98588
6366,Sofia Morales 6366,Ingenieria Industrial,6,92.05,98625
6367,Pedro Castillo 6367,Ingenieria Civil,7,92.22,98662
6368,Elena Pineda 6368,Ingenieria Administrativa,8,92.39,98699
6369,Jorge Contreras 6369,Ingenieria en Software,9,92.56,98736
6370,Valeria Barrios 6370,Ingenieria Mecanica,10,92.73,98773
6371,Karla Gomez 6371,Ingenieria en Sistemas,1,92.90,98810
6372,Diego Navarro 6372,Ingenieria Industrial,2,93.07,98847
6373,Rosa Fuentes 6373,Ingenieria Civil,3,93.24,98884
6374,Mario Lemus 6374,Ingenieria Administrativa,4,93.41,98921
6375,Paola Ortiz 6375,Ingenieria en Software,5,93.58,98958
6376,Sergio Aragon 6376,Ingenieria Mecanica,6,93.75,98995
6377,Dulce Arana 6377,Ingenieria en Sistemas,7,93.92,99032
6378,Nancy Chamalé 6378,Ingenieria Industrial,8,94.09,99069
6379,Byron Castellanos 6379,Ingenieria Civil,9,94.26,99106
6380,Helen Conoz 6380,Ingenieria Administrativa,10,94.43,99143
6381,Juan Perez 6381,Ingenieria en Software,1,94.60,99180
6382,Ana Lopez 6382,Ingenieria Mecanica,2,94.77,99217
6383,Carlos Ruiz 6383,Ingenieria en Sistemas,3,94.94,99254
6384,Maria Garcia 6384,Ingenieria Industrial,4,95.11,99291
6385,Luis Hernandez 6385,Ingenieria Civil,5,95.28,99328
6386,Sofia Morales 6386,Ingenieria Administrativa,6,95.45,99365
6387,Pedro Castillo 6387,Ingenieria en Software,7,95.62,99402
6388,Elena Pineda 6388,Ingenieria Mecanica,8,95.79,99439
6389,Jorge Contreras 6389,Ingenieria en Sistemas,9,95.96,99476
6390,Valeria Barrios 6390,Ingenieria Industrial,10,96.13,99513
6391,Karla Gomez 6391,Ingenieria Civil,1,96.30,99550
6392,Diego Navarro 6392,Ingenieria Administrativa,2,96.47,99587
6393,Rosa Fuentes 6393,Ingenieria en Software,3,96.64,99624
6394,Mario Lemus 6394,Ingenieria Mecanica,4,96.81,99661
6395,Paola Ortiz 6395,Ingenieria en Sistemas,5,96.98,99698
6396,Sergio Aragon 6396,Ingenieria Industrial,6,97.15,99735
6397,Dulce Arana 6397,Ingenieria Civil,7,97.32,99772
6398,Nancy Chamalé 6398,Ingenieria Administrativa,8,97.49,99809
6399,Byron Castellanos 6399,Ingenieria en Software,9,97.66,99846
6400,Helen Conoz 6400,Ingenieria Mecanica,10,97.83,99883
6401,Juan Perez 6401,Ingenieria en Sistemas,1,98.00,99920
6402,Ana Lopez 6402,Ingenieria Industrial,2,98.17,99957
6403,Carlos Ruiz 6403,Ingenieria Civil,3,98.34,99994
6404,Maria Garcia 6404,Ingenieria Administrativa,4,98.51,31
6405,Luis Hernandez 6405,Ingenieria en Software,5,98.68,68
6406,Sofia Morales 6406,Ingenieria Mecanica,6,98.85,105
6407,Pedro Castillo 6407,Ingenieria en Sistemas,7,99.02,142
6408,Elena Pineda 6408,Ingenieria Industrial,8,99.19,179
6409,Jorge Contreras 6409,Ingenieria Civil,9,99.36,216
6410,Valeria Barrios 6410,Ingenieria Administrativa,10,99.53,253
6411,Karla Gomez 6411,Ingenieria en Software,1,99.70,290
6412,Diego Navarro 6412,Ingenieria Mecanica,2,99.87,327
6413,Rosa Fuentes 6413,Ingenieria en Sistemas,3,60.04,364
6414,Mario Lemus 6414,Ingenieria Industrial,4,60.21,401
6415,Paola Ortiz 6415,Ingenieria Civil,5,60.38,438
6416,Sergio Aragon 6416,Ingenieria Administrativa,6,60.55,475
6417,Dulce Arana 6417,Ingenieria en Software,7,60.72,512
6418,Nancy Chamalé 6418,Ingenieria Mecanica,8,60.89,549
6419,Byron Castellanos 6419,Ingenieria en Sistemas,9,61.06,586
6420,Helen Conoz 6420,Ingenieria Industrial,10,61.23,623
6421,Juan Perez 6421,Ingenieria Civil,1,61.40,660
6422,Ana Lopez 6422,Ingenieria Administrativa,2,61.57,697
6423,Carlos Ruiz 6423,Ingenieria en Software,3,61.74,734
6424,Maria Garcia 6424,Ingenieria Mecanica,4,61.91,771
6425,Luis Hernandez 6425,Ingenieria en Sistemas,5,62.08,808
6426,Sofia Morales 6426,Ingenieria Industrial,6,62.25,845
6427,Pedro Castillo 6427,Ingenieria Civil,7,62.42,882
6428,Elena Pineda 6428,Ingenieria Administrativa,8,62.59,919
6429,Jorge Contreras 6429,Ingenieria en Software,9,62.76,956
6430,Valeria Barrios 6430,Ingenieria Mecanica,10,62.93,993
6431,Karla Gomez 6431,Ingenieria en Sistemas,1,63.10,1030
6432,Diego Navarro 6432,Ingenieria Industrial,2,63.27,1067
6433,Rosa Fuentes 6433,Ingenieria Civil,3,63.44,1104
6434,Mario Lemus 6434,Ingenieria Administrativa,4,63.61,1141
6435,Paola Ortiz 6435,Ingenieria en Software,5,63.78,1178
6436,Sergio Aragon 6436,Ingenieria Mecanica,6,63.95,1215
6437,Dulce Arana 6437,Ingenieria en Sistemas,7,64.12,1252
6438,Nancy Chamalé 6438,Ingenieria Industrial,8,64.29,1289
6439,Byron Castellanos 6439,Ingenieria Civil,9,64.46,1326
6440,Helen Conoz 6440,Ingenieria Administrativa,10,64.63,1363
6441,Juan Perez 6441,Ingenieria en Software,1,64.80,1400
6442,Ana Lopez 6442,Ingenieria Mecanica,2,64.97,1437
6443,Carlos Ruiz 6443,Ingenieria en Sistemas,3,65.14,1474
6444,Maria Garcia 6444,Ingenieria Industrial,4,65.31,1511
6445,Luis Hernandez 6445,Ingenieria Civil,5,65.48,1548
6446,Sofia Morales 6446,Ingenieria Administrativa,6,65.65,1585
6447,Pedro Castillo 6447,Ingenieria en Software,7,65.82,1622
6448,Elena Pineda 6448,Ingenieria Mecanica,8,65.99,1659
6449,Jorge Contreras 6449,Ingenieria en Sistemas,9,66.16,1696
6450,Valeria Barrios 6450,Ingenieria Industrial,10,66.33,1733
6451,Karla Gomez 6451,Ingenieria Civil,1,66.50,1770
6452,Diego Navarro 6452,Ingenieria Administrativa,2,66.67,1807
6453,Rosa Fuentes 6453,Ingenieria en Software,3,66.84,1844
6454,Mario Lemus 6454,Ingenieria Mecanica,4,67.01,1881
6455,Paola Ortiz 6455,Ingenieria en Sistemas,5,67.18,1918
6456,Sergio Aragon 6456,Ingenieria Industrial,6,67.35,1955
6457,Dulce Arana 6457,Ingenieria Civil,7,67.52,1992
6458,Nancy Chamalé 6458,Ingenieria Administrativa,8,67.69,2029
6459,Byron Castellanos 6459,Ingenieria en Software,9,67.86,2066
6460,Helen Conoz 6460,Ingenieria Mecanica,10,68.03,2103
6461,Juan Perez 6461,Ingenieria en Sistemas,1,68.20,2140
6462,Ana Lopez 6462,Ingenieria Industrial,2,68.37,2177
6463,Carlos Ruiz 6463,Ingenieria Civil,3,68.54,2214
6464,Maria Garcia 6464,Ingenieria Administrativa,4,68.71,2251
6465,Luis Hernandez 6465,Ingenieria en Software,5,68.88,2288
6466,Sofia Morales 6466,Ingenieria Mecanica,6,69.05,2325
6467,Pedro Castillo 6467,Ingenieria en Sistemas,7,69.22,2362
6468,Elena Pineda 6468,Ingenieria Industrial,8,69.39,2399
6469,Jorge Contreras 6469,Ingenieria Civil,9,69.56,2436
6470,Valeria Barrios 6470,Ingenieria Administrativa,10,69.73,2473
6471,Karla Gomez 6471,Ingenieria en Software,1,69.90,2510
6472,Diego Navarro 6472,Ingenieria Mecanica,2,70.07,2547
6473,Rosa Fuentes 6473,Ingenieria en Sistemas,3,70.24,2584
6474,Mario Lemus 6474,Ingenieria Industrial,4,70.41,2621
6475,Paola Ortiz 6475,Ingenieria Civil,5,70.58,2658
6476,Sergio Aragon 6476,Ingenieria Administrativa,6,70.75,2695
6477,Dulce Arana 6477,Ingenieria en Software,7,70.92,2732
6478,Nancy Chamalé 6478,Ingenieria Mecanica,8,71.09,2769
6479,Byron Castellanos 6479,Ingenieria en Sistemas,9,71.26,2806
6480,Helen Conoz 6480,Ingenieria Industrial,10,71.43,2843
6481,Juan Perez 6481,Ingenieria Civil,1,71.60,2880
6482,Ana Lopez 6482,Ingenieria Administrativa,2,71.77,2917
6483,Carlos Ruiz 6483,Ingenieria en Software,3,71.94,2954
6484,Maria Garcia 6484,Ingenieria Mecanica,4,72.11,2991
6485,Luis Hernandez 6485,Ingenieria en Sistemas,5,72.28,3028
6486,Sofia Morales 6486,Ingenieria Industrial,6,72.45,3065
6487,Pedro Castillo 6487,Ingenieria Civil,7,72.62,3102
6488,Elena Pineda 6488,Ingenieria Administrativa,8,72.79,3139
6489,Jorge Contreras 6489,Ingenieria en Software,9,72.96,3176
6490,Valeria Barrios 6490,Ingenieria Mecanica,10,73.13,3213
6491,Karla Gomez 6491,Ingenieria en Sistemas,1,73.30,3250
6492,Diego Navarro 6492,Ingenieria Industrial,2,73.47,3287
6493,Rosa Fuentes 6493,Ingenieria Civil,3,73.64,3324
6494,Mario Lemus 6494,Ingenieria Administrativa,4,73.81,3361
6495,Paola Ortiz 6495,Ingenieria en Software,5,73.98,3398
6496,Sergio Aragon 6496,Ingenieria Mecanica,6,74.15,3435
6497,Dulce Arana 6497,Ingenieria en Sistemas,7,74.32,3472
6498,Nancy Chamalé 6498,Ingenieria Industrial,8,74.49,3509
6499,Byron Castellanos 6499,Ingenieria Civil,9,74.66,3546
6500,Helen Conoz 6500,Ingenieria Administrativa,10,74.83,3583
6501,Juan Perez 6501,Ingenieria en Software,1,75.00,3620
6502,Ana Lopez 6502,Ingenieria Mecanica,2,75.17,3657
6503,Carlos Ruiz 6503,Ingenieria en Sistemas,3,75.34,3694
6504,Maria Garcia 6504,Ingenieria Industrial,4,75.51,3731
6505,Luis Hernandez 6505,Ingenieria Civil,5,75.68,3768
6506,Sofia Morales 6506,Ingenieria Administrativa,6,75.85,3805
6507,Pedro Castillo 6507,Ingenieria en Software,7,76.02,3842
6508,Elena Pineda 6508,Ingenieria Mecanica,8,76.19,3879
6509,Jorge Contreras 6509,Ingenieria en Sistemas,9,76.36,3916
6510,Valeria Barrios 6510,Ingenieria Industrial,10,76.53,3953
6511,Karla Gomez 6511,Ingenieria Civil,1,76.70,3990
6512,Diego Navarro 6512,Ingenieria Administrativa,2,76.87,4027
6513,Rosa Fuentes 6513,Ingenieria en Software,3,77.04,4064
6514,Mario Lemus 6514,Ingenieria Mecanica,4,77.21,4101
6515,Paola Ortiz 6515,Ingenieria en Sistemas,5,77.38,4138
6516,Sergio Aragon 6516,Ingenieria Industrial,6,77.55,4175
6517,Dulce Arana 6517,Ingenieria Civil,7,77.72,4212
6518,Nancy Chamalé 6518,Ingenieria Administrativa,8,77.89,4249
6519,Byron Castellanos 6519,Ingenieria en Software,9,78.06,4286
6520,Helen Conoz 6520,Ingenieria Mecanica,10,78.23,4323
6521,Juan Perez 6521,Ingenieria en Sistemas,1,78.40,4360
6522,Ana Lopez 6522,Ingenieria Industrial,2,78.57,4397
6523,Carlos Ruiz 6523,Ingenieria Civil,3,78.74,4434
6524,Maria Garcia 6524,Ingenieria Administrativa,4,78.91,4471
6525,Luis Hernandez 6525,Ingenieria en Software,5,79.08,4508
6526,Sofia Morales 6526,Ingenieria Mecanica,6,79.25,4545
6527,Pedro Castillo 6527,Ingenieria en Sistemas,7,79.42,4582
6528,Elena Pineda 6528,Ingenieria Industrial,8,79.59,4619
6529,Jorge Contreras 6529,Ingenieria Civil,9,79.76,4656
6530,Valeria Barrios 6530,Ingenieria Administrativa,10,79.93,4693
6531,Karla Gomez 6531,Ingenieria en Software,1,80.10,4730
6532,Diego Navarro 6532,Ingenieria Mecanica,2,80.27,4767
6533,Rosa Fuentes 6533,Ingenieria en Sistemas,3,80.44,4804
6534,Mario Lemus 6534,Ingenieria Industrial,4,80.61,4841
6535,Paola Ortiz 6535,Ingenieria Civil,5,80.78,4878
6536,Sergio Aragon 6536,Ingenieria Administrativa,6,80.95,4915
6537,Dulce Arana 6537,Ingenieria en Software,7,81.12,4952
6538,Nancy Chamalé 6538,Ingenieria Mecanica,8,81.29,4989
6539,Byron Castellanos 6539,Ingenieria en Sistemas,9,81.46,5026
6540,Helen Conoz 6540,Ingenieria Industrial,10,81.63,5063
6541,Juan Perez 6541,Ingenieria Civil,1,81.80,5100
6542,Ana Lopez 6542,Ingenieria Administrativa,2,81.97,5137
6543,Carlos Ruiz 6543,Ingenieria en Software,3,82.14,5174
6544,Maria Garcia 6544,Ingenieria Mecanica,4,82.31,5211
6545,Luis Hernandez 6545,Ingenieria en Sistemas,5,82.48,5248
6546,Sofia Morales 6546,Ingenieria Industrial,6,82.65,5285
6547,Pedro Castillo 6547,Ingenieria Civil,7,82.82,5322
6548,Elena Pineda 6548,Ingenieria Administrativa,8,82.99,5359
6549,Jorge Contreras 6549,Ingenieria en Software,9,83.16,5396
6550,Valeria Barrios 6550,Ingenieria Mecanica,10,83.33,5433
6551,Karla Gomez 6551,Ingenieria en Sistemas,1,83.50,5470
6552,Diego Navarro 6552,Ingenieria Industrial,2,83.67,5507
6553,Rosa Fuentes 6553,Ingenieria Civil,3,83.84,5544
6554,Mario Lemus 6554,Ingenieria Administrativa,4,84.01,5581
6555,Paola Ortiz 6555,Ingenieria en Software,5,84.18,5618
6556,Sergio Aragon 6556,Ingenieria Mecanica,6,84.35,5655
6557,Dulce Arana 6557,Ingenieria en Sistemas,7,84.52,5692
6558,Nancy Chamalé 6558,Ingenieria Industrial,8,84.69,5729
6559,Byron Castellanos 6559,Ingenieria Civil,9,84.86,5766
6560,Helen Conoz 6560,Ingenieria Administrativa,10,85.03,5803
6561,Juan Perez 6561,Ingenieria en Software,1,85.20,5840
6562,Ana Lopez 6562,Ingenieria Mecanica,2,85.37,5877
6563,Carlos Ruiz 6563,Ingenieria en Sistemas,3,85.54,5914
6564,Maria Garcia 6564,Ingenieria Industrial,4,85.71,5951
6565,Luis Hernandez 6565,Ingenieria Civil,5,85.88,5988
6566,Sofia Morales 6566,Ingenieria Administrativa,6,86.05,6025
6567,Pedro Castillo 6567,Ingenieria en Software,7,86.22,6062
6568,Elena Pineda 6568,Ingenieria Mecanica,8,86.39,6099
6569,Jorge Contreras 6569,Ingenieria en Sistemas,9,86.56,6136
6570,Valeria Barrios 6570,Ingenieria Industrial,10,86.73,6173
6571,Karla Gomez 6571,Ingenieria Civil,1,86.90,6210
6572,Diego Navarro 6572,Ingenieria Administrativa,2,87.07,6247
6573,Rosa Fuentes 6573,Ingenieria en Software,3,87.24,6284
6574,Mario Lemus 6574,Ingenieria Mecanica,4,87.41,6321
6575,Paola Ortiz 6575,Ingenieria en Sistemas,5,87.58,6358
6576,Sergio Aragon 6576,Ingenieria Industrial,6,87.75,6395
6577,Dulce Arana 6577,Ingenieria Civil,7,87.92,6432
6578,Nancy Chamalé 6578,Ingenieria Administrativa,8,88.09,6469
6579,Byron Castellanos 6579,Ingenieria en Software,9,88.26,6506
6580,Helen Conoz 6580,Ingenieria Mecanica,10,88.43,6543
6581,Juan Perez 6581,Ingenieria en Sistemas,1,88.60,6580
6582,Ana Lopez 6582,Ingenieria Industrial,2,88.77,6617
6583,Carlos Ruiz 6583,Ingenieria Civil,3,88.94,6654
6584,Maria Garcia 6584,Ingenieria Administrativa,4,89.11,6691
6585,Luis Hernandez 6585,Ingenieria en Software,5,89.28,6728
6586,Sofia Morales 6586,Ingenieria Mecanica,6,89.45,6765
6587,Pedro Castillo 6587,Ingenieria en Sistemas,7,89.62,6802
6588,Elena Pineda 6588,Ingenieria Industrial,8,89.79,6839
6589,Jorge Contreras 6589,Ingenieria Civil,9,89.96,6876
6590,Valeria Barrios 6590,Ingenieria Administrativa,10,90.13,6913
6591,Karla Gomez 6591,Ingenieria en Software,1,90.30,6950
6592,Diego Navarro 6592,Ingenieria Mecanica,2,90.47,6987
6593,Rosa Fuentes 6593,Ingenieria en Sistemas,3,90.64,7024
6594,Mario Lemus 6594,Ingenieria Industrial,4,90.81,7061
6595,Paola Ortiz 6595,Ingenieria Civil,5,90.98,7098
6596,Sergio Aragon 6596,Ingenieria Administrativa,6,91.15,7135
6597,Dulce Arana 6597,Ingenieria en Software,7,91.32,7172
6598,Nancy Chamalé 6598,Ingenieria Mecanica,8,91.49,7209
6599,Byron Castellanos 6599,Ingenieria en Sistemas,9,91.66,7246
6600,Helen Conoz 6600,Ingenieria Industrial,10,91.83,7283
6601,Juan Perez 6601,Ingenieria Civil,1,92.00,7320
6602,Ana Lopez 6602,Ingenieria Administrativa,2,92.17,7357
6603,Carlos Ruiz 6603,Ingenieria en Software,3,92.34,7394
6604,Maria Garcia 6604,Ingenieria Mecanica,4,92.51,7431
6605,Luis Hernandez 6605,Ingenieria en Sistemas,5,92.68,7468
6606,Sofia Morales 6606,Ingenieria Industrial,6,92.85,7505
6607,Pedro Castillo 6607,Ingenieria Civil,7,93.02,7542
6608,Elena Pineda 6608,Ingenieria Administrativa,8,93.19,7579
6609,Jorge Contreras 6609,Ingenieria en Software,9,93.36,7616
6610,Valeria Barrios 6610,Ingenieria Mecanica,10,93.53,7653
6611,Karla Gomez 6611,Ingenieria en Sistemas,1,93.70,7690
6612,Diego Navarro 6612,Ingenieria Industrial,2,93.87,7727
6613,Rosa Fuentes 6613,Ingenieria Civil,3,94.04,7764
6614,Mario Lemus 6614,Ingenieria Administrativa,4,94.21,7801
6615,Paola Ortiz 6615,Ingenieria en Software,5,94.38,7838
6616,Sergio Aragon 6616,Ingenieria Mecanica,6,94.55,7875
6617,Dulce Arana 6617,Ingenieria en Sistemas,7,94.72,7912
6618,Nancy Chamalé 6618,Ingenieria Industrial,8,94.89,7949
6619,Byron Castellanos 6619,Ingenieria Civil,9,95.06,7986
6620,Helen Conoz 6620,Ingenieria Administrativa,10,95.23,8023
6621,Juan Perez 6621,Ingenieria en Software,1,95.40,8060
6622,Ana Lopez 6622,Ingenieria Mecanica,2,95.57,8097
6623,Carlos Ruiz 6623,Ingenieria en Sistemas,3,95.74,8134
6624,Maria Garcia 6624,Ingenieria Industrial,4,95.91,8171
6625,Luis Hernandez 6625,Ingenieria Civil,5,96.08,8208
6626,Sofia Morales 6626,Ingenieria Administrativa,6,96.25,8245
6627,Pedro Castillo 6627,Ingenieria en Software,7,96.42,8282
6628,Elena Pineda 6628,Ingenieria Mecanica,8,96.59,8319
6629,Jorge Contreras 6629,Ingenieria en Sistemas,9,96.76,8356
6630,Valeria Barrios 6630,Ingenieria Industrial,10,96.93,8393
6631,Karla Gomez 6631,Ingenieria Civil,1,97.10,8430
6632,Diego Navarro 6632,Ingenieria Administrativa,2,97.27,8467
6633,Rosa Fuentes 6633,Ingenieria en Software,3,97.44,8504
6634,Mario Lemus 6634,Ingenieria Mecanica,4,97.61,8541
6635,Paola Ortiz 6635,Ingenieria en Sistemas,5,97.78,8578
6636,Sergio Aragon 6636,Ingenieria Industrial,6,97.95,8615
6637,Dulce Arana 6637,Ingenieria Civil,7,98.12,8652
6638,Nancy Chamalé 6638,Ingenieria Administrativa,8,98.29,8689
6639,Byron Castellanos 6639,Ingenieria en Software,9,98.46,8726
6640,Helen Conoz 6640,Ingenieria Mecanica,10,98.63,8763
6641,Juan Perez 6641,Ingenieria en Sistemas,1,98.80,8800
6642,Ana Lopez 6642,Ingenieria Industrial,2,98.97,8837
6643,Carlos Ruiz 6643,Ingenieria Civil,3,99.14,8874
6644,Maria Garcia 6644,Ingenieria Administrativa,4,99.31,8911
6645,Luis Hernandez 6645,Ingenieria en Software,5,99.48,8948
6646,Sofia Morales 6646,Ingenieria Mecanica,6,99.65,8985
6647,Pedro Castillo 6647,Ingenieria en Sistemas,7,99.82,9022
6648,Elena Pineda 6648,Ingenieria Industrial,8,99.99,9059
6649,Jorge Contreras 6649,Ingenieria Civil,9,60.16,9096
6650,Valeria Barrios 6650,Ingenieria Administrativa,10,60.33,9133
6651,Karla Gomez 6651,Ingenieria en Software,1,60.50,9170
6652,Diego Navarro 6652,Ingenieria Mecanica,2,60.67,9207
6653,Rosa Fuentes 6653,Ingenieria en Sistemas,3,60.84,9244
6654,Mario Lemus 6654,Ingenieria Industrial,4,61.01,9281
6655,Paola Ortiz 6655,Ingenieria Civil,5,61.18,9318
6656,Sergio Aragon 6656,Ingenieria Administrativa,6,61.35,9355
6657,Dulce Arana 6657,Ingenieria en Software,7,61.52,9392
6658,Nancy Chamalé 6658,Ingenieria Mecanica,8,61.69,9429
6659,Byron Castellanos 6659,Ingenieria en Sistemas,9,61.86,9466
6660,Helen Conoz 6660,Ingenieria Industrial,10,62.03,9503
6661,Juan Perez 6661,Ingenieria Civil,1,62.20,9540
6662,Ana Lopez 6662,Ingenieria Administrativa,2,62.37,9577
6663,Carlos Ruiz 6663,Ingenieria en Software,3,62.54,9614
6664,Maria Garcia 6664,Ingenieria Mecanica,4,62.71,9651
6665,Luis Hernandez 6665,Ingenieria en Sistemas,5,62.88,9688
6666,Sofia Morales 6666,Ingenieria Industrial,6,63.05,9725
6667,Pedro Castillo 6667,Ingenieria Civil,7,63.22,9762
6668,Elena Pineda 6668,Ingenieria Administrativa,8,63.39,9799
6669,Jorge Contreras 6669,Ingenieria en Software,9,63.56,9836
6670,Valeria Barrios 6670,Ingenieria Mecanica,10,63.73,9873
6671,Karla Gomez 6671,Ingenieria en Sistemas,1,63.90,9910
6672,Diego Navarro 6672,Ingenieria Industrial,2,64.07,9947
6673,Rosa Fuentes 6673,Ingenieria Civil,3,64.24,9984
6674,Mario Lemus 6674,Ingenieria Administrativa,4,64.41,10021
6675,Paola Ortiz 6675,Ingenieria en Software,5,64.58,10058
6676,Sergio Aragon 6676,Ingenieria Mecanica,6,64.75,10095
6677,Dulce Arana 6677,Ingenieria en Sistemas,7,64.92,10132
6678,Nancy Chamalé 6678,Ingenieria Industrial,8,65.09,10169
6679,Byron Castellanos 6679,Ingenieria Civil,9,65.26,10206
6680,Helen Conoz 6680,Ingenieria Administrativa,10,65.43,10243
6681,Juan Perez 6681,Ingenieria en Software,1,65.60,10280
6682,Ana Lopez 6682,Ingenieria Mecanica,2,65.77,10317
6683,Carlos Ruiz 6683,Ingenieria en Sistemas,3,65.94,10354
6684,Maria Garcia 6684,Ingenieria Industrial,4,66.11,10391
6685,Luis Hernandez 6685,Ingenieria Civil,5,66.28,10428
6686,Sofia Morales 6686,Ingenieria Administrativa,6,66.45,10465
6687,Pedro Castillo 6687,Ingenieria en Software,7,66.62,10502
6688,Elena Pineda 6688,Ingenieria Mecanica,8,66.79,10539
6689,Jorge Contreras 6689,Ingenieria en Sistemas,9,66.96,10576
6690,Valeria Barrios 6690,Ingenieria Industrial,10,67.13,10613
6691,Karla Gomez 6691,Ingenieria Civil,1,67.30,10650
6692,Diego Navarro 6692,Ingenieria Administrativa,2,67.47,10687
6693,Rosa Fuentes 6693,Ingenieria en Software,3,67.64,10724
6694,Mario Lemus 6694,Ingenieria Mecanica,4,67.81,10761
6695,Paola Ortiz 6695,Ingenieria en Sistemas,5,67.98,10798
6696,Sergio Aragon 6696,Ingenieria Industrial,6,68.15,10835
6697,Dulce Arana 6697,Ingenieria Civil,7,68.32,10872
6698,Nancy Chamalé 6698,Ingenieria Administrativa,8,68.49,10909
6699,Byron Castellanos 6699,Ingenieria en Software,9,68.66,10946
6700,Helen Conoz 6700,Ingenieria Mecanica,10,68.83,10983
6701,Juan Perez 6701,Ingenieria en Sistemas,1,69.00,11020
6702,Ana Lopez 6702,Ingenieria Industrial,2,69.17,11057
6703,Carlos Ruiz 6703,Ingenieria Civil,3,69.34,11094
6704,Maria Garcia 6704,Ingenieria Administrativa,4,69.51,11131
6705,Luis Hernandez 6705,Ingenieria en Software,5,69.68,11168
6706,Sofia Morales 6706,Ingenieria Mecanica,6,69.85,11205
6707,Pedro Castillo 6707,Ingenieria en Sistemas,7,70.02,11242
6708,Elena Pineda 6708,Ingenieria Industrial,8,70.19,11279
6709,Jorge Contreras 6709,Ingenieria Civil,9,70.36,11316
6710,Valeria Barrios 6710,Ingenieria Administrativa,10,70.53,11353
6711,Karla Gomez 6711,Ingenieria en Software,1,70.70,11390
6712,Diego Navarro 6712,Ingenieria Mecanica,2,70.87,11427
6713,Rosa Fuentes 6713,Ingenieria en Sistemas,3,71.04,11464
6714,Mario Lemus 6714,Ingenieria Industrial,4,71.21,11501
6715,Paola Ortiz 6715,Ingenieria Civil,5,71.38,11538
6716,Sergio Aragon 6716,Ingenieria Administrativa,6,71.55,11575
6717,Dulce Arana 6717,Ingenieria en Software,7,71.72,11612
6718,Nancy Chamalé 6718,Ingenieria Mecanica,8,71.89,11649
6719,Byron Castellanos 6719,Ingenieria en Sistemas,9,72.06,11686
6720,Helen Conoz 6720,Ingenieria Industrial,10,72.23,11723
6721,Juan Perez 6721,Ingenieria Civil,1,72.40,11760
6722,Ana Lopez 6722,Ingenieria Administrativa,2,72.57,11797
6723,Carlos Ruiz 6723,Ingenieria en Software,3,72.74,11834
6724,Maria Garcia 6724,Ingenieria Mecanica,4,72.91,11871
6725,Luis Hernandez 6725,Ingenieria en Sistemas,5,73.08,11908
6726,Sofia Morales 6726,Ingenieria Industrial,6,73.25,11945
6727,Pedro Castillo 6727,Ingenieria Civil,7,73.42,11982
6728,Elena Pineda 6728,Ingenieria Administrativa,8,73.59,12019
6729,Jorge Contreras 6729,Ingenieria en Software,9,73.76,12056
6730,Valeria Barrios 6730,Ingenieria Mecanica,10,73.93,12093
6731,Karla Gomez 6731,Ingenieria en Sistemas,1,74.10,12130
6732,Diego Navarro 6732,Ingenieria Industrial,2,74.27,12167
6733,Rosa Fuentes 6733,Ingenieria Civil,3,74.44,12204
6734,Mario Lemus 6734,Ingenieria Administrativa,4,74.61,12241
6735,Paola Ortiz 6735,Ingenieria en Software,5,74.78,12278
6736,Sergio Aragon 6736,Ingenieria Mecanica,6,74.95,12315
6737,Dulce Arana 6737,Ingenieria en Sistemas,7,75.12,12352
6738,Nancy Chamalé 6738,Ingenieria Industrial,8,75.29,12389
6739,Byron Castellanos 6739,Ingenieria Civil,9,75.46,12426
6740,Helen Conoz 6740,Ingenieria Administrativa,10,75.63,12463
6741,Juan Perez 6741,Ingenieria en Software,1,75.80,12500
6742,Ana Lopez 6742,Ingenieria Mecanica,2,75.97,12537
6743,Carlos Ruiz 6743,Ingenieria en Sistemas,3,76.14,12574
6744,Maria Garcia 6744,Ingenieria Industrial,4,76.31,12611
6745,Luis Hernandez 6745,Ingenieria Civil,5,76.48,12648
6746,Sofia Morales 6746,Ingenieria Administrativa,6,76.65,12685
6747,Pedro Castillo 6747,Ingenieria en Software,7,76.82,12722
6748,Elena Pineda 6748,Ingenieria Mecanica,8,76.99,12759
6749,Jorge Contreras 6749,Ingenieria en Sistemas,9,77.16,12796
6750,Valeria Barrios 6750,Ingenieria Industrial,10,77.33,12833
6751,Karla Gomez 6751,Ingenieria Civil,1,77.50,12870
6752,Diego Navarro 6752,Ingenieria Administrativa,2,77.67,12907
6753,Rosa Fuentes 6753,Ingenieria en Software,3,77.84,12944
6754,Mario Lemus 6754,Ingenieria Mecanica,4,78.01,12981
6755,Paola Ortiz 6755,Ingenieria en Sistemas,5,78.18,13018
6756,Sergio Aragon 6756,Ingenieria Industrial,6,78.35,13055
6757,Dulce Arana 6757,Ingenieria Civil,7,78.52,13092
6758,Nancy Chamalé 6758,Ingenieria Administrativa,8,78.69,13129
6759,Byron Castellanos 6759,Ingenieria en Software,9,78.86,13166
6760,Helen Conoz 6760,Ingenieria Mecanica,10,79.03,13203
6761,Juan Perez 6761,Ingenieria en Sistemas,1,79.20,13240
6762,Ana Lopez 6762,Ingenieria Industrial,2,79.37,13277
6763,Carlos Ruiz 6763,Ingenieria Civil,3,79.54,13314
6764,Maria Garcia 6764,Ingenieria Administrativa,4,79.71,13351
6765,Luis Hernandez 6765,Ingenieria en Software,5,79.88,13388
6766,Sofia Morales 6766,Ingenieria Mecanica,6,80.05,13425
6767,Pedro Castillo 6767,Ingenieria en Sistemas,7,80.22,13462
6768,Elena Pineda 6768,Ingenieria Industrial,8,80.39,13499
6769,Jorge Contreras 6769,Ingenieria Civil,9,80.56,13536
6770,Valeria Barrios 6770,Ingenieria Administrativa,10,80.73,13573
6771,Karla Gomez 6771,Ingenieria en Software,1,80.90,13610
6772,Diego Navarro 6772,Ingenieria Mecanica,2,81.07,13647
6773,Rosa Fuentes 6773,Ingenieria en Sistemas,3,81.24,13684
6774,Mario Lemus 6774,Ingenieria Industrial,4,81.41,13721
6775,Paola Ortiz 6775,Ingenieria Civil,5,81.58,13758
6776,Sergio Aragon 6776,Ingenieria Administrativa,6,81.75,13795
6777,Dulce Arana 6777,Ingenieria en Software,7,81.92,13832
6778,Nancy Chamalé 6778,Ingenieria Mecanica,8,82.09,13869
6779,Byron Castellanos 6779,Ingenieria en Sistemas,9,82.26,13906
6780,Helen Conoz 6780,Ingenieria Industrial,10,82.43,13943
6781,Juan Perez 6781,Ingenieria Civil,1,82.60,13980
6782,Ana Lopez 6782,Ingenieria Administrativa,2,82.77,14017
6783,Carlos Ruiz 6783,Ingenieria en Software,3,82.94,14054
6784,Maria Garcia 6784,Ingenieria Mecanica,4,83.11,14091
6785,Luis Hernandez 6785,Ingenieria en Sistemas,5,83.28,14128
6786,Sofia Morales 6786,Ingenieria Industrial,6,83.45,14165
6787,Pedro Castillo 6787,Ingenieria Civil,7,83.62,14202
6788,Elena Pineda 6788,Ingenieria Administrativa,8,83.79,14239
6789,Jorge Contreras 6789,Ingenieria en Software,9,83.96,14276
6790,Valeria Barrios 6790,Ingenieria Mecanica,10,84.13,14313
6791,Karla Gomez 6791,Ingenieria en Sistemas,1,84.30,14350
6792,Diego Navarro 6792,Ingenieria Industrial,2,84.47,14387
6793,Rosa Fuentes 6793,Ingenieria Civil,3,84.64,14424
6794,Mario Lemus 6794,Ingenieria Administrativa,4,84.81,14461
6795,Paola Ortiz 6795,Ingenieria en Software,5,84.98,14498
6796,Sergio Aragon 6796,Ingenieria Mecanica,6,85.15,14535
6797,Dulce Arana 6797,Ingenieria en Sistemas,7,85.32,14572
6798,Nancy Chamalé 6798,Ingenieria Industrial,8,85.49,14609
6799,Byron Castellanos 6799,Ingenieria Civil,9,85.66,14646
6800,Helen Conoz 6800,Ingenieria Administrativa,10,85.83,14683
6801,Juan Perez 6801,Ingenieria en Software,1,86.00,14720
6802,Ana Lopez 6802,Ingenieria Mecanica,2,86.17,14757
6803,Carlos Ruiz 6803,Ingenieria en Sistemas,3,86.34,14794
6804,Maria Garcia 6804,Ingenieria Industrial,4,86.51,14831
6805,Luis Hernandez 6805,Ingenieria Civil,5,86.68,14868
6806,Sofia Morales 6806,Ingenieria Administrativa,6,86.85,14905
6807,Pedro Castillo 6807,Ingenieria en Software,7,87.02,14942
6808,Elena Pineda 6808,Ingenieria Mecanica,8,87.19,14979
6809,Jorge Contreras 6809,Ingenieria en Sistemas,9,87.36,15016
6810,Valeria Barrios 6810,Ingenieria Industrial,10,87.53,15053
6811,Karla Gomez 6811,Ingenieria Civil,1,87.70,15090
6812,Diego Navarro 6812,Ingenieria Administrativa,2,87.87,15127
6813,Rosa Fuentes 6813,Ingenieria en Software,3,88.04,15164
6814,Mario Lemus 6814,Ingenieria Mecanica,4,88.21,15201
6815,Paola Ortiz 6815,Ingenieria en Sistemas,5,88.38,15238
6816,Sergio Aragon 6816,Ingenieria Industrial,6,88.55,15275
6817,Dulce Arana 6817,Ingenieria Civil,7,88.72,15312
6818,Nancy Chamalé 6818,Ingenieria Administrativa,8,88.89,15349
6819,Byron Castellanos 6819,Ingenieria en Software,9,89.06,15386
6820,Helen Conoz 6820,Ingenieria Mecanica,10,89.23,15423
6821,Juan Perez 6821,Ingenieria en Sistemas,1,89.40,15460
6822,Ana Lopez 6822,Ingenieria Industrial,2,89.57,15497
6823,Carlos Ruiz 6823,Ingenieria Civil,3,89.74,15534
6824,Maria Garcia 6824,Ingenieria Administrativa,4,89.91,15571
6825,Luis Hernandez 6825,Ingenieria en Software,5,90.08,15608
6826,Sofia Morales 6826,Ingenieria Mecanica,6,90.25,15645
6827,Pedro Castillo 6827,Ingenieria en Sistemas,7,90.42,15682
6828,Elena Pineda 6828,Ingenieria Industrial,8,90.59,15719
6829,Jorge Contreras 6829,Ingenieria Civil,9,90.76,15756
6830,Valeria Barrios 6830,Ingenieria Administrativa,10,90.93,15793
6831,Karla Gomez 6831,Ingenieria en Software,1,91.10,15830
6832,Diego Navarro 6832,Ingenieria Mecanica,2,91.27,15867
6833,Rosa Fuentes 6833,Ingenieria en Sistemas,3,91.44,15904
6834,Mario Lemus 6834,Ingenieria Industrial,4,91.61,15941
6835,Paola Ortiz 6835,Ingenieria Civil,5,91.78,15978
6836,Sergio Aragon 6836,Ingenieria Administrativa,6,91.95,16015
6837,Dulce Arana 6837,Ingenieria en Software,7,92.12,16052
6838,Nancy Chamalé 6838,Ingenieria Mecanica,8,92.29,16089
6839,Byron Castellanos 6839,Ingenieria en Sistemas,9,92.46,16126
6840,Helen Conoz 6840,Ingenieria Industrial,10,92.63,16163
6841,Juan Perez 6841,Ingenieria Civil,1,92.80,16200
6842,Ana Lopez 6842,Ingenieria Administrativa,2,92.97,16237
6843,Carlos Ruiz 6843,Ingenieria en Software,3,93.14,16274
6844,Maria Garcia 6844,Ingenieria Mecanica,4,93.31,16311
6845,Luis Hernandez 6845,Ingenieria en Sistemas,5,93.48,16348
6846,Sofia Morales 6846,Ingenieria Industrial,6,93.65,16385
6847,Pedro Castillo 6847,Ingenieria Civil,7,93.82,16422
6848,Elena Pineda 6848,Ingenieria Administrativa,8,93.99,16459
6849,Jorge Contreras 6849,Ingenieria en Software,9,94.16,16496
6850,Valeria Barrios 6850,Ingenieria Mecanica,10,94.33,16533
6851,Karla Gomez 6851,Ingenieria en Sistemas,1,94.50,16570
6852,Diego Navarro 6852,Ingenieria Industrial,2,94.67,16607
6853,Rosa Fuentes 6853,Ingenieria Civil,3,94.84,16644
6854,Mario Lemus 6854,Ingenieria Administrativa,4,95.01,16681
6855,Paola Ortiz 6855,Ingenieria en Software,5,95.18,16718
6856,Sergio Aragon 6856,Ingenieria Mecanica,6,95.35,16755
6857,Dulce Arana 6857,Ingenieria en Sistemas,7,95.52,16792
6858,Nancy Chamalé 6858,Ingenieria Industrial,8,95.69,16829
6859,Byron Castellanos 6859,Ingenieria Civil,9,95.86,16866
6860,Helen Conoz 6860,Ingenieria Administrativa,10,96.03,16903
6861,Juan Perez 6861,Ingenieria en Software,1,96.20,16940
6862,Ana Lopez 6862,Ingenieria Mecanica,2,96.37,16977
6863,Carlos Ruiz 6863,Ingenieria en Sistemas,3,96.54,17014
6864,Maria Garcia 6864,Ingenieria Industrial,4,96.71,17051
6865,Luis Hernandez 6865,Ingenieria Civil,5,96.88,17088
6866,Sofia Morales 6866,Ingenieria Administrativa,6,97.05,17125
6867,Pedro Castillo 6867,Ingenieria en Software,7,97.22,17162
6868,Elena Pineda 6868,Ingenieria Mecanica,8,97.39,17199
6869,Jorge Contreras 6869,Ingenieria en Sistemas,9,97.56,17236
6870,Valeria Barrios 6870,Ingenieria Industrial,10,97.73,17273
6871,Karla Gomez 6871,Ingenieria Civil,1,97.90,17310
6872,Diego Navarro 6872,Ingenieria Administrativa,2,98.07,17347
6873,Rosa Fuentes 6873,Ingenieria en Software,3,98.24,17384
6874,Mario Lemus 6874,Ingenieria Mecanica,4,98.41,17421
6875,Paola Ortiz 6875,Ingenieria en Sistemas,5,98.58,17458
6876,Sergio Aragon 6876,Ingenieria Industrial,6,98.75,17495
6877,Dulce Arana 6877,Ingenieria Civil,7,98.92,17532
6878,Nancy Chamalé 6878,Ingenieria Administrativa,8,99.09,17569
6879,Byron Castellanos 6879,Ingenieria en Software,9,99.26,17606
6880,Helen Conoz 6880,Ingenieria Mecanica,10,99.43,17643
6881,Juan Perez 6881,Ingenieria en Sistemas,1,99.60,17680
6882,Ana Lopez 6882,Ingenieria Industrial,2,99.77,17717
6883,Carlos Ruiz 6883,Ingenieria Civil,3,99.94,17754
6884,Maria Garcia 6884,Ingenieria Administrativa,4,60.11,17791
6885,Luis Hernandez 6885,Ingenieria en Software,5,60.28,17828
6886,Sofia Morales 6886,Ingenieria Mecanica,6,60.45,17865
6887,Pedro Castillo 6887,Ingenieria en Sistemas,7,60.62,17902
6888,Elena Pineda 6888,Ingenieria Industrial,8,60.79,17939
6889,Jorge Contreras 6889,Ingenieria Civil,9,60.96,17976
6890,Valeria Barrios 6890,Ingenieria Administrativa,10,61.13,18013
6891,Karla Gomez 6891,Ingenieria en Software,1,61.30,18050
6892,Diego Navarro 6892,Ingenieria Mecanica,2,61.47,18087
6893,Rosa Fuentes 6893,Ingenieria en Sistemas,3,61.64,18124
6894,Mario Lemus 6894,Ingenieria Industrial,4,61.81,18161
6895,Paola Ortiz 6895,Ingenieria Civil,5,61.98,18198
6896,Sergio Aragon 6896,Ingenieria Administrativa,6,62.15,18235
6897,Dulce Arana 6897,Ingenieria en Software,7,62.32,18272
6898,Nancy Chamalé 6898,Ingenieria Mecanica,8,62.49,18309
6899,Byron Castellanos 6899,Ingenieria en Sistemas,9,62.66,18346
6900,Helen Conoz 6900,Ingenieria Industrial,10,62.83,18383
6901,Juan Perez 6901,Ingenieria Civil,1,63.00,18420
6902,Ana Lopez 6902,Ingenieria Administrativa,2,63.17,18457
6903,Carlos Ruiz 6903,Ingenieria en Software,3,63.34,18494
6904,Maria Garcia 6904,Ingenieria Mecanica,4,63.51,18531
6905,Luis Hernandez 6905,Ingenieria en Sistemas,5,63.68,18568
6906,Sofia Morales 6906,Ingenieria Industrial,6,63.85,18605
6907,Pedro Castillo 6907,Ingenieria Civil,7,64.02,18642
6908,Elena Pineda 6908,Ingenieria Administrativa,8,64.19,18679
6909,Jorge Contreras 6909,Ingenieria en Software,9,64.36,18716
6910,Valeria Barrios 6910,Ingenieria Mecanica,10,64.53,18753
6911,Karla Gomez 6911,Ingenieria en Sistemas,1,64.70,18790
6912,Diego Navarro 6912,Ingenieria Industrial,2,64.87,18827
6913,Rosa Fuentes 6913,Ingenieria Civil,3,65.04,18864
6914,Mario Lemus 6914,Ingenieria Administrativa,4,65.21,18901
6915,Paola Ortiz 6915,Ingenieria en Software,5,65.38,18938
6916,Sergio Aragon 6916,Ingenieria Mecanica,6,65.55,18975
6917,Dulce Arana 6917,Ingenieria en Sistemas,7,65.72,19012
6918,Nancy Chamalé 6918,Ingenieria Industrial,8,65.89,19049
6919,Byron Castellanos 6919,Ingenieria Civil,9,66.06,19086
6920,Helen Conoz 6920,Ingenieria Administrativa,10,66.23,19123
6921,Juan Perez 6921,Ingenieria en Software,1,66.40,19160
6922,Ana Lopez 6922,Ingenieria Mecanica,2,66.57,19197
6923,Carlos Ruiz 6923,Ingenieria en Sistemas,3,66.74,19234
6924,Maria Garcia 6924,Ingenieria Industrial,4,66.91,19271
6925,Luis Hernandez 6925,Ingenieria Civil,5,67.08,19308
6926,Sofia Morales 6926,Ingenieria Administrativa,6,67.25,19345
6927,Pedro Castillo 6927,Ingenieria en Software,7,67.42,19382
6928,Elena Pineda 6928,Ingenieria Mecanica,8,67.59,19419
6929,Jorge Contreras 6929,Ingenieria en Sistemas,9,67.76,19456
6930,Valeria Barrios 6930,Ingenieria Industrial,10,67.93,19493
6931,Karla Gomez 6931,Ingenieria Civil,1,68.10,19530
6932,Diego Navarro 6932,Ingenieria Administrativa,2,68.27,19567
6933,Rosa Fuentes 6933,Ingenieria en Software,3,68.44,19604
6934,Mario Lemus 6934,Ingenieria Mecanica,4,68.61,19641
6935,Paola Ortiz 6935,Ingenieria en Sistemas,5,68.78,19678
6936,Sergio Aragon 6936,Ingenieria Industrial,6,68.95,19715
6937,Dulce Arana 6937,Ingenieria Civil,7,69.12,19752
6938,Nancy Chamalé 6938,Ingenieria Administrativa,8,69.29,19789
6939,Byron Castellanos 6939,Ingenieria en Software,9,69.46,19826
6940,Helen Conoz 6940,Ingenieria Mecanica,10,69.63,19863
6941,Juan Perez 6941,Ingenieria en Sistemas,1,69.80,19900
6942,Ana Lopez 6942,Ingenieria Industrial,2,69.97,19937
6943,Carlos Ruiz 6943,Ingenieria Civil,3,70.14,19974
6944,Maria Garcia 6944,Ingenieria Administrativa,4,70.31,20011
6945,Luis Hernandez 6945,Ingenieria en Software,5,70.48,20048
6946,Sofia Morales 6946,Ingenieria Mecanica,6,70.65,20085
6947,Pedro Castillo 6947,Ingenieria en Sistemas,7,70.82,20122
6948,Elena Pineda 6948,Ingenieria Industrial,8,70.99,20159
6949,Jorge Contreras 6949,Ingenieria Civil,9,71.16,20196
6950,Valeria Barrios 6950,Ingenieria Administrativa,10,71.33,20233
6951,Karla Gomez 6951,Ingenieria en Software,1,71.50,20270
6952,Diego Navarro 6952,Ingenieria Mecanica,2,71.67,20307
6953,Rosa Fuentes 6953,Ingenieria en Sistemas,3,71.84,20344
6954,Mario Lemus 6954,Ingenieria Industrial,4,72.01,20381
6955,Paola Ortiz 6955,Ingenieria Civil,5,72.18,20418
6956,Sergio Aragon 6956,Ingenieria Administrativa,6,72.35,20455
6957,Dulce Arana 6957,Ingenieria en Software,7,72.52,20492
6958,Nancy Chamalé 6958,Ingenieria Mecanica,8,72.69,20529
6959,Byron Castellanos 6959,Ingenieria en Sistemas,9,72.86,20566
6960,Helen Conoz 6960,Ingenieria Industrial,10,73.03,20603
6961,Juan Perez 6961,Ingenieria Civil,1,73.20,20640
6962,Ana Lopez 6962,Ingenieria Administrativa,2,73.37,20677
6963,Carlos Ruiz 6963,Ingenieria en Software,3,73.54,20714
6964,Maria Garcia 6964,Ingenieria Mecanica,4,73.71,20751
6965,Luis Hernandez 6965,Ingenieria en Sistemas,5,73.88,20788
6966,Sofia Morales 6966,Ingenieria Industrial,6,74.05,20825
6967,Pedro Castillo 6967,Ingenieria Civil,7,74.22,20862
6968,Elena Pineda 6968,Ingenieria Administrativa,8,74.39,20899
6969,Jorge Contreras 6969,Ingenieria en Software,9,74.56,20936
6970,Valeria Barrios 6970,Ingenieria Mecanica,10,74.73,20973
6971,Karla Gomez 6971,Ingenieria en Sistemas,1,74.90,21010
6972,Diego Navarro 6972,Ingenieria Industrial,2,75.07,21047
6973,Rosa Fuentes 6973,Ingenieria Civil,3,75.24,21084
6974,Mario Lemus 6974,Ingenieria Administrativa,4,75.41,21121
6975,Paola Ortiz 6975,Ingenieria en Software,5,75.58,21158
6976,Sergio Aragon 6976,Ingenieria Mecanica,6,75.75,21195
6977,Dulce Arana 6977,Ingenieria en Sistemas,7,75.92,21232
6978,Nancy Chamalé 6978,Ingenieria Industrial,8,76.09,21269
6979,Byron Castellanos 6979,Ingenieria Civil,9,76.26,21306
6980,Helen Conoz 6980,Ingenieria Administrativa,10,76.43,21343
6981,Juan Perez 6981,Ingenieria en Software,1,76.60,21380
6982,Ana Lopez 6982,Ingenieria Mecanica,2,76.77,21417
6983,Carlos Ruiz 6983,Ingenieria en Sistemas,3,76.94,21454
6984,Maria Garcia 6984,Ingenieria Industrial,4,77.11,21491
6985,Luis Hernandez 6985,Ingenieria Civil,5,77.28,21528
6986,Sofia Morales 6986,Ingenieria Administrativa,6,77.45,21565
6987,Pedro Castillo 6987,Ingenieria en Software,7,77.62,21602
6988,Elena Pineda 6988,Ingenieria Mecanica,8,77.79,21639
6989,Jorge Contreras 6989,Ingenieria en Sistemas,9,77.96,21676
6990,Valeria Barrios 6990,Ingenieria Industrial,10,78.13,21713
6991,Karla Gomez 6991,Ingenieria Civil,1,78.30,21750
6992,Diego Navarro 6992,Ingenieria Administrativa,2,78.47,21787
6993,Rosa Fuentes 6993,Ingenieria en Software,3,78.64,21824
6994,Mario Lemus 6994,Ingenieria Mecanica,4,78.81,21861
6995,Paola Ortiz 6995,Ingenieria en Sistemas,5,78.98,21898
6996,Sergio Aragon 6996,Ingenieria Industrial,6,79.15,21935
6997,Dulce Arana 6997,Ingenieria Civil,7,79.32,21972
6998,Nancy Chamalé 6998,Ingenieria Administrativa,8,79.49,22009
6999,Byron Castellanos 6999,Ingenieria en Software,9,79.66,22046
7000,Helen Conoz 7000,Ingenieria Mecanica,10,79.83,22083
7001,Juan Perez 7001,Ingenieria en Sistemas,1,80.00,22120
7002,Ana Lopez 7002,Ingenieria Industrial,2,80.17,22157
7003,Carlos Ruiz 7003,Ingenieria Civil,3,80.34,22194
7004,Maria Garcia 7004,Ingenieria Administrativa,4,80.51,22231
7005,Luis Hernandez 7005,Ingenieria en Software,5,80.68,22268
7006,Sofia Morales 7006,Ingenieria Mecanica,6,80.85,22305
7007,Pedro Castillo 7007,Ingenieria en Sistemas,7,81.02,22342
7008,Elena Pineda 7008,Ingenieria Industrial,8,81.19,22379
7009,Jorge Contreras 7009,Ingenieria Civil,9,81.36,22416
7010,Valeria Barrios 7010,Ingenieria Administrativa,10,81.53,22453
7011,Karla Gomez 7011,Ingenieria en Software,1,81.70,22490
7012,Diego Navarro 7012,Ingenieria Mecanica,2,81.87,22527
7013,Rosa Fuentes 7013,Ingenieria en Sistemas,3,82.04,22564
7014,Mario Lemus 7014,Ingenieria Industrial,4,82.21,22601
7015,Paola Ortiz 7015,Ingenieria Civil,5,82.38,22638
7016,Sergio Aragon 7016,Ingenieria Administrativa,6,82.55,22675
7017,Dulce Arana 7017,Ingenieria en Software,7,82.72,22712
7018,Nancy Chamalé 7018,Ingenieria Mecanica,8,82.89,22749
7019,Byron Castellanos 7019,Ingenieria en Sistemas,9,83.06,22786
7020,Helen Conoz 7020,Ingenieria Industrial,10,83.23,22823
7021,Juan Perez 7021,Ingenieria Civil,1,83.40,22860
7022,Ana Lopez 7022,Ingenieria Administrativa,2,83.57,22897
7023,Carlos Ruiz 7023,Ingenieria en Software,3,83.74,22934
7024,Maria Garcia 7024,Ingenieria Mecanica,4,83.91,22971
7025,Luis Hernandez 7025,Ingenieria en Sistemas,5,84.08,23008
7026,Sofia Morales 7026,Ingenieria Industrial,6,84.25,23045
7027,Pedro Castillo 7027,Ingenieria Civil,7,84.42,23082
7028,Elena Pineda 7028,Ingenieria Administrativa,8,84.59,23119
7029,Jorge Contreras 7029,Ingenieria en Software,9,84.76,23156
7030,Valeria Barrios 7030,Ingenieria Mecanica,10,84.93,23193
7031,Karla Gomez 7031,Ingenieria en Sistemas,1,85.10,23230
7032,Diego Navarro 7032,Ingenieria Industrial,2,85.27,23267
7033,Rosa Fuentes 7033,Ingenieria Civil,3,85.44,23304
7034,Mario Lemus 7034,Ingenieria Administrativa,4,85.61,23341
7035,Paola Ortiz 7035,Ingenieria en Software,5,85.78,23378
7036,Sergio Aragon 7036,Ingenieria Mecanica,6,85.95,23415
7037,Dulce Arana 7037,Ingenieria en Sistemas,7,86.12,23452
7038,Nancy Chamalé 7038,Ingenieria Industrial,8,86.29,23489
7039,Byron Castellanos 7039,Ingenieria Civil,9,86.46,23526
7040,Helen Conoz 7040,Ingenieria Administrativa,10,86.63,23563
7041,Juan Perez 7041,Ingenieria en Software,1,86.80,23600
7042,Ana Lopez 7042,Ingenieria Mecanica,2,86.97,23637
7043,Carlos Ruiz 7043,Ingenieria en Sistemas,3,87.14,23674
7044,Maria Garcia 7044,Ingenieria Industrial,4,87.31,23711
7045,Luis Hernandez 7045,Ingenieria Civil,5,87.48,23748
7046,Sofia Morales 7046,Ingenieria Administrativa,6,87.65,23785
7047,Pedro Castillo 7047,Ingenieria en Software,7,87.82,23822
7048,Elena Pineda 7048,Ingenieria Mecanica,8,87.99,23859
7049,Jorge Contreras 7049,Ingenieria en Sistemas,9,88.16,23896
7050,Valeria Barrios 7050,Ingenieria Industrial,10,88.33,23933
7051,Karla Gomez 7051,Ingenieria Civil,1,88.50,23970
7052,Diego Navarro 7052,Ingenieria Administrativa,2,88.67,24007
7053,Rosa Fuentes 7053,Ingenieria en Software,3,88.84,24044
7054,Mario Lemus 7054,Ingenieria Mecanica,4,89.01,24081
7055,Paola Ortiz 7055,Ingenieria en Sistemas,5,89.18,24118
7056,Sergio Aragon 7056,Ingenieria Industrial,6,89.35,24155
7057,Dulce Arana 7057,Ingenieria Civil,7,89.52,24192
7058,Nancy Chamalé 7058,Ingenieria Administrativa,8,89.69,24229
7059,Byron Castellanos 7059,Ingenieria en Software,9,89.86,24266
7060,Helen Conoz 7060,Ingenieria Mecanica,10,90.03,24303
7061,Juan Perez 7061,Ingenieria en Sistemas,1,90.20,24340
7062,Ana Lopez 7062,Ingenieria Industrial,2,90.37,24377
7063,Carlos Ruiz 7063,Ingenieria Civil,3,90.54,24414
7064,Maria Garcia 7064,Ingenieria Administrativa,4,90.71,24451
7065,Luis Hernandez 7065,Ingenieria en Software,5,90.88,24488
7066,Sofia Morales 7066,Ingenieria Mecanica,6,91.05,24525
7067,Pedro Castillo 7067,Ingenieria en Sistemas,7,91.22,24562
7068,Elena Pineda 7068,Ingenieria Industrial,8,91.39,24599
7069,Jorge Contreras 7069,Ingenieria Civil,9,91.56,24636
7070,Valeria Barrios 7070,Ingenieria Administrativa,10,91.73,24673
7071,Karla Gomez 7071,Ingenieria en Software,1,91.90,24710
7072,Diego Navarro 7072,Ingenieria Mecanica,2,92.07,24747
7073,Rosa Fuentes 7073,Ingenieria en Sistemas,3,92.24,24784
7074,Mario Lemus 7074,Ingenieria Industrial,4,92.41,24821
7075,Paola Ortiz 7075,Ingenieria Civil,5,92.58,24858
7076,Sergio Aragon 7076,Ingenieria Administrativa,6,92.75,24895
7077,Dulce Arana 7077,Ingenieria en Software,7,92.92,24932
7078,Nancy Chamalé 7078,Ingenieria Mecanica,8,93.09,24969
7079,Byron Castellanos 7079,Ingenieria en Sistemas,9,93.26,25006
7080,Helen Conoz 7080,Ingenieria Industrial,10,93.43,25043
7081,Juan Perez 7081,Ingenieria Civil,1,93.60,25080
7082,Ana Lopez 7082,Ingenieria Administrativa,2,93.77,25117
7083,Carlos Ruiz 7083,Ingenieria en Software,3,93.94,25154
7084,Maria Garcia 7084,Ingenieria Mecanica,4,94.11,25191
7085,Luis Hernandez 7085,Ingenieria en Sistemas,5,94.28,25228
7086,Sofia Morales 7086,Ingenieria Industrial,6,94.45,25265
7087,Pedro Castillo 7087,Ingenieria Civil,7,94.62,25302
7088,Elena Pineda 7088,Ingenieria Administrativa,8,94.79,25339
7089,Jorge Contreras 7089,Ingenieria en Software,9,94.96,25376
7090,Valeria Barrios 7090,Ingenieria Mecanica,10,95.13,25413
7091,Karla Gomez 7091,Ingenieria en Sistemas,1,95.30,25450
7092,Diego Navarro 7092,Ingenieria Industrial,2,95.47,25487
7093,Rosa Fuentes 7093,Ingenieria Civil,3,95.64,25524
7094,Mario Lemus 7094,Ingenieria Administrativa,4,95.81,25561
7095,Paola Ortiz 7095,Ingenieria en Software,5,95.98,25598
7096,Sergio Aragon 7096,Ingenieria Mecanica,6,96.15,25635
7097,Dulce Arana 7097,Ingenieria en Sistemas,7,96.32,25672
7098,Nancy Chamalé 7098,Ingenieria Industrial,8,96.49,25709
7099,Byron Castellanos 7099,Ingenieria Civil,9,96.66,25746
7100,Helen Conoz 7100,Ingenieria Administrativa,10,96.83,25783
7101,Juan Perez 7101,Ingenieria en Software,1,97.00,25820
7102,Ana Lopez 7102,Ingenieria Mecanica,2,97.17,25857
7103,Carlos Ruiz 7103,Ingenieria en Sistemas,3,97.34,25894
7104,Maria Garcia 7104,Ingenieria Industrial,4,97.51,25931
7105,Luis Hernandez 7105,Ingenieria Civil,5,97.68,25968
7106,Sofia Morales 7106,Ingenieria Administrativa,6,97.85,26005
7107,Pedro Castillo 7107,Ingenieria en Software,7,98.02,26042
7108,Elena Pineda 7108,Ingenieria Mecanica,8,98.19,26079
7109,Jorge Contreras 7109,Ingenieria en Sistemas,9,98.36,26116
7110,Valeria Barrios 7110,Ingenieria Industrial,10,98.53,26153
7111,Karla Gomez 7111,Ingenieria Civil,1,98.70,26190
7112,Diego Navarro 7112,Ingenieria Administrativa,2,98.87,26227
7113,Rosa Fuentes 7113,Ingenieria en Software,3,99.04,26264
7114,Mario Lemus 7114,Ingenieria Mecanica,4,99.21,26301
7115,Paola Ortiz 7115,Ingenieria en Sistemas,5,99.38,26338
7116,Sergio Aragon 7116,Ingenieria Industrial,6,99.55,26375
7117,Dulce Arana 7117,Ingenieria Civil,7,99.72,26412
7118,Nancy Chamalé 7118,Ingenieria Administrativa,8,99.89,26449
7119,Byron Castellanos 7119,Ingenieria en Software,9,60.06,26486
7120,Helen Conoz 7120,Ingenieria Mecanica,10,60.23,26523
7121,Juan Perez 7121,Ingenieria en Sistemas,1,60.40,26560
7122,Ana Lopez 7122,Ingenieria Industrial,2,60.57,26597
7123,Carlos Ruiz 7123,Ingenieria Civil,3,60.74,26634
7124,Maria Garcia 7124,Ingenieria Administrativa,4,60.91,26671
7125,Luis Hernandez 7125,Ingenieria en Software,5,61.08,26708
7126,Sofia Morales 7126,Ingenieria Mecanica,6,61.25,26745
7127,Pedro Castillo 7127,Ingenieria en Sistemas,7,61.42,26782
7128,Elena Pineda 7128,Ingenieria Industrial,8,61.59,26819
7129,Jorge Contreras 7129,Ingenieria Civil,9,61.76,26856
7130,Valeria Barrios 7130,Ingenieria Administrativa,10,61.93,26893
7131,Karla Gomez 7131,Ingenieria en Software,1,62.10,26930
7132,Diego Navarro 7132,Ingenieria Mecanica,2,62.27,26967
7133,Rosa Fuentes 7133,Ingenieria en Sistemas,3,62.44,27004
7134,Mario Lemus 7134,Ingenieria Industrial,4,62.61,27041
7135,Paola Ortiz 7135,Ingenieria Civil,5,62.78,27078
7136,Sergio Aragon 7136,Ingenieria Administrativa,6,62.95,27115
7137,Dulce Arana 7137,Ingenieria en Software,7,63.12,27152
7138,Nancy Chamalé 7138,Ingenieria Mecanica,8,63.29,27189
7139,Byron Castellanos 7139,Ingenieria en Sistemas,9,63.46,27226
7140,Helen Conoz 7140,Ingenieria Industrial,10,63.63,27263
7141,Juan Perez 7141,Ingenieria Civil,1,63.80,27300
7142,Ana Lopez 7142,Ingenieria Administrativa,2,63.97,27337
7143,Carlos Ruiz 7143,Ingenieria en Software,3,64.14,27374
7144,Maria Garcia 7144,Ingenieria Mecanica,4,64.31,27411
7145,Luis Hernandez 7145,Ingenieria en Sistemas,5,64.48,27448
7146,Sofia Morales 7146,Ingenieria Industrial,6,64.65,27485
7147,Pedro Castillo 7147,Ingenieria Civil,7,64.82,27522
7148,Elena Pineda 7148,Ingenieria Administrativa,8,64.99,27559
7149,Jorge Contreras 7149,Ingenieria en Software,9,65.16,27596
7150,Valeria Barrios 7150,Ingenieria Mecanica,10,65.33,27633
7151,Karla Gomez 7151,Ingenieria en Sistemas,1,65.50,27670
7152,Diego Navarro 7152,Ingenieria Industrial,2,65.67,27707
7153,Rosa Fuentes 7153,Ingenieria Civil,3,65.84,27744
7154,Mario Lemus 7154,Ingenieria Administrativa,4,66.01,27781
7155,Paola Ortiz 7155,Ingenieria en Software,5,66.18,27818
7156,Sergio Aragon 7156,Ingenieria Mecanica,6,66.35,27855
7157,Dulce Arana 7157,Ingenieria en Sistemas,7,66.52,27892
7158,Nancy Chamalé 7158,Ingenieria Industrial,8,66.69,27929
7159,Byron Castellanos 7159,Ingenieria Civil,9,66.86,27966
7160,Helen Conoz 7160,Ingenieria Administrativa,10,67.03,28003
7161,Juan Perez 7161,Ingenieria en Software,1,67.20,28040
7162,Ana Lopez 7162,Ingenieria Mecanica,2,67.37,28077
7163,Carlos Ruiz 7163,Ingenieria en Sistemas,3,67.54,28114
7164,Maria Garcia 7164,Ingenieria Industrial,4,67.71,28151
7165,Luis Hernandez 7165,Ingenieria Civil,5,67.88,28188
7166,Sofia Morales 7166,Ingenieria Administrativa,6,68.05,28225
7167,Pedro Castillo 7167,Ingenieria en Software,7,68.22,28262
7168,Elena Pineda 7168,Ingenieria Mecanica,8,68.39,28299
7169,Jorge Contreras 7169,Ingenieria en Sistemas,9,68.56,28336
7170,Valeria Barrios 7170,Ingenieria Industrial,10,68.73,28373
7171,Karla Gomez 7171,Ingenieria Civil,1,68.90,28410
7172,Diego Navarro 7172,Ingenieria Administrativa,2,69.07,28447
7173,Rosa Fuentes 7173,Ingenieria en Software,3,69.24,28484
7174,Mario Lemus 7174,Ingenieria Mecanica,4,69.41,28521
7175,Paola Ortiz 7175,Ingenieria en Sistemas,5,69.58,28558
7176,Sergio Aragon 7176,Ingenieria Industrial,6,69.75,28595
7177,Dulce Arana 7177,Ingenieria Civil,7,69.92,28632
7178,Nancy Chamalé 7178,Ingenieria Administrativa,8,70.09,28669
7179,Byron Castellanos 7179,Ingenieria en Software,9,70.26,28706
7180,Helen Conoz 7180,Ingenieria Mecanica,10,70.43,28743
7181,Juan Perez 7181,Ingenieria en Sistemas,1,70.60,28780
7182,Ana Lopez 7182,Ingenieria Industrial,2,70.77,28817
7183,Carlos Ruiz 7183,Ingenieria Civil,3,70.94,28854
7184,Maria Garcia 7184,Ingenieria Administrativa,4,71.11,28891
7185,Luis Hernandez 7185,Ingenieria en Software,5,71.28,28928
7186,Sofia Morales 7186,Ingenieria Mecanica,6,71.45,28965
7187,Pedro Castillo 7187,Ingenieria en Sistemas,7,71.62,29002
7188,Elena Pineda 7188,Ingenieria Industrial,8,71.79,29039
7189,Jorge Contreras 7189,Ingenieria Civil,9,71.96,29076
7190,Valeria Barrios 7190,Ingenieria Administrativa,10,72.13,29113
7191,Karla Gomez 7191,Ingenieria en Software,1,72.30,29150
7192,Diego Navarro 7192,Ingenieria Mecanica,2,72.47,29187
7193,Rosa Fuentes 7193,Ingenieria en Sistemas,3,72.64,29224
7194,Mario Lemus 7194,Ingenieria Industrial,4,72.81,29261
7195,Paola Ortiz 7195,Ingenieria Civil,5,72.98,29298
7196,Sergio Aragon 7196,Ingenieria Administrativa,6,73.15,29335
7197,Dulce Arana 7197,Ingenieria en Software,7,73.32,29372
7198,Nancy Chamalé 7198,Ingenieria Mecanica,8,73.49,29409
7199,Byron Castellanos 7199,Ingenieria en Sistemas,9,73.66,29446
7200,Helen Conoz 7200,Ingenieria Industrial,10,73.83,29483
7201,Juan Perez 7201,Ingenieria Civil,1,74.00,29520
7202,Ana Lopez 7202,Ingenieria Administrativa,2,74.17,29557
7203,Carlos Ruiz 7203,Ingenieria en Software,3,74.34,29594
7204,Maria Garcia 7204,Ingenieria Mecanica,4,74.51,29631
7205,Luis Hernandez 7205,Ingenieria en Sistemas,5,74.68,29668
7206,Sofia Morales 7206,Ingenieria Industrial,6,74.85,29705
7207,Pedro Castillo 7207,Ingenieria Civil,7,75.02,29742
7208,Elena Pineda 7208,Ingenieria Administrativa,8,75.19,29779
7209,Jorge Contreras 7209,Ingenieria en Software,9,75.36,29816
7210,Valeria Barrios 7210,Ingenieria Mecanica,10,75.53,29853
7211,Karla Gomez 7211,Ingenieria en Sistemas,1,75.70,29890
7212,Diego Navarro 7212,Ingenieria Industrial,2,75.87,29927
7213,Rosa Fuentes 7213,Ingenieria Civil,3,76.04,29964
7214,Mario Lemus 7214,Ingenieria Administrativa,4,76.21,30001
7215,Paola Ortiz 7215,Ingenieria en Software,5,76.38,30038
7216,Sergio Aragon 7216,Ingenieria Mecanica,6,76.55,30075
7217,Dulce Arana 7217,Ingenieria en Sistemas,7,76.72,30112
7218,Nancy Chamalé 7218,Ingenieria Industrial,8,76.89,30149
7219,Byron Castellanos 7219,Ingenieria Civil,9,77.06,30186
7220,Helen Conoz 7220,Ingenieria Administrativa,10,77.23,30223
7221,Juan Perez 7221,Ingenieria en Software,1,77.40,30260
7222,Ana Lopez 7222,Ingenieria Mecanica,2,77.57,30297
7223,Carlos Ruiz 7223,Ingenieria en Sistemas,3,77.74,30334
7224,Maria Garcia 7224,Ingenieria Industrial,4,77.91,30371
7225,Luis Hernandez 7225,Ingenieria Civil,5,78.08,30408
7226,Sofia Morales 7226,Ingenieria Administrativa,6,78.25,30445
7227,Pedro Castillo 7227,Ingenieria en Software,7,78.42,30482
7228,Elena Pineda 7228,Ingenieria Mecanica,8,78.59,30519
7229,Jorge Contreras 7229,Ingenieria en Sistemas,9,78.76,30556
7230,Valeria Barrios 7230,Ingenieria Industrial,10,78.93,30593
7231,Karla Gomez 7231,Ingenieria Civil,1,79.10,30630
7232,Diego Navarro 7232,Ingenieria Administrativa,2,79.27,30667
7233,Rosa Fuentes 7233,Ingenieria en Software,3,79.44,30704
7234,Mario Lemus 7234,Ingenieria Mecanica,4,79.61,30741
7235,Paola Ortiz 7235,Ingenieria en Sistemas,5,79.78,30778
7236,Sergio Aragon 7236,Ingenieria Industrial,6,79.95,30815
7237,Dulce Arana 7237,Ingenieria Civil,7,80.12,30852
7238,Nancy Chamalé 7238,Ingenieria Administrativa,8,80.29,30889
7239,Byron Castellanos 7239,Ingenieria en Software,9,80.46,30926
7240,Helen Conoz 7240,Ingenieria Mecanica,10,80.63,30963
7241,Juan Perez 7241,Ingenieria en Sistemas,1,80.80,31000
7242,Ana Lopez 7242,Ingenieria Industrial,2,80.97,31037
7243,Carlos Ruiz 7243,Ingenieria Civil,3,81.14,31074
7244,Maria Garcia 7244,Ingenieria Administrativa,4,81.31,31111
7245,Luis Hernandez 7245,Ingenieria en Software,5,81.48,31148
7246,Sofia Morales 7246,Ingenieria Mecanica,6,81.65,31185
7247,Pedro Castillo 7247,Ingenieria en Sistemas,7,81.82,31222
7248,Elena Pineda 7248,Ingenieria Industrial,8,81.99,31259
7249,Jorge Contreras 7249,Ingenieria Civil,9,82.16,31296
7250,Valeria Barrios 7250,Ingenieria Administrativa,10,82.33,31333
7251,Karla Gomez 7251,Ingenieria en Software,1,82.50,31370
7252,Diego Navarro 7252,Ingenieria Mecanica,2,82.67,31407
7253,Rosa Fuentes 7253,Ingenieria en Sistemas,3,82.84,31444
7254,Mario Lemus 7254,Ingenieria Industrial,4,83.01,31481
7255,Paola Ortiz 7255,Ingenieria Civil,5,83.18,31518
7256,Sergio Aragon 7256,Ingenieria Administrativa,6,83.35,31555
7257,Dulce Arana 7257,Ingenieria en Software,7,83.52,31592
7258,Nancy Chamalé 7258,Ingenieria Mecanica,8,83.69,31629
7259,Byron Castellanos 7259,Ingenieria en Sistemas,9,83.86,31666
7260,Helen Conoz 7260,Ingenieria Industrial,10,84.03,31703
7261,Juan Perez 7261,Ingenieria Civil,1,84.20,31740
7262,Ana Lopez 7262,Ingenieria Administrativa,2,84.37,31777
7263,Carlos Ruiz 7263,Ingenieria en Software,3,84.54,31814
7264,Maria Garcia 7264,Ingenieria Mecanica,4,84.71,31851
7265,Luis Hernandez 7265,Ingenieria en Sistemas,5,84.88,31888
7266,Sofia Morales 7266,Ingenieria Industrial,6,85.05,31925
7267,Pedro Castillo 7267,Ingenieria Civil,7,85.22,31962
7268,Elena Pineda 7268,Ingenieria Administrativa,8,85.39,31999
7269,Jorge Contreras 7269,Ingenieria en Software,9,85.56,32036
7270,Valeria Barrios 7270,Ingenieria Mecanica,10,85.73,32073
7271,Karla Gomez 7271,Ingenieria en Sistemas,1,85.90,32110
7272,Diego Navarro 7272,Ingenieria Industrial,2,86.07,32147
7273,Rosa Fuentes 7273,Ingenieria Civil,3,86.24,32184
7274,Mario Lemus 7274,Ingenieria Administrativa,4,86.41,32221
7275,Paola Ortiz 7275,Ingenieria en Software,5,86.58,32258
7276,Sergio Aragon 7276,Ingenieria Mecanica,6,86.75,32295
7277,Dulce Arana 7277,Ingenieria en Sistemas,7,86.92,32332
7278,Nancy Chamalé 7278,Ingenieria Industrial,8,87.09,32369
7279,Byron Castellanos 7279,Ingenieria Civil,9,87.26,32406
7280,Helen Conoz 7280,Ingenieria Administrativa,10,87.43,32443
7281,Juan Perez 7281,Ingenieria en Software,1,87.60,32480
7282,Ana Lopez 7282,Ingenieria Mecanica,2,87.77,32517
7283,Carlos Ruiz 7283,Ingenieria en Sistemas,3,87.94,32554
7284,Maria Garcia 7284,Ingenieria Industrial,4,88.11,32591
7285,Luis Hernandez 7285,Ingenieria Civil,5,88.28,32628
7286,Sofia Morales 7286,Ingenieria Administrativa,6,88.45,32665
7287,Pedro Castillo 7287,Ingenieria en Software,7,88.62,32702
7288,Elena Pineda 7288,Ingenieria Mecanica,8,88.79,32739
7289,Jorge Contreras 7289,Ingenieria en Sistemas,9,88.96,32776
7290,Valeria Barrios 7290,Ingenieria Industrial,10,89.13,32813
7291,Karla Gomez 7291,Ingenieria Civil,1,89.30,32850
7292,Diego Navarro 7292,Ingenieria Administrativa,2,89.47,32887
7293,Rosa Fuentes 7293,Ingenieria en Software,3,89.64,32924
7294,Mario Lemus 7294,Ingenieria Mecanica,4,89.81,32961
7295,Paola Ortiz 7295,Ingenieria en Sistemas,5,89.98,32998
7296,Sergio Aragon 7296,Ingenieria Industrial,6,90.15,33035
7297,Dulce Arana 7297,Ingenieria Civil,7,90.32,33072
7298,Nancy Chamalé 7298,Ingenieria Administrativa,8,90.49,33109
7299,Byron Castellanos 7299,Ingenieria en Software,9,90.66,33146
7300,Helen Conoz 7300,Ingenieria Mecanica,10,90.83,33183
7301,Juan Perez 7301,Ingenieria en Sistemas,1,91.00,33220
7302,Ana Lopez 7302,Ingenieria Industrial,2,91.17,33257
7303,Carlos Ruiz 7303,Ingenieria Civil,3,91.34,33294
7304,Maria Garcia 7304,Ingenieria Administrativa,4,91.51,33331
7305,Luis Hernandez 7305,Ingenieria en Software,5,91.68,33368
7306,Sofia Morales 7306,Ingenieria Mecanica,6,91.85,33405
7307,Pedro Castillo 7307,Ingenieria en Sistemas,7,92.02,33442
7308,Elena Pineda 7308,Ingenieria Industrial,8,92.19,33479
7309,Jorge Contreras 7309,Ingenieria Civil,9,92.36,33516
7310,Valeria Barrios 7310,Ingenieria Administrativa,10,92.53,33553
7311,Karla Gomez 7311,Ingenieria en Software,1,92.70,33590
7312,Diego Navarro 7312,Ingenieria Mecanica,2,92.87,33627
7313,Rosa Fuentes 7313,Ingenieria en Sistemas,3,93.04,33664
7314,Mario Lemus 7314,Ingenieria Industrial,4,93.21,33701
7315,Paola Ortiz 7315,Ingenieria Civil,5,93.38,33738
7316,Sergio Aragon 7316,Ingenieria Administrativa,6,93.55,33775
7317,Dulce Arana 7317,Ingenieria en Software,7,93.72,33812
7318,Nancy Chamalé 7318,Ingenieria Mecanica,8,93.89,33849
7319,Byron Castellanos 7319,Ingenieria en Sistemas,9,94.06,33886
7320,Helen Conoz 7320,Ingenieria Industrial,10,94.23,33923
7321,Juan Perez 7321,Ingenieria Civil,1,94.40,33960
7322,Ana Lopez 7322,Ingenieria Administrativa,2,94.57,33997
7323,Carlos Ruiz 7323,Ingenieria en Software,3,94.74,34034
7324,Maria Garcia 7324,Ingenieria Mecanica,4,94.91,34071
7325,Luis Hernandez 7325,Ingenieria en Sistemas,5,95.08,34108
7326,Sofia Morales 7326,Ingenieria Industrial,6,95.25,34145
7327,Pedro Castillo 7327,Ingenieria Civil,7,95.42,34182
7328,Elena Pineda 7328,Ingenieria Administrativa,8,95.59,34219
7329,Jorge Contreras 7329,Ingenieria en Software,9,95.76,34256
7330,Valeria Barrios 7330,Ingenieria Mecanica,10,95.93,34293
7331,Karla Gomez 7331,Ingenieria en Sistemas,1,96.10,34330
7332,Diego Navarro 7332,Ingenieria Industrial,2,96.27,34367
7333,Rosa Fuentes 7333,Ingenieria Civil,3,96.44,34404
7334,Mario Lemus 7334,Ingenieria Administrativa,4,96.61,34441
7335,Paola Ortiz 7335,Ingenieria en Software,5,96.78,34478
7336,Sergio Aragon 7336,Ingenieria Mecanica,6,96.95,34515
7337,Dulce Arana 7337,Ingenieria en Sistemas,7,97.12,34552
7338,Nancy Chamalé 7338,Ingenieria Industrial,8,97.29,34589
7339,Byron Castellanos 7339,Ingenieria Civil,9,97.46,34626
7340,Helen Conoz 7340,Ingenieria Administrativa,10,97.63,34663
7341,Juan Perez 7341,Ingenieria en Software,1,97.80,34700
7342,Ana Lopez 7342,Ingenieria Mecanica,2,97.97,34737
7343,Carlos Ruiz 7343,Ingenieria en Sistemas,3,98.14,34774
7344,Maria Garcia 7344,Ingenieria Industrial,4,98.31,34811
7345,Luis Hernandez 7345,Ingenieria Civil,5,98.48,34848
7346,Sofia Morales 7346,Ingenieria Administrativa,6,98.65,34885
7347,Pedro Castillo 7347,Ingenieria en Software,7,98.82,34922
7348,Elena Pineda 7348,Ingenieria Mecanica,8,98.99,34959
7349,Jorge Contreras 7349,Ingenieria en Sistemas,9,99.16,34996
7350,Valeria Barrios 7350,Ingenieria Industrial,10,99.33,35033
7351,Karla Gomez 7351,Ingenieria Civil,1,99.50,35070
7352,Diego Navarro 7352,Ingenieria Administrativa,2,99.67,35107
7353,Rosa Fuentes 7353,Ingenieria en Software,3,99.84,35144
7354,Mario Lemus 7354,Ingenieria Mecanica,4,60.01,35181
7355,Paola Ortiz 7355,Ingenieria en Sistemas,5,60.18,35218
7356,Sergio Aragon 7356,Ingenieria Industrial,6,60.35,35255
7357,Dulce Arana 7357,Ingenieria Civil,7,60.52,35292
7358,Nancy Chamalé 7358,Ingenieria Administrativa,8,60.69,35329
7359,Byron Castellanos 7359,Ingenieria en Software,9,60.86,35366
7360,Helen Conoz 7360,Ingenieria Mecanica,10,61.03,35403
7361,Juan Perez 7361,Ingenieria en Sistemas,1,61.20,35440
7362,Ana Lopez 7362,Ingenieria Industrial,2,61.37,35477
7363,Carlos Ruiz 7363,Ingenieria Civil,3,61.54,35514
7364,Maria Garcia 7364,Ingenieria Administrativa,4,61.71,35551
7365,Luis Hernandez 7365,Ingenieria en Software,5,61.88,35588
7366,Sofia Morales 7366,Ingenieria Mecanica,6,62.05,35625
7367,Pedro Castillo 7367,Ingenieria en Sistemas,7,62.22,35662
7368,Elena Pineda 7368,Ingenieria Industrial,8,62.39,35699
7369,Jorge Contreras 7369,Ingenieria Civil,9,62.56,35736
7370,Valeria Barrios 7370,Ingenieria Administrativa,10,62.73,35773
7371,Karla Gomez 7371,Ingenieria en Software,1,62.90,35810
7372,Diego Navarro 7372,Ingenieria Mecanica,2,63.07,35847
7373,Rosa Fuentes 7373,Ingenieria en Sistemas,3,63.24,35884
7374,Mario Lemus 7374,Ingenieria Industrial,4,63.41,35921
7375,Paola Ortiz 7375,Ingenieria Civil,5,63.58,35958
7376,Sergio Aragon 7376,Ingenieria Administrativa,6,63.75,35995
7377,Dulce Arana 7377,Ingenieria en Software,7,63.92,36032
7378,Nancy Chamalé 7378,Ingenieria Mecanica,8,64.09,36069
7379,Byron Castellanos 7379,Ingenieria en Sistemas,9,64.26,36106
7380,Helen Conoz 7380,Ingenieria Industrial,10,64.43,36143
7381,Juan Perez 7381,Ingenieria Civil,1,64.60,36180
7382,Ana Lopez 7382,Ingenieria Administrativa,2,64.77,36217
7383,Carlos Ruiz 7383,Ingenieria en Software,3,64.94,36254
7384,Maria Garcia 7384,Ingenieria Mecanica,4,65.11,36291
7385,Luis Hernandez 7385,Ingenieria en Sistemas,5,65.28,36328
7386,Sofia Morales 7386,Ingenieria Industrial,6,65.45,36365
7387,Pedro Castillo 7387,Ingenieria Civil,7,65.62,36402
7388,Elena Pineda 7388,Ingenieria Administrativa,8,65.79,36439
7389,Jorge Contreras 7389,Ingenieria en Software,9,65.96,36476
7390,Valeria Barrios 7390,Ingenieria Mecanica,10,66.13,36513
7391,Karla Gomez 7391,Ingenieria en Sistemas,1,66.30,36550
7392,Diego Navarro 7392,Ingenieria Industrial,2,66.47,36587
7393,Rosa Fuentes 7393,Ingenieria Civil,3,66.64,36624
7394,Mario Lemus 7394,Ingenieria Administrativa,4,66.81,36661
7395,Paola Ortiz 7395,Ingenieria en Software,5,66.98,36698
7396,Sergio Aragon 7396,Ingenieria Mecanica,6,67.15,36735
7397,Dulce Arana 7397,Ingenieria en Sistemas,7,67.32,36772
7398,Nancy Chamalé 7398,Ingenieria Industrial,8,67.49,36809
7399,Byron Castellanos 7399,Ingenieria Civil,9,67.66,36846
7400,Helen Conoz 7400,Ingenieria Administrativa,10,67.83,36883
7401,Juan Perez 7401,Ingenieria en Software,1,68.00,36920
7402,Ana Lopez 7402,Ingenieria Mecanica,2,68.17,36957
7403,Carlos Ruiz 7403,Ingenieria en Sistemas,3,68.34,36994
7404,Maria Garcia 7404,Ingenieria Industrial,4,68.51,37031
7405,Luis Hernandez 7405,Ingenieria Civil,5,68.68,37068
7406,Sofia Morales 7406,Ingenieria Administrativa,6,68.85,37105
7407,Pedro Castillo 7407,Ingenieria en Software,7,69.02,37142
7408,Elena Pineda 7408,Ingenieria Mecanica,8,69.19,37179
7409,Jorge Contreras 7409,Ingenieria en Sistemas,9,69.36,37216
7410,Valeria Barrios 7410,Ingenieria Industrial,10,69.53,37253
7411,Karla Gomez 7411,Ingenieria Civil,1,69.70,37290
7412,Diego Navarro 7412,Ingenieria Administrativa,2,69.87,37327
7413,Rosa Fuentes 7413,Ingenieria en Software,3,70.04,37364
7414,Mario Lemus 7414,Ingenieria Mecanica,4,70.21,37401
7415,Paola Ortiz 7415,Ingenieria en Sistemas,5,70.38,37438
7416,Sergio Aragon 7416,Ingenieria Industrial,6,70.55,37475
7417,Dulce Arana 7417,Ingenieria Civil,7,70.72,37512
7418,Nancy Chamalé 7418,Ingenieria Administrativa,8,70.89,37549
7419,Byron Castellanos 7419,Ingenieria en Software,9,71.06,37586
7420,Helen Conoz 7420,Ingenieria Mecanica,10,71.23,37623
7421,Juan Perez 7421,Ingenieria en Sistemas,1,71.40,37660
7422,Ana Lopez 7422,Ingenieria Industrial,2,71.57,37697
7423,Carlos Ruiz 7423,Ingenieria Civil,3,71.74,37734
7424,Maria Garcia 7424,Ingenieria Administrativa,4,71.91,37771
7425,Luis Hernandez 7425,Ingenieria en Software,5,72.08,37808
7426,Sofia Morales 7426,Ingenieria Mecanica,6,72.25,37845
7427,Pedro Castillo 7427,Ingenieria en Sistemas,7,72.42,37882
7428,Elena Pineda 7428,Ingenieria Industrial,8,72.59,37919
7429,Jorge Contreras 7429,Ingenieria Civil,9,72.76,37956
7430,Valeria Barrios 7430,Ingenieria Administrativa,10,72.93,37993
7431,Karla Gomez 7431,Ingenieria en Software,1,73.10,38030
7432,Diego Navarro 7432,Ingenieria Mecanica,2,73.27,38067
7433,Rosa Fuentes 7433,Ingenieria en Sistemas,3,73.44,38104
7434,Mario Lemus 7434,Ingenieria Industrial,4,73.61,38141
7435,Paola Ortiz 7435,Ingenieria Civil,5,73.78,38178
7436,Sergio Aragon 7436,Ingenieria Administrativa,6,73.95,38215
7437,Dulce Arana 7437,Ingenieria en Software,7,74.12,38252
7438,Nancy Chamalé 7438,Ingenieria Mecanica,8,74.29,38289
7439,Byron Castellanos 7439,Ingenieria en Sistemas,9,74.46,38326
7440,Helen Conoz 7440,Ingenieria Industrial,10,74.63,38363
7441,Juan Perez 7441,Ingenieria Civil,1,74.80,38400
7442,Ana Lopez 7442,Ingenieria Administrativa,2,74.97,38437
7443,Carlos Ruiz 7443,Ingenieria en Software,3,75.14,38474
7444,Maria Garcia 7444,Ingenieria Mecanica,4,75.31,38511
7445,Luis Hernandez 7445,Ingenieria en Sistemas,5,75.48,38548
7446,Sofia Morales 7446,Ingenieria Industrial,6,75.65,38585
7447,Pedro Castillo 7447,Ingenieria Civil,7,75.82,38622
7448,Elena Pineda 7448,Ingenieria Administrativa,8,75.99,38659
7449,Jorge Contreras 7449,Ingenieria en Software,9,76.16,38696
7450,Valeria Barrios 7450,Ingenieria Mecanica,10,76.33,38733
7451,Karla Gomez 7451,Ingenieria en Sistemas,1,76.50,38770
7452,Diego Navarro 7452,Ingenieria Industrial,2,76.67,38807
7453,Rosa Fuentes 7453,Ingenieria Civil,3,76.84,38844
7454,Mario Lemus 7454,Ingenieria Administrativa,4,77.01,38881
7455,Paola Ortiz 7455,Ingenieria en Software,5,77.18,38918
7456,Sergio Aragon 7456,Ingenieria Mecanica,6,77.35,38955
7457,Dulce Arana 7457,Ingenieria en Sistemas,7,77.52,38992
7458,Nancy Chamalé 7458,Ingenieria Industrial,8,77.69,39029
7459,Byron Castellanos 7459,Ingenieria Civil,9,77.86,39066
7460,Helen Conoz 7460,Ingenieria Administrativa,10,78.03,39103
7461,Juan Perez 7461,Ingenieria en Software,1,78.20,39140
7462,Ana Lopez 7462,Ingenieria Mecanica,2,78.37,39177
7463,Carlos Ruiz 7463,Ingenieria en Sistemas,3,78.54,39214
7464,Maria Garcia 7464,Ingenieria Industrial,4,78.71,39251
7465,Luis Hernandez 7465,Ingenieria Civil,5,78.88,39288
7466,Sofia Morales 7466,Ingenieria Administrativa,6,79.05,39325
7467,Pedro Castillo 7467,Ingenieria en Software,7,79.22,39362
7468,Elena Pineda 7468,Ingenieria Mecanica,8,79.39,39399
7469,Jorge Contreras 7469,Ingenieria en Sistemas,9,79.56,39436
7470,Valeria Barrios 7470,Ingenieria Industrial,10,79.73,39473
7471,Karla Gomez 7471,Ingenieria Civil,1,79.90,39510
7472,Diego Navarro 7472,Ingenieria Administrativa,2,80.07,39547
7473,Rosa Fuentes 7473,Ingenieria en Software,3,80.24,39584
7474,Mario Lemus 7474,Ingenieria Mecanica,4,80.41,39621
7475,Paola Ortiz 7475,Ingenieria en Sistemas,5,80.58,39658
7476,Sergio Aragon 7476,Ingenieria Industrial,6,80.75,39695
7477,Dulce Arana 7477,Ingenieria Civil,7,80.92,39732
7478,Nancy Chamalé 7478,Ingenieria Administrativa,8,81.09,39769
7479,Byron Castellanos 7479,Ingenieria en Software,9,81.26,39806
7480,Helen Conoz 7480,Ingenieria Mecanica,10,81.43,39843
7481,Juan Perez 7481,Ingenieria en Sistemas,1,81.60,39880
7482,Ana Lopez 7482,Ingenieria Industrial,2,81.77,39917
7483,Carlos Ruiz 7483,Ingenieria Civil,3,81.94,39954
7484,Maria Garcia 7484,Ingenieria Administrativa,4,82.11,39991
7485,Luis Hernandez 7485,Ingenieria en Software,5,82.28,40028
7486,Sofia Morales 7486,Ingenieria Mecanica,6,82.45,40065
7487,Pedro Castillo 7487,Ingenieria en Sistemas,7,82.62,40102
7488,Elena Pineda 7488,Ingenieria Industrial,8,82.79,40139
7489,Jorge Contreras 7489,Ingenieria Civil,9,82.96,40176
7490,Valeria Barrios 7490,Ingenieria Administrativa,10,83.13,40213
7491,Karla Gomez 7491,Ingenieria en Software,1,83.30,40250
7492,Diego Navarro 7492,Ingenieria Mecanica,2,83.47,40287
7493,Rosa Fuentes 7493,Ingenieria en Sistemas,3,83.64,40324
7494,Mario Lemus 7494,Ingenieria Industrial,4,83.81,40361
7495,Paola Ortiz 7495,Ingenieria Civil,5,83.98,40398
7496,Sergio Aragon 7496,Ingenieria Administrativa,6,84.15,40435
7497,Dulce Arana 7497,Ingenieria en Software,7,84.32,40472
7498,Nancy Chamalé 7498,Ingenieria Mecanica,8,84.49,40509
7499,Byron Castellanos 7499,Ingenieria en Sistemas,9,84.66,40546
7500,Helen Conoz 7500,Ingenieria Industrial,10,84.83,40583
7501,Juan Perez 7501,Ingenieria Civil,1,85.00,40620
7502,Ana Lopez 7502,Ingenieria Administrativa,2,85.17,40657
7503,Carlos Ruiz 7503,Ingenieria en Software,3,85.34,40694
7504,Maria Garcia 7504,Ingenieria Mecanica,4,85.51,40731
7505,Luis Hernandez 7505,Ingenieria en Sistemas,5,85.68,40768
7506,Sofia Morales 7506,Ingenieria Industrial,6,85.85,40805
7507,Pedro Castillo 7507,Ingenieria Civil,7,86.02,40842
7508,Elena Pineda 7508,Ingenieria Administrativa,8,86.19,40879
7509,Jorge Contreras 7509,Ingenieria en Software,9,86.36,40916
7510,Valeria Barrios 7510,Ingenieria Mecanica,10,86.53,40953
7511,Karla Gomez 7511,Ingenieria en Sistemas,1,86.70,40990
7512,Diego Navarro 7512,Ingenieria Industrial,2,86.87,41027
7513,Rosa Fuentes 7513,Ingenieria Civil,3,87.04,41064
7514,Mario Lemus 7514,Ingenieria Administrativa,4,87.21,41101
7515,Paola Ortiz 7515,Ingenieria en Software,5,87.38,41138
7516,Sergio Aragon 7516,Ingenieria Mecanica,6,87.55,41175
7517,Dulce Arana 7517,Ingenieria en Sistemas,7,87.72,41212
7518,Nancy Chamalé 7518,Ingenieria Industrial,8,87.89,41249
7519,Byron Castellanos 7519,Ingenieria Civil,9,88.06,41286
7520,Helen Conoz 7520,Ingenieria Administrativa,10,88.23,41323
7521,Juan Perez 7521,Ingenieria en Software,1,88.40,41360
7522,Ana Lopez 7522,Ingenieria Mecanica,2,88.57,41397
7523,Carlos Ruiz 7523,Ingenieria en Sistemas,3,88.74,41434
7524,Maria Garcia 7524,Ingenieria Industrial,4,88.91,41471
7525,Luis Hernandez 7525,Ingenieria Civil,5,89.08,41508
7526,Sofia Morales 7526,Ingenieria Administrativa,6,89.25,41545
7527,Pedro Castillo 7527,Ingenieria en Software,7,89.42,41582
7528,Elena Pineda 7528,Ingenieria Mecanica,8,89.59,41619
7529,Jorge Contreras 7529,Ingenieria en Sistemas,9,89.76,41656
7530,Valeria Barrios 7530,Ingenieria Industrial,10,89.93,41693
7531,Karla Gomez 7531,Ingenieria Civil,1,90.10,41730
7532,Diego Navarro 7532,Ingenieria Administrativa,2,90.27,41767
7533,Rosa Fuentes 7533,Ingenieria en Software,3,90.44,41804
7534,Mario Lemus 7534,Ingenieria Mecanica,4,90.61,41841
7535,Paola Ortiz 7535,Ingenieria en Sistemas,5,90.78,41878
7536,Sergio Aragon 7536,Ingenieria Industrial,6,90.95,41915
7537,Dulce Arana 7537,Ingenieria Civil,7,91.12,41952
7538,Nancy Chamalé 7538,Ingenieria Administrativa,8,91.29,41989
7539,Byron Castellanos 7539,Ingenieria en Software,9,91.46,42026
7540,Helen Conoz 7540,Ingenieria Mecanica,10,91.63,42063
7541,Juan Perez 7541,Ingenieria en Sistemas,1,91.80,42100
7542,Ana Lopez 7542,Ingenieria Industrial,2,91.97,42137
7543,Carlos Ruiz 7543,Ingenieria Civil,3,92.14,42174
7544,Maria Garcia 7544,Ingenieria Administrativa,4,92.31,42211
7545,Luis Hernandez 7545,Ingenieria en Software,5,92.48,42248
7546,Sofia Morales 7546,Ingenieria Mecanica,6,92.65,42285
7547,Pedro Castillo 7547,Ingenieria en Sistemas,7,92.82,42322
7548,Elena Pineda 7548,Ingenieria Industrial,8,92.99,42359
7549,Jorge Contreras 7549,Ingenieria Civil,9,93.16,42396
7550,Valeria Barrios 7550,Ingenieria Administrativa,10,93.33,42433
7551,Karla Gomez 7551,Ingenieria en Software,1,93.50,42470
7552,Diego Navarro 7552,Ingenieria Mecanica,2,93.67,42507
7553,Rosa Fuentes 7553,Ingenieria en Sistemas,3,93.84,42544
7554,Mario Lemus 7554,Ingenieria Industrial,4,94.01,42581
7555,Paola Ortiz 7555,Ingenieria Civil,5,94.18,42618
7556,Sergio Aragon 7556,Ingenieria Administrativa,6,94.35,42655
7557,Dulce Arana 7557,Ingenieria en Software,7,94.52,42692
7558,Nancy Chamalé 7558,Ingenieria Mecanica,8,94.69,42729
7559,Byron Castellanos 7559,Ingenieria en Sistemas,9,94.86,42766
7560,Helen Conoz 7560,Ingenieria Industrial,10,95.03,42803
7561,Juan Perez 7561,Ingenieria Civil,1,95.20,42840
7562,Ana Lopez 7562,Ingenieria Administrativa,2,95.37,42877
7563,Carlos Ruiz 7563,Ingenieria en Software,3,95.54,42914
7564,Maria Garcia 7564,Ingenieria Mecanica,4,95.71,42951
7565,Luis Hernandez 7565,Ingenieria en Sistemas,5,95.88,42988
7566,Sofia Morales 7566,Ingenieria Industrial,6,96.05,43025
7567,Pedro Castillo 7567,Ingenieria Civil,7,96.22,43062
7568,Elena Pineda 7568,Ingenieria Administrativa,8,96.39,43099
7569,Jorge Contreras 7569,Ingenieria en Software,9,96.56,43136
7570,Valeria Barrios 7570,Ingenieria Mecanica,10,96.73,43173
7571,Karla Gomez 7571,Ingenieria en Sistemas,1,96.90,43210
7572,Diego Navarro 7572,Ingenieria Industrial,2,97.07,43247
7573,Rosa Fuentes 7573,Ingenieria Civil,3,97.24,43284
7574,Mario Lemus 7574,Ingenieria Administrativa,4,97.41,43321
7575,Paola Ortiz 7575,Ingenieria en Software,5,97.58,43358
7576,Sergio Aragon 7576,Ingenieria Mecanica,6,97.75,43395
7577,Dulce Arana 7577,Ingenieria en Sistemas,7,97.92,43432
7578,Nancy Chamalé 7578,Ingenieria Industrial,8,98.09,43469
7579,Byron Castellanos 7579,Ingenieria Civil,9,98.26,43506
7580,Helen Conoz 7580,Ingenieria Administrativa,10,98.43,43543
7581,Juan Perez 7581,Ingenieria en Software,1,98.60,43580
7582,Ana Lopez 7582,Ingenieria Mecanica,2,98.77,43617
7583,Carlos Ruiz 7583,Ingenieria en Sistemas,3,98.94,43654
7584,Maria Garcia 7584,Ingenieria Industrial,4,99.11,43691
7585,Luis Hernandez 7585,Ingenieria Civil,5,99.28,43728
7586,Sofia Morales 7586,Ingenieria Administrativa,6,99.45,43765
7587,Pedro Castillo 7587,Ingenieria en Software,7,99.62,43802
7588,Elena Pineda 7588,Ingenieria Mecanica,8,99.79,43839
7589,Jorge Contreras 7589,Ingenieria en Sistemas,9,99.96,43876
7590,Valeria Barrios 7590,Ingenieria Industrial,10,60.13,43913
7591,Karla Gomez 7591,Ingenieria Civil,1,60.30,43950
7592,Diego Navarro 7592,Ingenieria Administrativa,2,60.47,43987
7593,Rosa Fuentes 7593,Ingenieria en Software,3,60.64,44024
7594,Mario Lemus 7594,Ingenieria Mecanica,4,60.81,44061
7595,Paola Ortiz 7595,Ingenieria en Sistemas,5,60.98,44098
7596,Sergio Aragon 7596,Ingenieria Industrial,6,61.15,44135
7597,Dulce Arana 7597,Ingenieria Civil,7,61.32,44172
7598,Nancy Chamalé 7598,Ingenieria Administrativa,8,61.49,44209
7599,Byron Castellanos 7599,Ingenieria en Software,9,61.66,44246
7600,Helen Conoz 7600,Ingenieria Mecanica,10,61.83,44283
7601,Juan Perez 7601,Ingenieria en Sistemas,1,62.00,44320
7602,Ana Lopez 7602,Ingenieria Industrial,2,62.17,44357
7603,Carlos Ruiz 7603,Ingenieria Civil,3,62.34,44394
7604,Maria Garcia 7604,Ingenieria Administrativa,4,62.51,44431
7605,Luis Hernandez 7605,Ingenieria en Software,5,62.68,44468
7606,Sofia Morales 7606,Ingenieria Mecanica,6,62.85,44505
7607,Pedro Castillo 7607,Ingenieria en Sistemas,7,63.02,44542
7608,Elena Pineda 7608,Ingenieria Industrial,8,63.19,44579
7609,Jorge Contreras 7609,Ingenieria Civil,9,63.36,44616
7610,Valeria Barrios 7610,Ingenieria Administrativa,10,63.53,44653
7611,Karla Gomez 7611,Ingenieria en Software,1,63.70,44690
7612,Diego Navarro 7612,Ingenieria Mecanica,2,63.87,44727
7613,Rosa Fuentes 7613,Ingenieria en Sistemas,3,64.04,44764
7614,Mario Lemus 7614,Ingenieria Industrial,4,64.21,44801
7615,Paola Ortiz 7615,Ingenieria Civil,5,64.38,44838
7616,Sergio Aragon 7616,Ingenieria Administrativa,6,64.55,44875
7617,Dulce Arana 7617,Ingenieria en Software,7,64.72,44912
7618,Nancy Chamalé 7618,Ingenieria Mecanica,8,64.89,44949
7619,Byron Castellanos 7619,Ingenieria en Sistemas,9,65.06,44986
7620,Helen Conoz 7620,Ingenieria Industrial,10,65.23,45023
7621,Juan Perez 7621,Ingenieria Civil,1,65.40,45060
7622,Ana Lopez 7622,Ingenieria Administrativa,2,65.57,45097
7623,Carlos Ruiz 7623,Ingenieria en Software,3,65.74,45134
7624,Maria Garcia 7624,Ingenieria Mecanica,4,65.91,45171
7625,Luis Hernandez 7625,Ingenieria en Sistemas,5,66.08,45208
7626,Sofia Morales 7626,Ingenieria Industrial,6,66.25,45245
7627,Pedro Castillo 7627,Ingenieria Civil,7,66.42,45282
7628,Elena Pineda 7628,Ingenieria Administrativa,8,66.59,45319
7629,Jorge Contreras 7629,Ingenieria en Software,9,66.76,45356
7630,Valeria Barrios 7630,Ingenieria Mecanica,10,66.93,45393
7631,Karla Gomez 7631,Ingenieria en Sistemas,1,67.10,45430
7632,Diego Navarro 7632,Ingenieria Industrial,2,67.27,45467
7633,Rosa Fuentes 7633,Ingenieria Civil,3,67.44,45504
7634,Mario Lemus 7634,Ingenieria Administrativa,4,67.61,45541
7635,Paola Ortiz 7635,Ingenieria en Software,5,67.78,45578
7636,Sergio Aragon 7636,Ingenieria Mecanica,6,67.95,45615
7637,Dulce Arana 7637,Ingenieria en Sistemas,7,68.12,45652
7638,Nancy Chamalé 7638,Ingenieria Industrial,8,68.29,45689
7639,Byron Castellanos 7639,Ingenieria Civil,9,68.46,45726
7640,Helen Conoz 7640,Ingenieria Administrativa,10,68.63,45763
7641,Juan Perez 7641,Ingenieria en Software,1,68.80,45800
7642,Ana Lopez 7642,Ingenieria Mecanica,2,68.97,45837
7643,Carlos Ruiz 7643,Ingenieria en Sistemas,3,69.14,45874
7644,Maria Garcia 7644,Ingenieria Industrial,4,69.31,45911
7645,Luis Hernandez 7645,Ingenieria Civil,5,69.48,45948
7646,Sofia Morales 7646,Ingenieria Administrativa,6,69.65,45985
7647,Pedro Castillo 7647,Ingenieria en Software,7,69.82,46022
7648,Elena Pineda 7648,Ingenieria Mecanica,8,69.99,46059
7649,Jorge Contreras 7649,Ingenieria en Sistemas,9,70.16,46096
7650,Valeria Barrios 7650,Ingenieria Industrial,10,70.33,46133
7651,Karla Gomez 7651,Ingenieria Civil,1,70.50,46170
7652,Diego Navarro 7652,Ingenieria Administrativa,2,70.67,46207
7653,Rosa Fuentes 7653,Ingenieria en Software,3,70.84,46244
7654,Mario Lemus 7654,Ingenieria Mecanica,4,71.01,46281
7655,Paola Ortiz 7655,Ingenieria en Sistemas,5,71.18,46318
7656,Sergio Aragon 7656,Ingenieria Industrial,6,71.35,46355
7657,Dulce Arana 7657,Ingenieria Civil,7,71.52,46392
7658,Nancy Chamalé 7658,Ingenieria Administrativa,8,71.69,46429
7659,Byron Castellanos 7659,Ingenieria en Software,9,71.86,46466
7660,Helen Conoz 7660,Ingenieria Mecanica,10,72.03,46503
7661,Juan Perez 7661,Ingenieria en Sistemas,1,72.20,46540
7662,Ana Lopez 7662,Ingenieria Industrial,2,72.37,46577
7663,Carlos Ruiz 7663,Ingenieria Civil,3,72.54,46614
7664,Maria Garcia 7664,Ingenieria Administrativa,4,72.71,46651
7665,Luis Hernandez 7665,Ingenieria en Software,5,72.88,46688
7666,Sofia Morales 7666,Ingenieria Mecanica,6,73.05,46725
7667,Pedro Castillo 7667,Ingenieria en Sistemas,7,73.22,46762
7668,Elena Pineda 7668,Ingenieria Industrial,8,73.39,46799
7669,Jorge Contreras 7669,Ingenieria Civil,9,73.56,46836
7670,Valeria Barrios 7670,Ingenieria Administrativa,10,73.73,46873
7671,Karla Gomez 7671,Ingenieria en Software,1,73.90,46910
7672,Diego Navarro 7672,Ingenieria Mecanica,2,74.07,46947
7673,Rosa Fuentes 7673,Ingenieria en Sistemas,3,74.24,46984
7674,Mario Lemus 7674,Ingenieria Industrial,4,74.41,47021
7675,Paola Ortiz 7675,Ingenieria Civil,5,74.58,47058
7676,Sergio Aragon 7676,Ingenieria Administrativa,6,74.75,47095
7677,Dulce Arana 7677,Ingenieria en Software,7,74.92,47132
7678,Nancy Chamalé 7678,Ingenieria Mecanica,8,75.09,47169
7679,Byron Castellanos 7679,Ingenieria en Sistemas,9,75.26,47206
7680,Helen Conoz 7680,Ingenieria Industrial,10,75.43,47243
7681,Juan Perez 7681,Ingenieria Civil,1,75.60,47280
7682,Ana Lopez 7682,Ingenieria Administrativa,2,75.77,47317
7683,Carlos Ruiz 7683,Ingenieria en Software,3,75.94,47354
7684,Maria Garcia 7684,Ingenieria Mecanica,4,76.11,47391
7685,Luis Hernandez 7685,Ingenieria en Sistemas,5,76.28,47428
7686,Sofia Morales 7686,Ingenieria Industrial,6,76.45,47465
7687,Pedro Castillo 7687,Ingenieria Civil,7,76.62,47502
7688,Elena Pineda 7688,Ingenieria Administrativa,8,76.79,47539
7689,Jorge Contreras 7689,Ingenieria en Software,9,76.96,47576
7690,Valeria Barrios 7690,Ingenieria Mecanica,10,77.13,47613
7691,Karla Gomez 7691,Ingenieria en Sistemas,1,77.30,47650
7692,Diego Navarro 7692,Ingenieria Industrial,2,77.47,47687
7693,Rosa Fuentes 7693,Ingenieria Civil,3,77.64,47724
7694,Mario Lemus 7694,Ingenieria Administrativa,4,77.81,47761
7695,Paola Ortiz 7695,Ingenieria en Software,5,77.98,47798
7696,Sergio Aragon 7696,Ingenieria Mecanica,6,78.15,47835
7697,Dulce Arana 7697,Ingenieria en Sistemas,7,78.32,47872
7698,Nancy Chamalé 7698,Ingenieria Industrial,8,78.49,47909
7699,Byron Castellanos 7699,Ingenieria Civil,9,78.66,47946
7700,Helen Conoz 7700,Ingenieria Administrativa,10,78.83,47983
7701,Juan Perez 7701,Ingenieria en Software,1,79.00,48020
7702,Ana Lopez 7702,Ingenieria Mecanica,2,79.17,48057
7703,Carlos Ruiz 7703,Ingenieria en Sistemas,3,79.34,48094
7704,Maria Garcia 7704,Ingenieria Industrial,4,79.51,48131
7705,Luis Hernandez 7705,Ingenieria Civil,5,79.68,48168
7706,Sofia Morales 7706,Ingenieria Administrativa,6,79.85,48205
7707,Pedro Castillo 7707,Ingenieria en Software,7,80.02,48242
7708,Elena Pineda 7708,Ingenieria Mecanica,8,80.19,48279
7709,Jorge Contreras 7709,Ingenieria en Sistemas,9,80.36,48316
7710,Valeria Barrios 7710,Ingenieria Industrial,10,80.53,48353
7711,Karla Gomez 7711,Ingenieria Civil,1,80.70,48390
7712,Diego Navarro 7712,Ingenieria Administrativa,2,80.87,48427
7713,Rosa Fuentes 7713,Ingenieria en Software,3,81.04,48464
7714,Mario Lemus 7714,Ingenieria Mecanica,4,81.21,48501
7715,Paola Ortiz 7715,Ingenieria en Sistemas,5,81.38,48538
7716,Sergio Aragon 7716,Ingenieria Industrial,6,81.55,48575
7717,Dulce Arana 7717,Ingenieria Civil,7,81.72,48612
7718,Nancy Chamalé 7718,Ingenieria Administrativa,8,81.89,48649
7719,Byron Castellanos 7719,Ingenieria en Software,9,82.06,48686
7720,Helen Conoz 7720,Ingenieria Mecanica,10,82.23,48723
7721,Juan Perez 7721,Ingenieria en Sistemas,1,82.40,48760
7722,Ana Lopez 7722,Ingenieria Industrial,2,82.57,48797
7723,Carlos Ruiz 7723,Ingenieria Civil,3,82.74,48834
7724,Maria Garcia 7724,Ingenieria Administrativa,4,82.91,48871
7725,Luis Hernandez 7725,Ingenieria en Software,5,83.08,48908
7726,Sofia Morales 7726,Ingenieria Mecanica,6,83.25,48945
7727,Pedro Castillo 7727,Ingenieria en Sistemas,7,83.42,48982
7728,Elena Pineda 7728,Ingenieria Industrial,8,83.59,49019
7729,Jorge Contreras 7729,Ingenieria Civil,9,83.76,49056
7730,Valeria Barrios 7730,Ingenieria Administrativa,10,83.93,49093
7731,Karla Gomez 7731,Ingenieria en Software,1,84.10,49130
7732,Diego Navarro 7732,Ingenieria Mecanica,2,84.27,49167
7733,Rosa Fuentes 7733,Ingenieria en Sistemas,3,84.44,49204
7734,Mario Lemus 7734,Ingenieria Industrial,4,84.61,49241
7735,Paola Ortiz 7735,Ingenieria Civil,5,84.78,49278
7736,Sergio Aragon 7736,Ingenieria Administrativa,6,84.95,49315
7737,Dulce Arana 7737,Ingenieria en Software,7,85.12,49352
7738,Nancy Chamalé 7738,Ingenieria Mecanica,8,85.29,49389
7739,Byron Castellanos 7739,Ingenieria en Sistemas,9,85.46,49426
7740,Helen Conoz 7740,Ingenieria Industrial,10,85.63,49463
7741,Juan Perez 7741,Ingenieria Civil,1,85.80,49500
7742,Ana Lopez 7742,Ingenieria Administrativa,2,85.97,49537
7743,Carlos Ruiz 7743,Ingenieria en Software,3,86.14,49574
7744,Maria Garcia 7744,Ingenieria Mecanica,4,86.31,49611
7745,Luis Hernandez 7745,Ingenieria en Sistemas,5,86.48,49648
7746,Sofia Morales 7746,Ingenieria Industrial,6,86.65,49685
7747,Pedro Castillo 7747,Ingenieria Civil,7,86.82,49722
7748,Elena Pineda 7748,Ingenieria Administrativa,8,86.99,49759
7749,Jorge Contreras 7749,Ingenieria en Software,9,87.16,49796
7750,Valeria Barrios 7750,Ingenieria Mecanica,10,87.33,49833
7751,Karla Gomez 7751,Ingenieria en Sistemas,1,87.50,49870
7752,Diego Navarro 7752,Ingenieria Industrial,2,87.67,49907
7753,Rosa Fuentes 7753,Ingenieria Civil,3,87.84,49944
7754,Mario Lemus 7754,Ingenieria Administrativa,4,88.01,49981
7755,Paola Ortiz 7755,Ingenieria en Software,5,88.18,50018
7756,Sergio Aragon 7756,Ingenieria Mecanica,6,88.35,50055
7757,Dulce Arana 7757,Ingenieria en Sistemas,7,88.52,50092
7758,Nancy Chamalé 7758,Ingenieria Industrial,8,88.69,50129
7759,Byron Castellanos 7759,Ingenieria Civil,9,88.86,50166
7760,Helen Conoz 7760,Ingenieria Administrativa,10,89.03,50203
7761,Juan Perez 7761,Ingenieria en Software,1,89.20,50240
7762,Ana Lopez 7762,Ingenieria Mecanica,2,89.37,50277
7763,Carlos Ruiz 7763,Ingenieria en Sistemas,3,89.54,50314
7764,Maria Garcia 7764,Ingenieria Industrial,4,89.71,50351
7765,Luis Hernandez 7765,Ingenieria Civil,5,89.88,50388
7766,Sofia Morales 7766,Ingenieria Administrativa,6,90.05,50425
7767,Pedro Castillo 7767,Ingenieria en Software,7,90.22,50462
7768,Elena Pineda 7768,Ingenieria Mecanica,8,90.39,50499
7769,Jorge Contreras 7769,Ingenieria en Sistemas,9,90.56,50536
7770,Valeria Barrios 7770,Ingenieria Industrial,10,90.73,50573
7771,Karla Gomez 7771,Ingenieria Civil,1,90.90,50610
7772,Diego Navarro 7772,Ingenieria Administrativa,2,91.07,50647
7773,Rosa Fuentes 7773,Ingenieria en Software,3,91.24,50684
7774,Mario Lemus 7774,Ingenieria Mecanica,4,91.41,50721
7775,Paola Ortiz 7775,Ingenieria en Sistemas,5,91.58,50758
7776,Sergio Aragon 7776,Ingenieria Industrial,6,91.75,50795
7777,Dulce Arana 7777,Ingenieria Civil,7,91.92,50832
7778,Nancy Chamalé 7778,Ingenieria Administrativa,8,92.09,50869
7779,Byron Castellanos 7779,Ingenieria en Software,9,92.26,50906
7780,Helen Conoz 7780,Ingenieria Mecanica,10,92.43,50943
7781,Juan Perez 7781,Ingenieria en Sistemas,1,92.60,50980
7782,Ana Lopez 7782,Ingenieria Industrial,2,92.77,51017
7783,Carlos Ruiz 7783,Ingenieria Civil,3,92.94,51054
7784,Maria Garcia 7784,Ingenieria Administrativa,4,93.11,51091
7785,Luis Hernandez 7785,Ingenieria en Software,5,93.28,51128
7786,Sofia Morales 7786,Ingenieria Mecanica,6,93.45,51165
7787,Pedro Castillo 7787,Ingenieria en Sistemas,7,93.62,51202
7788,Elena Pineda 7788,Ingenieria Industrial,8,93.79,51239
7789,Jorge Contreras 7789,Ingenieria Civil,9,93.96,51276
7790,Valeria Barrios 7790,Ingenieria Administrativa,10,94.13,51313
7791,Karla Gomez 7791,Ingenieria en Software,1,94.30,51350
7792,Diego Navarro 7792,Ingenieria Mecanica,2,94.47,51387
7793,Rosa Fuentes 7793,Ingenieria en Sistemas,3,94.64,51424
7794,Mario Lemus 7794,Ingenieria Industrial,4,94.81,51461
7795,Paola Ortiz 7795,Ingenieria Civil,5,94.98,51498
7796,Sergio Aragon 7796,Ingenieria Administrativa,6,95.15,51535
7797,Dulce Arana 7797,Ingenieria en Software,7,95.32,51572
7798,Nancy Chamalé 7798,Ingenieria Mecanica,8,95.49,51609
7799,Byron Castellanos 7799,Ingenieria en Sistemas,9,95.66,51646
7800,Helen Conoz 7800,Ingenieria Industrial,10,95.83,51683
7801,Juan Perez 7801,Ingenieria Civil,1,96.00,51720
7802,Ana Lopez 7802,Ingenieria Administrativa,2,96.17,51757
7803,Carlos Ruiz 7803,Ingenieria en Software,3,96.34,51794
7804,Maria Garcia 7804,Ingenieria Mecanica,4,96.51,51831
7805,Luis Hernandez 7805,Ingenieria en Sistemas,5,96.68,51868
7806,Sofia Morales 7806,Ingenieria Industrial,6,96.85,51905
7807,Pedro Castillo 7807,Ingenieria Civil,7,97.02,51942
7808,Elena Pineda 7808,Ingenieria Administrativa,8,97.19,51979
7809,Jorge Contreras 7809,Ingenieria en Software,9,97.36,52016
7810,Valeria Barrios 7810,Ingenieria Mecanica,10,97.53,52053
7811,Karla Gomez 7811,Ingenieria en Sistemas,1,97.70,52090
7812,Diego Navarro 7812,Ingenieria Industrial,2,97.87,52127
7813,Rosa Fuentes 7813,Ingenieria Civil,3,98.04,52164
7814,Mario Lemus 7814,Ingenieria Administrativa,4,98.21,52201
7815,Paola Ortiz 7815,Ingenieria en Software,5,98.38,52238
7816,Sergio Aragon 7816,Ingenieria Mecanica,6,98.55,52275
7817,Dulce Arana 7817,Ingenieria en Sistemas,7,98.72,52312
7818,Nancy Chamalé 7818,Ingenieria Industrial,8,98.89,52349
7819,Byron Castellanos 7819,Ingenieria Civil,9,99.06,52386
7820,Helen Conoz 7820,Ingenieria Administrativa,10,99.23,52423
7821,Juan Perez 7821,Ingenieria en Software,1,99.40,52460
7822,Ana Lopez 7822,Ingenieria Mecanica,2,99.57,52497
7823,Carlos Ruiz 7823,Ingenieria en Sistemas,3,99.74,52534
7824,Maria Garcia 7824,Ingenieria Industrial,4,99.91,52571
7825,Luis Hernandez 7825,Ingenieria Civil,5,60.08,52608
7826,Sofia Morales 7826,Ingenieria Administrativa,6,60.25,52645
7827,Pedro Castillo 7827,Ingenieria en Software,7,60.42,52682
7828,Elena Pineda 7828,Ingenieria Mecanica,8,60.59,52719
7829,Jorge Contreras 7829,Ingenieria en Sistemas,9,60.76,52756
7830,Valeria Barrios 7830,Ingenieria Industrial,10,60.93,52793
7831,Karla Gomez 7831,Ingenieria Civil,1,61.10,52830
7832,Diego Navarro 7832,Ingenieria Administrativa,2,61.27,52867
7833,Rosa Fuentes 7833,Ingenieria en Software,3,61.44,52904
7834,Mario Lemus 7834,Ingenieria Mecanica,4,61.61,52941
7835,Paola Ortiz 7835,Ingenieria en Sistemas,5,61.78,52978
7836,Sergio Aragon 7836,Ingenieria Industrial,6,61.95,53015
7837,Dulce Arana 7837,Ingenieria Civil,7,62.12,53052
7838,Nancy Chamalé 7838,Ingenieria Administrativa,8,62.29,53089
7839,Byron Castellanos 7839,Ingenieria en Software,9,62.46,53126
7840,Helen Conoz 7840,Ingenieria Mecanica,10,62.63,53163
7841,Juan Perez 7841,Ingenieria en Sistemas,1,62.80,53200
7842,Ana Lopez 7842,Ingenieria Industrial,2,62.97,53237
7843,Carlos Ruiz 7843,Ingenieria Civil,3,63.14,53274
7844,Maria Garcia 7844,Ingenieria Administrativa,4,63.31,53311
7845,Luis Hernandez 7845,Ingenieria en Software,5,63.48,53348
7846,Sofia Morales 7846,Ingenieria Mecanica,6,63.65,53385
7847,Pedro Castillo 7847,Ingenieria en Sistemas,7,63.82,53422
7848,Elena Pineda 7848,Ingenieria Industrial,8,63.99,53459
7849,Jorge Contreras 7849,Ingenieria Civil,9,64.16,53496
7850,Valeria Barrios 7850,Ingenieria Administrativa,10,64.33,53533
7851,Karla Gomez 7851,Ingenieria en Software,1,64.50,53570
7852,Diego Navarro 7852,Ingenieria Mecanica,2,64.67,53607
7853,Rosa Fuentes 7853,Ingenieria en Sistemas,3,64.84,53644
7854,Mario Lemus 7854,Ingenieria Industrial,4,65.01,53681
7855,Paola Ortiz 7855,Ingenieria Civil,5,65.18,53718
7856,Sergio Aragon 7856,Ingenieria Administrativa,6,65.35,53755
7857,Dulce Arana 7857,Ingenieria en Software,7,65.52,53792
7858,Nancy Chamalé 7858,Ingenieria Mecanica,8,65.69,53829
7859,Byron Castellanos 7859,Ingenieria en Sistemas,9,65.86,53866
7860,Helen Conoz 7860,Ingenieria Industrial,10,66.03,53903
7861,Juan Perez 7861,Ingenieria Civil,1,66.20,53940
7862,Ana Lopez 7862,Ingenieria Administrativa,2,66.37,53977
7863,Carlos Ruiz 7863,Ingenieria en Software,3,66.54,54014
7864,Maria Garcia 7864,Ingenieria Mecanica,4,66.71,54051
7865,Luis Hernandez 7865,Ingenieria en Sistemas,5,66.88,54088
7866,Sofia Morales 7866,Ingenieria Industrial,6,67.05,54125
7867,Pedro Castillo 7867,Ingenieria Civil,7,67.22,54162
7868,Elena Pineda 7868,Ingenieria Administrativa,8,67.39,54199
7869,Jorge Contreras 7869,Ingenieria en Software,9,67.56,54236
7870,Valeria Barrios 7870,Ingenieria Mecanica,10,67.73,54273
7871,Karla Gomez 7871,Ingenieria en Sistemas,1,67.90,54310
7872,Diego Navarro 7872,Ingenieria Industrial,2,68.07,54347
7873,Rosa Fuentes 7873,Ingenieria Civil,3,68.24,54384
7874,Mario Lemus 7874,Ingenieria Administrativa,4,68.41,54421
7875,Paola Ortiz 7875,Ingenieria en Software,5,68.58,54458
7876,Sergio Aragon 7876,Ingenieria Mecanica,6,68.75,54495
7877,Dulce Arana 7877,Ingenieria en Sistemas,7,68.92,54532
7878,Nancy Chamalé 7878,Ingenieria Industrial,8,69.09,54569
7879,Byron Castellanos 7879,Ingenieria Civil,9,69.26,54606
7880,Helen Conoz 7880,Ingenieria Administrativa,10,69.43,54643
7881,Juan Perez 7881,Ingenieria en Software,1,69.60,54680
7882,Ana Lopez 7882,Ingenieria Mecanica,2,69.77,54717
7883,Carlos Ruiz 7883,Ingenieria en Sistemas,3,69.94,54754
7884,Maria Garcia 7884,Ingenieria Industrial,4,70.11,54791
7885,Luis Hernandez 7885,Ingenieria Civil,5,70.28,54828
7886,Sofia Morales 7886,Ingenieria Administrativa,6,70.45,54865
7887,Pedro Castillo 7887,Ingenieria en Software,7,70.62,54902
7888,Elena Pineda 7888,Ingenieria Mecanica,8,70.79,54939
7889,Jorge Contreras 7889,Ingenieria en Sistemas,9,70.96,54976
7890,Valeria Barrios 7890,Ingenieria Industrial,10,71.13,55013
7891,Karla Gomez 7891,Ingenieria Civil,1,71.30,55050
7892,Diego Navarro 7892,Ingenieria Administrativa,2,71.47,55087
7893,Rosa Fuentes 7893,Ingenieria en Software,3,71.64,55124
7894,Mario Lemus 7894,Ingenieria Mecanica,4,71.81,55161
7895,Paola Ortiz 7895,Ingenieria en Sistemas,5,71.98,55198
7896,Sergio Aragon 7896,Ingenieria Industrial,6,72.15,55235
7897,Dulce Arana 7897,Ingenieria Civil,7,72.32,55272
7898,Nancy Chamalé 7898,Ingenieria Administrativa,8,72.49,55309
7899,Byron Castellanos 7899,Ingenieria en Software,9,72.66,55346
7900,Helen Conoz 7900,Ingenieria Mecanica,10,72.83,55383
7901,Juan Perez 7901,Ingenieria en Sistemas,1,73.00,55420
7902,Ana Lopez 7902,Ingenieria Industrial,2,73.17,55457
7903,Carlos Ruiz 7903,Ingenieria Civil,3,73.34,55494
7904,Maria Garcia 7904,Ingenieria Administrativa,4,73.51,55531
7905,Luis Hernandez 7905,Ingenieria en Software,5,73.68,55568
7906,Sofia Morales 7906,Ingenieria Mecanica,6,73.85,55605
7907,Pedro Castillo 7907,Ingenieria en Sistemas,7,74.02,55642
7908,Elena Pineda 7908,Ingenieria Industrial,8,74.19,55679
7909,Jorge Contreras 7909,Ingenieria Civil,9,74.36,55716
7910,Valeria Barrios 7910,Ingenieria Administrativa,10,74.53,55753
7911,Karla Gomez 7911,Ingenieria en Software,1,74.70,55790
7912,Diego Navarro 7912,Ingenieria Mecanica,2,74.87,55827
7913,Rosa Fuentes 7913,Ingenieria en Sistemas,3,75.04,55864
7914,Mario Lemus 7914,Ingenieria Industrial,4,75.21,55901
7915,Paola Ortiz 7915,Ingenieria Civil,5,75.38,55938
7916,Sergio Aragon 7916,Ingenieria Administrativa,6,75.55,55975
7917,Dulce Arana 7917,Ingenieria en Software,7,75.72,56012
7918,Nancy Chamalé 7918,Ingenieria Mecanica,8,75.89,56049
7919,Byron Castellanos 7919,Ingenieria en Sistemas,9,76.06,56086
7920,Helen Conoz 7920,Ingenieria Industrial,10,76.23,56123
7921,Juan Perez 7921,Ingenieria Civil,1,76.40,56160
7922,Ana Lopez 7922,Ingenieria Administrativa,2,76.57,56197
7923,Carlos Ruiz 7923,Ingenieria en Software,3,76.74,56234
7924,Maria Garcia 7924,Ingenieria Mecanica,4,76.91,56271
7925,Luis Hernandez 7925,Ingenieria en Sistemas,5,77.08,56308
7926,Sofia Morales 7926,Ingenieria Industrial,6,77.25,56345
7927,Pedro Castillo 7927,Ingenieria Civil,7,77.42,56382
7928,Elena Pineda 7928,Ingenieria Administrativa,8,77.59,56419
7929,Jorge Contreras 7929,Ingenieria en Software,9,77.76,56456
7930,Valeria Barrios 7930,Ingenieria Mecanica,10,77.93,56493
7931,Karla Gomez 7931,Ingenieria en Sistemas,1,78.10,56530
7932,Diego Navarro 7932,Ingenieria Industrial,2,78.27,56567
7933,Rosa Fuentes 7933,Ingenieria Civil,3,78.44,56604
7934,Mario Lemus 7934,Ingenieria Administrativa,4,78.61,56641
7935,Paola Ortiz 7935,Ingenieria en Software,5,78.78,56678
7936,Sergio Aragon 7936,Ingenieria Mecanica,6,78.95,56715
7937,Dulce Arana 7937,Ingenieria en Sistemas,7,79.12,56752
7938,Nancy Chamalé 7938,Ingenieria Industrial,8,79.29,56789
7939,Byron Castellanos 7939,Ingenieria Civil,9,79.46,56826
7940,Helen Conoz 7940,Ingenieria Administrativa,10,79.63,56863
7941,Juan Perez 7941,Ingenieria en Software,1,79.80,56900
7942,Ana Lopez 7942,Ingenieria Mecanica,2,79.97,56937
7943,Carlos Ruiz 7943,Ingenieria en Sistemas,3,80.14,56974
7944,Maria Garcia 7944,Ingenieria Industrial,4,80.31,57011
7945,Luis Hernandez 7945,Ingenieria Civil,5,80.48,57048
7946,Sofia Morales 7946,Ingenieria Administrativa,6,80.65,57085
7947,Pedro Castillo 7947,Ingenieria en Software,7,80.82,57122
7948,Elena Pineda 7948,Ingenieria Mecanica,8,80.99,57159
7949,Jorge Contreras 7949,Ingenieria en Sistemas,9,81.16,57196
7950,Valeria Barrios 7950,Ingenieria Industrial,10,81.33,57233
7951,Karla Gomez 7951,Ingenieria Civil,1,81.50,57270
7952,Diego Navarro 7952,Ingenieria Administrativa,2,81.67,57307
7953,Rosa Fuentes 7953,Ingenieria en Software,3,81.84,57344
7954,Mario Lemus 7954,Ingenieria Mecanica,4,82.01,57381
7955,Paola Ortiz 7955,Ingenieria en Sistemas,5,82.18,57418
7956,Sergio Aragon 7956,Ingenieria Industrial,6,82.35,57455
7957,Dulce Arana 7957,Ingenieria Civil,7,82.52,57492
7958,Nancy Chamalé 7958,Ingenieria Administrativa,8,82.69,57529
7959,Byron Castellanos 7959,Ingenieria en Software,9,82.86,57566
7960,Helen Conoz 7960,Ingenieria Mecanica,10,83.03,57603
7961,Juan Perez 7961,Ingenieria en Sistemas,1,83.20,57640
7962,Ana Lopez 7962,Ingenieria Industrial,2,83.37,57677
7963,Carlos Ruiz 7963,Ingenieria Civil,3,83.54,57714
7964,Maria Garcia 7964,Ingenieria Administrativa,4,83.71,57751
7965,Luis Hernandez 7965,Ingenieria en Software,5,83.88,57788
7966,Sofia Morales 7966,Ingenieria Mecanica,6,84.05,57825
7967,Pedro Castillo 7967,Ingenieria en Sistemas,7,84.22,57862
7968,Elena Pineda 7968,Ingenieria Industrial,8,84.39,57899
7969,Jorge Contreras 7969,Ingenieria Civil,9,84.56,57936
7970,Valeria Barrios 7970,Ingenieria Administrativa,10,84.73,57973
7971,Karla Gomez 7971,Ingenieria en Software,1,84.90,58010
7972,Diego Navarro 7972,Ingenieria Mecanica,2,85.07,58047
7973,Rosa Fuentes 7973,Ingenieria en Sistemas,3,85.24,58084
7974,Mario Lemus 7974,Ingenieria Industrial,4,85.41,58121
7975,Paola Ortiz 7975,Ingenieria Civil,5,85.58,58158
7976,Sergio Aragon 7976,Ingenieria Administrativa,6,85.75,58195
7977,Dulce Arana 7977,Ingenieria en Software,7,85.92,58232
7978,Nancy Chamalé 7978,Ingenieria Mecanica,8,86.09,58269
7979,Byron Castellanos 7979,Ingenieria en Sistemas,9,86.26,58306
7980,Helen Conoz 7980,Ingenieria Industrial,10,86.43,58343
7981,Juan Perez 7981,Ingenieria Civil,1,86.60,58380
7982,Ana Lopez 7982,Ingenieria Administrativa,2,86.77,58417
7983,Carlos Ruiz 7983,Ingenieria en Software,3,86.94,58454
7984,Maria Garcia 7984,Ingenieria Mecanica,4,87.11,58491
7985,Luis Hernandez 7985,Ingenieria en Sistemas,5,87.28,58528
7986,Sofia Morales 7986,Ingenieria Industrial,6,87.45,58565
7987,Pedro Castillo 7987,Ingenieria Civil,7,87.62,58602
7988,Elena Pineda 7988,Ingenieria Administrativa,8,87.79,58639
7989,Jorge Contreras 7989,Ingenieria en Software,9,87.96,58676
7990,Valeria Barrios 7990,Ingenieria Mecanica,10,88.13,58713
7991,Karla Gomez 7991,Ingenieria en Sistemas,1,88.30,58750
7992,Diego Navarro 7992,Ingenieria Industrial,2,88.47,58787
7993,Rosa Fuentes 7993,Ingenieria Civil,3,88.64,58824
7994,Mario Lemus 7994,Ingenieria Administrativa,4,88.81,58861
7995,Paola Ortiz 7995,Ingenieria en Software,5,88.98,58898
7996,Sergio Aragon 7996,Ingenieria Mecanica,6,89.15,58935
7997,Dulce Arana 7997,Ingenieria en Sistemas,7,89.32,58972
7998,Nancy Chamalé 7998,Ingenieria Industrial,8,89.49,59009
7999,Byron Castellanos 7999,Ingenieria Civil,9,89.66,59046
8000,Helen Conoz 8000,Ingenieria Administrativa,10,89.83,59083
8001,Juan Perez 8001,Ingenieria en Software,1,90.00,59120
8002,Ana Lopez 8002,Ingenieria Mecanica,2,90.17,59157
8003,Carlos Ruiz 8003,Ingenieria en Sistemas,3,90.34,59194
8004,Maria Garcia 8004,Ingenieria Industrial,4,90.51,59231
8005,Luis Hernandez 8005,Ingenieria Civil,5,90.68,59268
8006,Sofia Morales 8006,Ingenieria Administrativa,6,90.85,59305
8007,Pedro Castillo 8007,Ingenieria en Software,7,91.02,59342
8008,Elena Pineda 8008,Ingenieria Mecanica,8,91.19,59379
8009,Jorge Contreras 8009,Ingenieria en Sistemas,9,91.36,59416
8010,Valeria Barrios 8010,Ingenieria Industrial,10,91.53,59453
8011,Karla Gomez 8011,Ingenieria Civil,1,91.70,59490
8012,Diego Navarro 8012,Ingenieria Administrativa,2,91.87,59527
8013,Rosa Fuentes 8013,Ingenieria en Software,3,92.04,59564
8014,Mario Lemus 8014,Ingenieria Mecanica,4,92.21,59601
8015,Paola Ortiz 8015,Ingenieria en Sistemas,5,92.38,59638
8016,Sergio Aragon 8016,Ingenieria Industrial,6,92.55,59675
8017,Dulce Arana 8017,Ingenieria Civil,7,92.72,59712
8018,Nancy Chamalé 8018,Ingenieria Administrativa,8,92.89,59749
8019,Byron Castellanos 8019,Ingenieria en Software,9,93.06,59786
8020,Helen Conoz 8020,Ingenieria Mecanica,10,93.23,59823
8021,Juan Perez 8021,Ingenieria en Sistemas,1,93.40,59860
8022,Ana Lopez 8022,Ingenieria Industrial,2,93.57,59897
8023,Carlos Ruiz 8023,Ingenieria Civil,3,93.74,59934
8024,Maria Garcia 8024,Ingenieria Administrativa,4,93.91,59971
8025,Luis Hernandez 8025,Ingenieria en Software,5,94.08,60008
8026,Sofia Morales 8026,Ingenieria Mecanica,6,94.25,60045
8027,Pedro Castillo 8027,Ingenieria en Sistemas,7,94.42,60082
8028,Elena Pineda 8028,Ingenieria Industrial,8,94.59,60119
8029,Jorge Contreras 8029,Ingenieria Civil,9,94.76,60156
8030,Valeria Barrios 8030,Ingenieria Administrativa,10,94.93,60193
8031,Karla Gomez 8031,Ingenieria en Software,1,95.10,60230
8032,Diego Navarro 8032,Ingenieria Mecanica,2,95.27,60267
8033,Rosa Fuentes 8033,Ingenieria en Sistemas,3,95.44,60304
8034,Mario Lemus 8034,Ingenieria Industrial,4,95.61,60341
8035,Paola Ortiz 8035,Ingenieria Civil,5,95.78,60378
8036,Sergio Aragon 8036,Ingenieria Administrativa,6,95.95,60415
8037,Dulce Arana 8037,Ingenieria en Software,7,96.12,60452
8038,Nancy Chamalé 8038,Ingenieria Mecanica,8,96.29,60489
8039,Byron Castellanos 8039,Ingenieria en Sistemas,9,96.46,60526
8040,Helen Conoz 8040,Ingenieria Industrial,10,96.63,60563
8041,Juan Perez 8041,Ingenieria Civil,1,96.80,60600
8042,Ana Lopez 8042,Ingenieria Administrativa,2,96.97,60637
8043,Carlos Ruiz 8043,Ingenieria en Software,3,97.14,60674
8044,Maria Garcia 8044,Ingenieria Mecanica,4,97.31,60711
8045,Luis Hernandez 8045,Ingenieria en Sistemas,5,97.48,60748
8046,Sofia Morales 8046,Ingenieria Industrial,6,97.65,60785
8047,Pedro Castillo 8047,Ingenieria Civil,7,97.82,60822
8048,Elena Pineda 8048,Ingenieria Administrativa,8,97.99,60859
8049,Jorge Contreras 8049,Ingenieria en Software,9,98.16,60896
8050,Valeria Barrios 8050,Ingenieria Mecanica,10,98.33,60933
8051,Karla Gomez 8051,Ingenieria en Sistemas,1,98.50,60970
8052,Diego Navarro 8052,Ingenieria Industrial,2,98.67,61007
8053,Rosa Fuentes 8053,Ingenieria Civil,3,98.84,61044
8054,Mario Lemus 8054,Ingenieria Administrativa,4,99.01,61081
8055,Paola Ortiz 8055,Ingenieria en Software,5,99.18,61118
8056,Sergio Aragon 8056,Ingenieria Mecanica,6,99.35,61155
8057,Dulce Arana 8057,Ingenieria en Sistemas,7,99.52,61192
8058,Nancy Chamalé 8058,Ingenieria Industrial,8,99.69,61229
8059,Byron Castellanos 8059,Ingenieria Civil,9,99.86,61266
8060,Helen Conoz 8060,Ingenieria Administrativa,10,60.03,61303
8061,Juan Perez 8061,Ingenieria en Software,1,60.20,61340
8062,Ana Lopez 8062,Ingenieria Mecanica,2,60.37,61377
8063,Carlos Ruiz 8063,Ingenieria en Sistemas,3,60.54,61414
8064,Maria Garcia 8064,Ingenieria Industrial,4,60.71,61451
8065,Luis Hernandez 8065,Ingenieria Civil,5,60.88,61488
8066,Sofia Morales 8066,Ingenieria Administrativa,6,61.05,61525
8067,Pedro Castillo 8067,Ingenieria en Software,7,61.22,61562
8068,Elena Pineda 8068,Ingenieria Mecanica,8,61.39,61599
8069,Jorge Contreras 8069,Ingenieria en Sistemas,9,61.56,61636
8070,Valeria Barrios 8070,Ingenieria Industrial,10,61.73,61673
8071,Karla Gomez 8071,Ingenieria Civil,1,61.90,61710
8072,Diego Navarro 8072,Ingenieria Administrativa,2,62.07,61747
8073,Rosa Fuentes 8073,Ingenieria en Software,3,62.24,61784
8074,Mario Lemus 8074,Ingenieria Mecanica,4,62.41,61821
8075,Paola Ortiz 8075,Ingenieria en Sistemas,5,62.58,61858
8076,Sergio Aragon 8076,Ingenieria Industrial,6,62.75,61895
8077,Dulce Arana 8077,Ingenieria Civil,7,62.92,61932
8078,Nancy Chamalé 8078,Ingenieria Administrativa,8,63.09,61969
8079,Byron Castellanos 8079,Ingenieria en Software,9,63.26,62006
8080,Helen Conoz 8080,Ingenieria Mecanica,10,63.43,62043
8081,Juan Perez 8081,Ingenieria en Sistemas,1,63.60,62080
8082,Ana Lopez 8082,Ingenieria Industrial,2,63.77,62117
8083,Carlos Ruiz 8083,Ingenieria Civil,3,63.94,62154
8084,Maria Garcia 8084,Ingenieria Administrativa,4,64.11,62191
8085,Luis Hernandez 8085,Ingenieria en Software,5,64.28,62228
8086,Sofia Morales 8086,Ingenieria Mecanica,6,64.45,62265
8087,Pedro Castillo 8087,Ingenieria en Sistemas,7,64.62,62302
8088,Elena Pineda 8088,Ingenieria Industrial,8,64.79,62339
8089,Jorge Contreras 8089,Ingenieria Civil,9,64.96,62376
8090,Valeria Barrios 8090,Ingenieria Administrativa,10,65.13,62413
8091,Karla Gomez 8091,Ingenieria en Software,1,65.30,62450
8092,Diego Navarro 8092,Ingenieria Mecanica,2,65.47,62487
8093,Rosa Fuentes 8093,Ingenieria en Sistemas,3,65.64,62524
8094,Mario Lemus 8094,Ingenieria Industrial,4,65.81,62561
8095,Paola Ortiz 8095,Ingenieria Civil,5,65.98,62598
8096,Sergio Aragon 8096,Ingenieria Administrativa,6,66.15,62635
8097,Dulce Arana 8097,Ingenieria en Software,7,66.32,62672
8098,Nancy Chamalé 8098,Ingenieria Mecanica,8,66.49,62709
8099,Byron Castellanos 8099,Ingenieria en Sistemas,9,66.66,62746
8100,Helen Conoz 8100,Ingenieria Industrial,10,66.83,62783
8101,Juan Perez 8101,Ingenieria Civil,1,67.00,62820
8102,Ana Lopez 8102,Ingenieria Administrativa,2,67.17,62857
8103,Carlos Ruiz 8103,Ingenieria en Software,3,67.34,62894
8104,Maria Garcia 8104,Ingenieria Mecanica,4,67.51,62931
8105,Luis Hernandez 8105,Ingenieria en Sistemas,5,67.68,62968
8106,Sofia Morales 8106,Ingenieria Industrial,6,67.85,63005
8107,Pedro Castillo 8107,Ingenieria Civil,7,68.02,63042
8108,Elena Pineda 8108,Ingenieria Administrativa,8,68.19,63079
8109,Jorge Contreras 8109,Ingenieria en Software,9,68.36,63116
8110,Valeria Barrios 8110,Ingenieria Mecanica,10,68.53,63153
8111,Karla Gomez 8111,Ingenieria en Sistemas,1,68.70,63190
8112,Diego Navarro 8112,Ingenieria Industrial,2,68.87,63227
8113,Rosa Fuentes 8113,Ingenieria Civil,3,69.04,63264
8114,Mario Lemus 8114,Ingenieria Administrativa,4,69.21,63301
8115,Paola Ortiz 8115,Ingenieria en Software,5,69.38,63338
8116,Sergio Aragon 8116,Ingenieria Mecanica,6,69.55,63375
8117,Dulce Arana 8117,Ingenieria en Sistemas,7,69.72,63412
8118,Nancy Chamalé 8118,Ingenieria Industrial,8,69.89,63449
8119,Byron Castellanos 8119,Ingenieria Civil,9,70.06,63486
8120,Helen Conoz 8120,Ingenieria Administrativa,10,70.23,63523
8121,Juan Perez 8121,Ingenieria en Software,1,70.40,63560
8122,Ana Lopez 8122,Ingenieria Mecanica,2,70.57,63597
8123,Carlos Ruiz 8123,Ingenieria en Sistemas,3,70.74,63634
8124,Maria Garcia 8124,Ingenieria Industrial,4,70.91,63671
8125,Luis Hernandez 8125,Ingenieria Civil,5,71.08,63708
8126,Sofia Morales 8126,Ingenieria Administrativa,6,71.25,63745
8127,Pedro Castillo 8127,Ingenieria en Software,7,71.42,63782
8128,Elena Pineda 8128,Ingenieria Mecanica,8,71.59,63819
8129,Jorge Contreras 8129,Ingenieria en Sistemas,9,71.76,63856
8130,Valeria Barrios 8130,Ingenieria Industrial,10,71.93,63893
8131,Karla Gomez 8131,Ingenieria Civil,1,72.10,63930
8132,Diego Navarro 8132,Ingenieria Administrativa,2,72.27,63967
8133,Rosa Fuentes 8133,Ingenieria en Software,3,72.44,64004
8134,Mario Lemus 8134,Ingenieria Mecanica,4,72.61,64041
8135,Paola Ortiz 8135,Ingenieria en Sistemas,5,72.78,64078
8136,Sergio Aragon 8136,Ingenieria Industrial,6,72.95,64115
8137,Dulce Arana 8137,Ingenieria Civil,7,73.12,64152
8138,Nancy Chamalé 8138,Ingenieria Administrativa,8,73.29,64189
8139,Byron Castellanos 8139,Ingenieria en Software,9,73.46,64226
8140,Helen Conoz 8140,Ingenieria Mecanica,10,73.63,64263
8141,Juan Perez 8141,Ingenieria en Sistemas,1,73.80,64300
8142,Ana Lopez 8142,Ingenieria Industrial,2,73.97,64337
8143,Carlos Ruiz 8143,Ingenieria Civil,3,74.14,64374
8144,Maria Garcia 8144,Ingenieria Administrativa,4,74.31,64411
8145,Luis Hernandez 8145,Ingenieria en Software,5,74.48,64448
8146,Sofia Morales 8146,Ingenieria Mecanica,6,74.65,64485
8147,Pedro Castillo 8147,Ingenieria en Sistemas,7,74.82,64522
8148,Elena Pineda 8148,Ingenieria Industrial,8,74.99,64559
8149,Jorge Contreras 8149,Ingenieria Civil,9,75.16,64596
8150,Valeria Barrios 8150,Ingenieria Administrativa,10,75.33,64633
8151,Karla Gomez 8151,Ingenieria en Software,1,75.50,64670
8152,Diego Navarro 8152,Ingenieria Mecanica,2,75.67,64707
8153,Rosa Fuentes 8153,Ingenieria en Sistemas,3,75.84,64744
8154,Mario Lemus 8154,Ingenieria Industrial,4,76.01,64781
8155,Paola Ortiz 8155,Ingenieria Civil,5,76.18,64818
8156,Sergio Aragon 8156,Ingenieria Administrativa,6,76.35,64855
8157,Dulce Arana 8157,Ingenieria en Software,7,76.52,64892
8158,Nancy Chamalé 8158,Ingenieria Mecanica,8,76.69,64929
8159,Byron Castellanos 8159,Ingenieria en Sistemas,9,76.86,64966
8160,Helen Conoz 8160,Ingenieria Industrial,10,77.03,65003
8161,Juan Perez 8161,Ingenieria Civil,1,77.20,65040
8162,Ana Lopez 8162,Ingenieria Administrativa,2,77.37,65077
8163,Carlos Ruiz 8163,Ingenieria en Software,3,77.54,65114
8164,Maria Garcia 8164,Ingenieria Mecanica,4,77.71,65151
8165,Luis Hernandez 8165,Ingenieria en Sistemas,5,77.88,65188
8166,Sofia Morales 8166,Ingenieria Industrial,6,78.05,65225
8167,Pedro Castillo 8167,Ingenieria Civil,7,78.22,65262
8168,Elena Pineda 8168,Ingenieria Administrativa,8,78.39,65299
8169,Jorge Contreras 8169,Ingenieria en Software,9,78.56,65336
8170,Valeria Barrios 8170,Ingenieria Mecanica,10,78.73,65373
8171,Karla Gomez 8171,Ingenieria en Sistemas,1,78.90,65410
8172,Diego Navarro 8172,Ingenieria Industrial,2,79.07,65447
8173,Rosa Fuentes 8173,Ingenieria Civil,3,79.24,65484
8174,Mario Lemus 8174,Ingenieria Administrativa,4,79.41,65521
8175,Paola Ortiz 8175,Ingenieria en Software,5,79.58,65558
8176,Sergio Aragon 8176,Ingenieria Mecanica,6,79.75,65595
8177,Dulce Arana 8177,Ingenieria en Sistemas,7,79.92,65632
8178,Nancy Chamalé 8178,Ingenieria Industrial,8,80.09,65669
8179,Byron Castellanos 8179,Ingenieria Civil,9,80.26,65706
8180,Helen Conoz 8180,Ingenieria Administrativa,10,80.43,65743
8181,Juan Perez 8181,Ingenieria en Software,1,80.60,65780
8182,Ana Lopez 8182,Ingenieria Mecanica,2,80.77,65817
8183,Carlos Ruiz 8183,Ingenieria en Sistemas,3,80.94,65854
8184,Maria Garcia 8184,Ingenieria Industrial,4,81.11,65891
8185,Luis Hernandez 8185,Ingenieria Civil,5,81.28,65928
8186,Sofia Morales 8186,Ingenieria Administrativa,6,81.45,65965
8187,Pedro Castillo 8187,Ingenieria en Software,7,81.62,66002
8188,Elena Pineda 8188,Ingenieria Mecanica,8,81.79,66039
8189,Jorge Contreras 8189,Ingenieria en Sistemas,9,81.96,66076
8190,Valeria Barrios 8190,Ingenieria Industrial,10,82.13,66113
8191,Karla Gomez 8191,Ingenieria Civil,1,82.30,66150
8192,Diego Navarro 8192,Ingenieria Administrativa,2,82.47,66187
8193,Rosa Fuentes 8193,Ingenieria en Software,3,82.64,66224
8194,Mario Lemus 8194,Ingenieria Mecanica,4,82.81,66261
8195,Paola Ortiz 8195,Ingenieria en Sistemas,5,82.98,66298
8196,Sergio Aragon 8196,Ingenieria Industrial,6,83.15,66335
8197,Dulce Arana 8197,Ingenieria Civil,7,83.32,66372
8198,Nancy Chamalé 8198,Ingenieria Administrativa,8,83.49,66409
8199,Byron Castellanos 8199,Ingenieria en Software,9,83.66,66446
8200,Helen Conoz 8200,Ingenieria Mecanica,10,83.83,66483
8201,Juan Perez 8201,Ingenieria en Sistemas,1,84.00,66520
8202,Ana Lopez 8202,Ingenieria Industrial,2,84.17,66557
8203,Carlos Ruiz 8203,Ingenieria Civil,3,84.34,66594
8204,Maria Garcia 8204,Ingenieria Administrativa,4,84.51,66631
8205,Luis Hernandez 8205,Ingenieria en Software,5,84.68,66668
8206,Sofia Morales 8206,Ingenieria Mecanica,6,84.85,66705
8207,Pedro Castillo 8207,Ingenieria en Sistemas,7,85.02,66742
8208,Elena Pineda 8208,Ingenieria Industrial,8,85.19,66779
8209,Jorge Contreras 8209,Ingenieria Civil,9,85.36,66816
8210,Valeria Barrios 8210,Ingenieria Administrativa,10,85.53,66853
8211,Karla Gomez 8211,Ingenieria en Software,1,85.70,66890
8212,Diego Navarro 8212,Ingenieria Mecanica,2,85.87,66927
8213,Rosa Fuentes 8213,Ingenieria en Sistemas,3,86.04,66964
8214,Mario Lemus 8214,Ingenieria Industrial,4,86.21,67001
8215,Paola Ortiz 8215,Ingenieria Civil,5,86.38,67038
8216,Sergio Aragon 8216,Ingenieria Administrativa,6,86.55,67075
8217,Dulce Arana 8217,Ingenieria en Software,7,86.72,67112
8218,Nancy Chamalé 8218,Ingenieria Mecanica,8,86.89,67149
8219,Byron Castellanos 8219,Ingenieria en Sistemas,9,87.06,67186
8220,Helen Conoz 8220,Ingenieria Industrial,10,87.23,67223
8221,Juan Perez 8221,Ingenieria Civil,1,87.40,67260
8222,Ana Lopez 8222,Ingenieria Administrativa,2,87.57,67297
8223,Carlos Ruiz 8223,Ingenieria en Software,3,87.74,67334
8224,Maria Garcia 8224,Ingenieria Mecanica,4,87.91,67371
8225,Luis Hernandez 8225,Ingenieria en Sistemas,5,88.08,67408
8226,Sofia Morales 8226,Ingenieria Industrial,6,88.25,67445
8227,Pedro Castillo 8227,Ingenieria Civil,7,88.42,67482
8228,Elena Pineda 8228,Ingenieria Administrativa,8,88.59,67519
8229,Jorge Contreras 8229,Ingenieria en Software,9,88.76,67556
8230,Valeria Barrios 8230,Ingenieria Mecanica,10,88.93,67593
8231,Karla Gomez 8231,Ingenieria en Sistemas,1,89.10,67630
8232,Diego Navarro 8232,Ingenieria Industrial,2,89.27,67667
8233,Rosa Fuentes 8233,Ingenieria Civil,3,89.44,67704
8234,Mario Lemus 8234,Ingenieria Administrativa,4,89.61,67741
8235,Paola Ortiz 8235,Ingenieria en Software,5,89.78,67778
8236,Sergio Aragon 8236,Ingenieria Mecanica,6,89.95,67815
8237,Dulce Arana 8237,Ingenieria en Sistemas,7,90.12,67852
8238,Nancy Chamalé 8238,Ingenieria Industrial,8,90.29,67889
8239,Byron Castellanos 8239,Ingenieria Civil,9,90.46,67926
8240,Helen Conoz 8240,Ingenieria Administrativa,10,90.63,67963
8241,Juan Perez 8241,Ingenieria en Software,1,90.80,68000
8242,Ana Lopez 8242,Ingenieria Mecanica,2,90.97,68037
8243,Carlos Ruiz 8243,Ingenieria en Sistemas,3,91.14,68074
8244,Maria Garcia 8244,Ingenieria Industrial,4,91.31,68111
8245,Luis Hernandez 8245,Ingenieria Civil,5,91.48,68148
8246,Sofia Morales 8246,Ingenieria Administrativa,6,91.65,68185
8247,Pedro Castillo 8247,Ingenieria en Software,7,91.82,68222
8248,Elena Pineda 8248,Ingenieria Mecanica,8,91.99,68259
8249,Jorge Contreras 8249,Ingenieria en Sistemas,9,92.16,68296
8250,Valeria Barrios 8250,Ingenieria Industrial,10,92.33,68333
8251,Karla Gomez 8251,Ingenieria Civil,1,92.50,68370
8252,Diego Navarro 8252,Ingenieria Administrativa,2,92.67,68407
8253,Rosa Fuentes 8253,Ingenieria en Software,3,92.84,68444
8254,Mario Lemus 8254,Ingenieria Mecanica,4,93.01,68481
8255,Paola Ortiz 8255,Ingenieria en Sistemas,5,93.18,68518
8256,Sergio Aragon 8256,Ingenieria Industrial,6,93.35,68555
8257,Dulce Arana 8257,Ingenieria Civil,7,93.52,68592
8258,Nancy Chamalé 8258,Ingenieria Administrativa,8,93.69,68629
8259,Byron Castellanos 8259,Ingenieria en Software,9,93.86,68666
8260,Helen Conoz 8260,Ingenieria Mecanica,10,94.03,68703
8261,Juan Perez 8261,Ingenieria en Sistemas,1,94.20,68740
8262,Ana Lopez 8262,Ingenieria Industrial,2,94.37,68777
8263,Carlos Ruiz 8263,Ingenieria Civil,3,94.54,68814
8264,Maria Garcia 8264,Ingenieria Administrativa,4,94.71,68851
8265,Luis Hernandez 8265,Ingenieria en Software,5,94.88,68888
8266,Sofia Morales 8266,Ingenieria Mecanica,6,95.05,68925
8267,Pedro Castillo 8267,Ingenieria en Sistemas,7,95.22,68962
8268,Elena Pineda 8268,Ingenieria Industrial,8,95.39,68999
8269,Jorge Contreras 8269,Ingenieria Civil,9,95.56,69036
8270,Valeria Barrios 8270,Ingenieria Administrativa,10,95.73,69073
8271,Karla Gomez 8271,Ingenieria en Software,1,95.90,69110
8272,Diego Navarro 8272,Ingenieria Mecanica,2,96.07,69147
8273,Rosa Fuentes 8273,Ingenieria en Sistemas,3,96.24,69184
8274,Mario Lemus 8274,Ingenieria Industrial,4,96.41,69221
8275,Paola Ortiz 8275,Ingenieria Civil,5,96.58,69258
8276,Sergio Aragon 8276,Ingenieria Administrativa,6,96.75,69295
8277,Dulce Arana 8277,Ingenieria en Software,7,96.92,69332
8278,Nancy Chamalé 8278,Ingenieria Mecanica,8,97.09,69369
8279,Byron Castellanos 8279,Ingenieria en Sistemas,9,97.26,69406
8280,Helen Conoz 8280,Ingenieria Industrial,10,97.43,69443
8281,Juan Perez 8281,Ingenieria Civil,1,97.60,69480
8282,Ana Lopez 8282,Ingenieria Administrativa,2,97.77,69517
8283,Carlos Ruiz 8283,Ingenieria en Software,3,97.94,69554
8284,Maria Garcia 8284,Ingenieria Mecanica,4,98.11,69591
8285,Luis Hernandez 8285,Ingenieria en Sistemas,5,98.28,69628
8286,Sofia Morales 8286,Ingenieria Industrial,6,98.45,69665
8287,Pedro Castillo 8287,Ingenieria Civil,7,98.62,69702
8288,Elena Pineda 8288,Ingenieria Administrativa,8,98.79,69739
8289,Jorge Contreras 8289,Ingenieria en Software,9,98.96,69776
8290,Valeria Barrios 8290,Ingenieria Mecanica,10,99.13,69813
8291,Karla Gomez 8291,Ingenieria en Sistemas,1,99.30,69850
8292,Diego Navarro 8292,Ingenieria Industrial,2,99.47,69887
8293,Rosa Fuentes 8293,Ingenieria Civil,3,99.64,69924
8294,Mario Lemus 8294,Ingenieria Administrativa,4,99.81,69961
8295,Paola Ortiz 8295,Ingenieria en Software,5,99.98,69998
8296,Sergio Aragon 8296,Ingenieria Mecanica,6,60.15,70035
8297,Dulce Arana 8297,Ingenieria en Sistemas,7,60.32,70072
8298,Nancy Chamalé 8298,Ingenieria Industrial,8,60.49,70109
8299,Byron Castellanos 8299,Ingenieria Civil,9,60.66,70146
8300,Helen Conoz 8300,Ingenieria Administrativa,10,60.83,70183
8301,Juan Perez 8301,Ingenieria en Software,1,61.00,70220
8302,Ana Lopez 8302,Ingenieria Mecanica,2,61.17,70257
8303,Carlos Ruiz 8303,Ingenieria en Sistemas,3,61.34,70294
8304,Maria Garcia 8304,Ingenieria Industrial,4,61.51,70331
8305,Luis Hernandez 8305,Ingenieria Civil,5,61.68,70368
8306,Sofia Morales 8306,Ingenieria Administrativa,6,61.85,70405
8307,Pedro Castillo 8307,Ingenieria en Software,7,62.02,70442
8308,Elena Pineda 8308,Ingenieria Mecanica,8,62.19,70479
8309,Jorge Contreras 8309,Ingenieria en Sistemas,9,62.36,70516
8310,Valeria Barrios 8310,Ingenieria Industrial,10,62.53,70553
8311,Karla Gomez 8311,Ingenieria Civil,1,62.70,70590
8312,Diego Navarro 8312,Ingenieria Administrativa,2,62.87,70627
8313,Rosa Fuentes 8313,Ingenieria en Software,3,63.04,70664
8314,Mario Lemus 8314,Ingenieria Mecanica,4,63.21,70701
8315,Paola Ortiz 8315,Ingenieria en Sistemas,5,63.38,70738
8316,Sergio Aragon 8316,Ingenieria Industrial,6,63.55,70775
8317,Dulce Arana 8317,Ingenieria Civil,7,63.72,70812
8318,Nancy Chamalé 8318,Ingenieria Administrativa,8,63.89,70849
8319,Byron Castellanos 8319,Ingenieria en Software,9,64.06,70886
8320,Helen Conoz 8320,Ingenieria Mecanica,10,64.23,70923
8321,Juan Perez 8321,Ingenieria en Sistemas,1,64.40,70960
8322,Ana Lopez 8322,Ingenieria Industrial,2,64.57,70997
8323,Carlos Ruiz 8323,Ingenieria Civil,3,64.74,71034
8324,Maria Garcia 8324,Ingenieria Administrativa,4,64.91,71071
8325,Luis Hernandez 8325,Ingenieria en Software,5,65.08,71108
8326,Sofia Morales 8326,Ingenieria Mecanica,6,65.25,71145
8327,Pedro Castillo 8327,Ingenieria en Sistemas,7,65.42,71182
8328,Elena Pineda 8328,Ingenieria Industrial,8,65.59,71219
8329,Jorge Contreras 8329,Ingenieria Civil,9,65.76,71256
8330,Valeria Barrios 8330,Ingenieria Administrativa,10,65.93,71293
8331,Karla Gomez 8331,Ingenieria en Software,1,66.10,71330
8332,Diego Navarro 8332,Ingenieria Mecanica,2,66.27,71367
8333,Rosa Fuentes 8333,Ingenieria en Sistemas,3,66.44,71404
8334,Mario Lemus 8334,Ingenieria Industrial,4,66.61,71441
8335,Paola Ortiz 8335,Ingenieria Civil,5,66.78,71478
8336,Sergio Aragon 8336,Ingenieria Administrativa,6,66.95,71515
8337,Dulce Arana 8337,Ingenieria en Software,7,67.12,71552
8338,Nancy Chamalé 8338,Ingenieria Mecanica,8,67.29,71589
8339,Byron Castellanos 8339,Ingenieria en Sistemas,9,67.46,71626
8340,Helen Conoz 8340,Ingenieria Industrial,10,67.63,71663
8341,Juan Perez 8341,Ingenieria Civil,1,67.80,71700
8342,Ana Lopez 8342,Ingenieria Administrativa,2,67.97,71737
8343,Carlos Ruiz 8343,Ingenieria en Software,3,68.14,71774
8344,Maria Garcia 8344,Ingenieria Mecanica,4,68.31,71811
8345,Luis Hernandez 8345,Ingenieria en Sistemas,5,68.48,71848
8346,Sofia Morales 8346,Ingenieria Industrial,6,68.65,71885
8347,Pedro Castillo 8347,Ingenieria Civil,7,68.82,71922
8348,Elena Pineda 8348,Ingenieria Administrativa,8,68.99,71959
8349,Jorge Contreras 8349,Ingenieria en Software,9,69.16,71996
8350,Valeria Barrios 8350,Ingenieria Mecanica,10,69.33,72033
8351,Karla Gomez 8351,Ingenieria en Sistemas,1,69.50,72070
8352,Diego Navarro 8352,Ingenieria Industrial,2,69.67,72107
8353,Rosa Fuentes 8353,Ingenieria Civil,3,69.84,72144
8354,Mario Lemus 8354,Ingenieria Administrativa,4,70.01,72181
8355,Paola Ortiz 8355,Ingenieria en Software,5,70.18,72218
8356,Sergio Aragon 8356,Ingenieria Mecanica,6,70.35,72255
8357,Dulce Arana 8357,Ingenieria en Sistemas,7,70.52,72292
8358,Nancy Chamalé 8358,Ingenieria Industrial,8,70.69,72329
8359,Byron Castellanos 8359,Ingenieria Civil,9,70.86,72366
8360,Helen Conoz 8360,Ingenieria Administrativa,10,71.03,72403
8361,Juan Perez 8361,Ingenieria en Software,1,71.20,72440
8362,Ana Lopez 8362,Ingenieria Mecanica,2,71.37,72477
8363,Carlos Ruiz 8363,Ingenieria en Sistemas,3,71.54,72514
8364,Maria Garcia 8364,Ingenieria Industrial,4,71.71,72551
8365,Luis Hernandez 8365,Ingenieria Civil,5,71.88,72588
8366,Sofia Morales 8366,Ingenieria Administrativa,6,72.05,72625
8367,Pedro Castillo 8367,Ingenieria en Software,7,72.22,72662
8368,Elena Pineda 8368,Ingenieria Mecanica,8,72.39,72699
8369,Jorge Contreras 8369,Ingenieria en Sistemas,9,72.56,72736
8370,Valeria Barrios 8370,Ingenieria Industrial,10,72.73,72773
8371,Karla Gomez 8371,Ingenieria Civil,1,72.90,72810
8372,Diego Navarro 8372,Ingenieria Administrativa,2,73.07,72847
8373,Rosa Fuentes 8373,Ingenieria en Software,3,73.24,72884
8374,Mario Lemus 8374,Ingenieria Mecanica,4,73.41,72921
8375,Paola Ortiz 8375,Ingenieria en Sistemas,5,73.58,72958
8376,Sergio Aragon 8376,Ingenieria Industrial,6,73.75,72995
8377,Dulce Arana 8377,Ingenieria Civil,7,73.92,73032
8378,Nancy Chamalé 8378,Ingenieria Administrativa,8,74.09,73069
8379,Byron Castellanos 8379,Ingenieria en Software,9,74.26,73106
8380,Helen Conoz 8380,Ingenieria Mecanica,10,74.43,73143
8381,Juan Perez 8381,Ingenieria en Sistemas,1,74.60,73180
8382,Ana Lopez 8382,Ingenieria Industrial,2,74.77,73217
8383,Carlos Ruiz 8383,Ingenieria Civil,3,74.94,73254
8384,Maria Garcia 8384,Ingenieria Administrativa,4,75.11,73291
8385,Luis Hernandez 8385,Ingenieria en Software,5,75.28,73328
8386,Sofia Morales 8386,Ingenieria Mecanica,6,75.45,73365
8387,Pedro Castillo 8387,Ingenieria en Sistemas,7,75.62,73402
8388,Elena Pineda 8388,Ingenieria Industrial,8,75.79,73439
8389,Jorge Contreras 8389,Ingenieria Civil,9,75.96,73476
8390,Valeria Barrios 8390,Ingenieria Administrativa,10,76.13,73513
8391,Karla Gomez 8391,Ingenieria en Software,1,76.30,73550
8392,Diego Navarro 8392,Ingenieria Mecanica,2,76.47,73587
8393,Rosa Fuentes 8393,Ingenieria en Sistemas,3,76.64,73624
8394,Mario Lemus 8394,Ingenieria Industrial,4,76.81,73661
8395,Paola Ortiz 8395,Ingenieria Civil,5,76.98,73698
8396,Sergio Aragon 8396,Ingenieria Administrativa,6,77.15,73735
8397,Dulce Arana 8397,Ingenieria en Software,7,77.32,73772
8398,Nancy Chamalé 8398,Ingenieria Mecanica,8,77.49,73809
8399,Byron Castellanos 8399,Ingenieria en Sistemas,9,77.66,73846
8400,Helen Conoz 8400,Ingenieria Industrial,10,77.83,73883
8401,Juan Perez 8401,Ingenieria Civil,1,78.00,73920
8402,Ana Lopez 8402,Ingenieria Administrativa,2,78.17,73957
8403,Carlos Ruiz 8403,Ingenieria en Software,3,78.34,73994
8404,Maria Garcia 8404,Ingenieria Mecanica,4,78.51,74031
8405,Luis Hernandez 8405,Ingenieria en Sistemas,5,78.68,74068
8406,Sofia Morales 8406,Ingenieria Industrial,6,78.85,74105
8407,Pedro Castillo 8407,Ingenieria Civil,7,79.02,74142
8408,Elena Pineda 8408,Ingenieria Administrativa,8,79.19,74179
8409,Jorge Contreras 8409,Ingenieria en Software,9,79.36,74216
8410,Valeria Barrios 8410,Ingenieria Mecanica,10,79.53,74253
8411,Karla Gomez 8411,Ingenieria en Sistemas,1,79.70,74290
8412,Diego Navarro 8412,Ingenieria Industrial,2,79.87,74327
8413,Rosa Fuentes 8413,Ingenieria Civil,3,80.04,74364
8414,Mario Lemus 8414,Ingenieria Administrativa,4,80.21,74401
8415,Paola Ortiz 8415,Ingenieria en Software,5,80.38,74438
8416,Sergio Aragon 8416,Ingenieria Mecanica,6,80.55,74475
8417,Dulce Arana 8417,Ingenieria en Sistemas,7,80.72,74512
8418,Nancy Chamalé 8418,Ingenieria Industrial,8,80.89,74549
8419,Byron Castellanos 8419,Ingenieria Civil,9,81.06,74586
8420,Helen Conoz 8420,Ingenieria Administrativa,10,81.23,74623
8421,Juan Perez 8421,Ingenieria en Software,1,81.40,74660
8422,Ana Lopez 8422,Ingenieria Mecanica,2,81.57,74697
8423,Carlos Ruiz 8423,Ingenieria en Sistemas,3,81.74,74734
8424,Maria Garcia 8424,Ingenieria Industrial,4,81.91,74771
8425,Luis Hernandez 8425,Ingenieria Civil,5,82.08,74808
8426,Sofia Morales 8426,Ingenieria Administrativa,6,82.25,74845
8427,Pedro Castillo 8427,Ingenieria en Software,7,82.42,74882
8428,Elena Pineda 8428,Ingenieria Mecanica,8,82.59,74919
8429,Jorge Contreras 8429,Ingenieria en Sistemas,9,82.76,74956
8430,Valeria Barrios 8430,Ingenieria Industrial,10,82.93,74993
8431,Karla Gomez 8431,Ingenieria Civil,1,83.10,75030
8432,Diego Navarro 8432,Ingenieria Administrativa,2,83.27,75067
8433,Rosa Fuentes 8433,Ingenieria en Software,3,83.44,75104
8434,Mario Lemus 8434,Ingenieria Mecanica,4,83.61,75141
8435,Paola Ortiz 8435,Ingenieria en Sistemas,5,83.78,75178
8436,Sergio Aragon 8436,Ingenieria Industrial,6,83.95,75215
8437,Dulce Arana 8437,Ingenieria Civil,7,84.12,75252
8438,Nancy Chamalé 8438,Ingenieria Administrativa,8,84.29,75289
8439,Byron Castellanos 8439,Ingenieria en Software,9,84.46,75326
8440,Helen Conoz 8440,Ingenieria Mecanica,10,84.63,75363
8441,Juan Perez 8441,Ingenieria en Sistemas,1,84.80,75400
8442,Ana Lopez 8442,Ingenieria Industrial,2,84.97,75437
8443,Carlos Ruiz 8443,Ingenieria Civil,3,85.14,75474
8444,Maria Garcia 8444,Ingenieria Administrativa,4,85.31,75511
8445,Luis Hernandez 8445,Ingenieria en Software,5,85.48,75548
8446,Sofia Morales 8446,Ingenieria Mecanica,6,85.65,75585
8447,Pedro Castillo 8447,Ingenieria en Sistemas,7,85.82,75622
8448,Elena Pineda 8448,Ingenieria Industrial,8,85.99,75659
8449,Jorge Contreras 8449,Ingenieria Civil,9,86.16,75696
8450,Valeria Barrios 8450,Ingenieria Administrativa,10,86.33,75733
8451,Karla Gomez 8451,Ingenieria en Software,1,86.50,75770
8452,Diego Navarro 8452,Ingenieria Mecanica,2,86.67,75807
8453,Rosa Fuentes 8453,Ingenieria en Sistemas,3,86.84,75844
8454,Mario Lemus 8454,Ingenieria Industrial,4,87.01,75881
8455,Paola Ortiz 8455,Ingenieria Civil,5,87.18,75918
8456,Sergio Aragon 8456,Ingenieria Administrativa,6,87.35,75955
8457,Dulce Arana 8457,Ingenieria en Software,7,87.52,75992
8458,Nancy Chamalé 8458,Ingenieria Mecanica,8,87.69,76029
8459,Byron Castellanos 8459,Ingenieria en Sistemas,9,87.86,76066
8460,Helen Conoz 8460,Ingenieria Industrial,10,88.03,76103
8461,Juan Perez 8461,Ingenieria Civil,1,88.20,76140
8462,Ana Lopez 8462,Ingenieria Administrativa,2,88.37,76177
8463,Carlos Ruiz 8463,Ingenieria en Software,3,88.54,76214
8464,Maria Garcia 8464,Ingenieria Mecanica,4,88.71,76251
8465,Luis Hernandez 8465,Ingenieria en Sistemas,5,88.88,76288
8466,Sofia Morales 8466,Ingenieria Industrial,6,89.05,76325
8467,Pedro Castillo 8467,Ingenieria Civil,7,89.22,76362
8468,Elena Pineda 8468,Ingenieria Administrativa,8,89.39,76399
8469,Jorge Contreras 8469,Ingenieria en Software,9,89.56,76436
8470,Valeria Barrios 8470,Ingenieria Mecanica,10,89.73,76473
8471,Karla Gomez 8471,Ingenieria en Sistemas,1,89.90,76510
8472,Diego Navarro 8472,Ingenieria Industrial,2,90.07,76547
8473,Rosa Fuentes 8473,Ingenieria Civil,3,90.24,76584
8474,Mario Lemus 8474,Ingenieria Administrativa,4,90.41,76621
8475,Paola Ortiz 8475,Ingenieria en Software,5,90.58,76658
8476,Sergio Aragon 8476,Ingenieria Mecanica,6,90.75,76695
8477,Dulce Arana 8477,Ingenieria en Sistemas,7,90.92,76732
8478,Nancy Chamalé 8478,Ingenieria Industrial,8,91.09,76769
8479,Byron Castellanos 8479,Ingenieria Civil,9,91.26,76806
8480,Helen Conoz 8480,Ingenieria Administrativa,10,91.43,76843
8481,Juan Perez 8481,Ingenieria en Software,1,91.60,76880
8482,Ana Lopez 8482,Ingenieria Mecanica,2,91.77,76917
8483,Carlos Ruiz 8483,Ingenieria en Sistemas,3,91.94,76954
8484,Maria Garcia 8484,Ingenieria Industrial,4,92.11,76991
8485,Luis Hernandez 8485,Ingenieria Civil,5,92.28,77028
8486,Sofia Morales 8486,Ingenieria Administrativa,6,92.45,77065
8487,Pedro Castillo 8487,Ingenieria en Software,7,92.62,77102
8488,Elena Pineda 8488,Ingenieria Mecanica,8,92.79,77139
8489,Jorge Contreras 8489,Ingenieria en Sistemas,9,92.96,77176
8490,Valeria Barrios 8490,Ingenieria Industrial,10,93.13,77213
8491,Karla Gomez 8491,Ingenieria Civil,1,93.30,77250
8492,Diego Navarro 8492,Ingenieria Administrativa,2,93.47,77287
8493,Rosa Fuentes 8493,Ingenieria en Software,3,93.64,77324
8494,Mario Lemus 8494,Ingenieria Mecanica,4,93.81,77361
8495,Paola Ortiz 8495,Ingenieria en Sistemas,5,93.98,77398
8496,Sergio Aragon 8496,Ingenieria Industrial,6,94.15,77435
8497,Dulce Arana 8497,Ingenieria Civil,7,94.32,77472
8498,Nancy Chamalé 8498,Ingenieria Administrativa,8,94.49,77509
8499,Byron Castellanos 8499,Ingenieria en Software,9,94.66,77546
8500,Helen Conoz 8500,Ingenieria Mecanica,10,94.83,77583
8501,Juan Perez 8501,Ingenieria en Sistemas,1,95.00,77620
8502,Ana Lopez 8502,Ingenieria Industrial,2,95.17,77657
8503,Carlos Ruiz 8503,Ingenieria Civil,3,95.34,77694
8504,Maria Garcia 8504,Ingenieria Administrativa,4,95.51,77731
8505,Luis Hernandez 8505,Ingenieria en Software,5,95.68,77768
8506,Sofia Morales 8506,Ingenieria Mecanica,6,95.85,77805
8507,Pedro Castillo 8507,Ingenieria en Sistemas,7,96.02,77842
8508,Elena Pineda 8508,Ingenieria Industrial,8,96.19,77879
8509,Jorge Contreras 8509,Ingenieria Civil,9,96.36,77916
8510,Valeria Barrios 8510,Ingenieria Administrativa,10,96.53,77953
8511,Karla Gomez 8511,Ingenieria en Software,1,96.70,77990
8512,Diego Navarro 8512,Ingenieria Mecanica,2,96.87,78027
8513,Rosa Fuentes 8513,Ingenieria en Sistemas,3,97.04,78064
8514,Mario Lemus 8514,Ingenieria Industrial,4,97.21,78101
8515,Paola Ortiz 8515,Ingenieria Civil,5,97.38,78138
8516,Sergio Aragon 8516,Ingenieria Administrativa,6,97.55,78175
8517,Dulce Arana 8517,Ingenieria en Software,7,97.72,78212
8518,Nancy Chamalé 8518,Ingenieria Mecanica,8,97.89,78249
8519,Byron Castellanos 8519,Ingenieria en Sistemas,9,98.06,78286
8520,Helen Conoz 8520,Ingenieria Industrial,10,98.23,78323
8521,Juan Perez 8521,Ingenieria Civil,1,98.40,78360
8522,Ana Lopez 8522,Ingenieria Administrativa,2,98.57,78397
8523,Carlos Ruiz 8523,Ingenieria en Software,3,98.74,78434
8524,Maria Garcia 8524,Ingenieria Mecanica,4,98.91,78471
8525,Luis Hernandez 8525,Ingenieria en Sistemas,5,99.08,78508
8526,Sofia Morales 8526,Ingenieria Industrial,6,99.25,78545
8527,Pedro Castillo 8527,Ingenieria Civil,7,99.42,78582
8528,Elena Pineda 8528,Ingenieria Administrativa,8,99.59,78619
8529,Jorge Contreras 8529,Ingenieria en Software,9,99.76,78656
8530,Valeria Barrios 8530,Ingenieria Mecanica,10,99.93,78693
8531,Karla Gomez 8531,Ingenieria en Sistemas,1,60.10,78730
8532,Diego Navarro 8532,Ingenieria Industrial,2,60.27,78767
8533,Rosa Fuentes 8533,Ingenieria Civil,3,60.44,78804
8534,Mario Lemus 8534,Ingenieria Administrativa,4,60.61,78841
8535,Paola Ortiz 8535,Ingenieria en Software,5,60.78,78878
8536,Sergio Aragon 8536,Ingenieria Mecanica,6,60.95,78915
8537,Dulce Arana 8537,Ingenieria en Sistemas,7,61.12,78952
8538,Nancy Chamalé 8538,Ingenieria Industrial,8,61.29,78989
8539,Byron Castellanos 8539,Ingenieria Civil,9,61.46,79026
8540,Helen Conoz 8540,Ingenieria Administrativa,10,61.63,79063
8541,Juan Perez 8541,Ingenieria en Software,1,61.80,79100
8542,Ana Lopez 8542,Ingenieria Mecanica,2,61.97,79137
8543,Carlos Ruiz 8543,Ingenieria en Sistemas,3,62.14,79174
8544,Maria Garcia 8544,Ingenieria Industrial,4,62.31,79211
8545,Luis Hernandez 8545,Ingenieria Civil,5,62.48,79248
8546,Sofia Morales 8546,Ingenieria Administrativa,6,62.65,79285
8547,Pedro Castillo 8547,Ingenieria en Software,7,62.82,79322
8548,Elena Pineda 8548,Ingenieria Mecanica,8,62.99,79359
8549,Jorge Contreras 8549,Ingenieria en Sistemas,9,63.16,79396
8550,Valeria Barrios 8550,Ingenieria Industrial,10,63.33,79433
8551,Karla Gomez 8551,Ingenieria Civil,1,63.50,79470
8552,Diego Navarro 8552,Ingenieria Administrativa,2,63.67,79507
8553,Rosa Fuentes 8553,Ingenieria en Software,3,63.84,79544
8554,Mario Lemus 8554,Ingenieria Mecanica,4,64.01,79581
8555,Paola Ortiz 8555,Ingenieria en Sistemas,5,64.18,79618
8556,Sergio Aragon 8556,Ingenieria Industrial,6,64.35,79655
8557,Dulce Arana 8557,Ingenieria Civil,7,64.52,79692
8558,Nancy Chamalé 8558,Ingenieria Administrativa,8,64.69,79729
8559,Byron Castellanos 8559,Ingenieria en Software,9,64.86,79766
8560,Helen Conoz 8560,Ingenieria Mecanica,10,65.03,79803
8561,Juan Perez 8561,Ingenieria en Sistemas,1,65.20,79840
8562,Ana Lopez 8562,Ingenieria Industrial,2,65.37,79877
8563,Carlos Ruiz 8563,Ingenieria Civil,3,65.54,79914
8564,Maria Garcia 8564,Ingenieria Administrativa,4,65.71,79951
8565,Luis Hernandez 8565,Ingenieria en Software,5,65.88,79988
8566,Sofia Morales 8566,Ingenieria Mecanica,6,66.05,80025
8567,Pedro Castillo 8567,Ingenieria en Sistemas,7,66.22,80062
8568,Elena Pineda 8568,Ingenieria Industrial,8,66.39,80099
8569,Jorge Contreras 8569,Ingenieria Civil,9,66.56,80136
8570,Valeria Barrios 8570,Ingenieria Administrativa,10,66.73,80173
8571,Karla Gomez 8571,Ingenieria en Software,1,66.90,80210
8572,Diego Navarro 8572,Ingenieria Mecanica,2,67.07,80247
8573,Rosa Fuentes 8573,Ingenieria en Sistemas,3,67.24,80284
8574,Mario Lemus 8574,Ingenieria Industrial,4,67.41,80321
8575,Paola Ortiz 8575,Ingenieria Civil,5,67.58,80358
8576,Sergio Aragon 8576,Ingenieria Administrativa,6,67.75,80395
8577,Dulce Arana 8577,Ingenieria en Software,7,67.92,80432
8578,Nancy Chamalé 8578,Ingenieria Mecanica,8,68.09,80469
8579,Byron Castellanos 8579,Ingenieria en Sistemas,9,68.26,80506
8580,Helen Conoz 8580,Ingenieria Industrial,10,68.43,80543
8581,Juan Perez 8581,Ingenieria Civil,1,68.60,80580
8582,Ana Lopez 8582,Ingenieria Administrativa,2,68.77,80617
8583,Carlos Ruiz 8583,Ingenieria en Software,3,68.94,80654
8584,Maria Garcia 8584,Ingenieria Mecanica,4,69.11,80691
8585,Luis Hernandez 8585,Ingenieria en Sistemas,5,69.28,80728
8586,Sofia Morales 8586,Ingenieria Industrial,6,69.45,80765
8587,Pedro Castillo 8587,Ingenieria Civil,7,69.62,80802
8588,Elena Pineda 8588,Ingenieria Administrativa,8,69.79,80839
8589,Jorge Contreras 8589,Ingenieria en Software,9,69.96,80876
8590,Valeria Barrios 8590,Ingenieria Mecanica,10,70.13,80913
8591,Karla Gomez 8591,Ingenieria en Sistemas,1,70.30,80950
8592,Diego Navarro 8592,Ingenieria Industrial,2,70.47,80987
8593,Rosa Fuentes 8593,Ingenieria Civil,3,70.64,81024
8594,Mario Lemus 8594,Ingenieria Administrativa,4,70.81,81061
8595,Paola Ortiz 8595,Ingenieria en Software,5,70.98,81098
8596,Sergio Aragon 8596,Ingenieria Mecanica,6,71.15,81135
8597,Dulce Arana 8597,Ingenieria en Sistemas,7,71.32,81172
8598,Nancy Chamalé 8598,Ingenieria Industrial,8,71.49,81209
8599,Byron Castellanos 8599,Ingenieria Civil,9,71.66,81246
8600,Helen Conoz 8600,Ingenieria Administrativa,10,71.83,81283
8601,Juan Perez 8601,Ingenieria en Software,1,72.00,81320
8602,Ana Lopez 8602,Ingenieria Mecanica,2,72.17,81357
8603,Carlos Ruiz 8603,Ingenieria en Sistemas,3,72.34,81394
8604,Maria Garcia 8604,Ingenieria Industrial,4,72.51,81431
8605,Luis Hernandez 8605,Ingenieria Civil,5,72.68,81468
8606,Sofia Morales 8606,Ingenieria Administrativa,6,72.85,81505
8607,Pedro Castillo 8607,Ingenieria en Software,7,73.02,81542
8608,Elena Pineda 8608,Ingenieria Mecanica,8,73.19,81579
8609,Jorge Contreras 8609,Ingenieria en Sistemas,9,73.36,81616
8610,Valeria Barrios 8610,Ingenieria Industrial,10,73.53,81653
8611,Karla Gomez 8611,Ingenieria Civil,1,73.70,81690
8612,Diego Navarro 8612,Ingenieria Administrativa,2,73.87,81727
8613,Rosa Fuentes 8613,Ingenieria en Software,3,74.04,81764
8614,Mario Lemus 8614,Ingenieria Mecanica,4,74.21,81801
8615,Paola Ortiz 8615,Ingenieria en Sistemas,5,74.38,81838
8616,Sergio Aragon 8616,Ingenieria Industrial,6,74.55,81875
8617,Dulce Arana 8617,Ingenieria Civil,7,74.72,81912
8618,Nancy Chamalé 8618,Ingenieria Administrativa,8,74.89,81949
8619,Byron Castellanos 8619,Ingenieria en Software,9,75.06,81986
8620,Helen Conoz 8620,Ingenieria Mecanica,10,75.23,82023
8621,Juan Perez 8621,Ingenieria en Sistemas,1,75.40,82060
8622,Ana Lopez 8622,Ingenieria Industrial,2,75.57,82097
8623,Carlos Ruiz 8623,Ingenieria Civil,3,75.74,82134
8624,Maria Garcia 8624,Ingenieria Administrativa,4,75.91,82171
8625,Luis Hernandez 8625,Ingenieria en Software,5,76.08,82208
8626,Sofia Morales 8626,Ingenieria Mecanica,6,76.25,82245
8627,Pedro Castillo 8627,Ingenieria en Sistemas,7,76.42,82282
8628,Elena Pineda 8628,Ingenieria Industrial,8,76.59,82319
8629,Jorge Contreras 8629,Ingenieria Civil,9,76.76,82356
8630,Valeria Barrios 8630,Ingenieria Administrativa,10,76.93,82393
8631,Karla Gomez 8631,Ingenieria en Software,1,77.10,82430
8632,Diego Navarro 8632,Ingenieria Mecanica,2,77.27,82467
8633,Rosa Fuentes 8633,Ingenieria en Sistemas,3,77.44,82504
8634,Mario Lemus 8634,Ingenieria Industrial,4,77.61,82541
8635,Paola Ortiz 8635,Ingenieria Civil,5,77.78,82578
8636,Sergio Aragon 8636,Ingenieria Administrativa,6,77.95,82615
8637,Dulce Arana 8637,Ingenieria en Software,7,78.12,82652
8638,Nancy Chamalé 8638,Ingenieria Mecanica,8,78.29,82689
8639,Byron Castellanos 8639,Ingenieria en Sistemas,9,78.46,82726
8640,Helen Conoz 8640,Ingenieria Industrial,10,78.63,82763
8641,Juan Perez 8641,Ingenieria Civil,1,78.80,82800
8642,Ana Lopez 8642,Ingenieria Administrativa,2,78.97,82837
8643,Carlos Ruiz 8643,Ingenieria en Software,3,79.14,82874
8644,Maria Garcia 8644,Ingenieria Mecanica,4,79.31,82911
8645,Luis Hernandez 8645,Ingenieria en Sistemas,5,79.48,82948
8646,Sofia Morales 8646,Ingenieria Industrial,6,79.65,82985
8647,Pedro Castillo 8647,Ingenieria Civil,7,79.82,83022
8648,Elena Pineda 8648,Ingenieria Administrativa,8,79.99,83059
8649,Jorge Contreras 8649,Ingenieria en Software,9,80.16,83096
8650,Valeria Barrios 8650,Ingenieria Mecanica,10,80.33,83133
8651,Karla Gomez 8651,Ingenieria en Sistemas,1,80.50,83170
8652,Diego Navarro 8652,Ingenieria Industrial,2,80.67,83207
8653,Rosa Fuentes 8653,Ingenieria Civil,3,80.84,83244
8654,Mario Lemus 8654,Ingenieria Administrativa,4,81.01,83281
8655,Paola Ortiz 8655,Ingenieria en Software,5,81.18,83318
8656,Sergio Aragon 8656,Ingenieria Mecanica,6,81.35,83355
8657,Dulce Arana 8657,Ingenieria en Sistemas,7,81.52,83392
8658,Nancy Chamalé 8658,Ingenieria Industrial,8,81.69,83429
8659,Byron Castellanos 8659,Ingenieria Civil,9,81.86,83466
8660,Helen Conoz 8660,Ingenieria Administrativa,10,82.03,83503
8661,Juan Perez 8661,Ingenieria en Software,1,82.20,83540
8662,Ana Lopez 8662,Ingenieria Mecanica,2,82.37,83577
8663,Carlos Ruiz 8663,Ingenieria en Sistemas,3,82.54,83614
8664,Maria Garcia 8664,Ingenieria Industrial,4,82.71,83651
8665,Luis Hernandez 8665,Ingenieria Civil,5,82.88,83688
8666,Sofia Morales 8666,Ingenieria Administrativa,6,83.05,83725
8667,Pedro Castillo 8667,Ingenieria en Software,7,83.22,83762
8668,Elena Pineda 8668,Ingenieria Mecanica,8,83.39,83799
8669,Jorge Contreras 8669,Ingenieria en Sistemas,9,83.56,83836
8670,Valeria Barrios 8670,Ingenieria Industrial,10,83.73,83873
8671,Karla Gomez 8671,Ingenieria Civil,1,83.90,83910
8672,Diego Navarro 8672,Ingenieria Administrativa,2,84.07,83947
8673,Rosa Fuentes 8673,Ingenieria en Software,3,84.24,83984
8674,Mario Lemus 8674,Ingenieria Mecanica,4,84.41,84021
8675,Paola Ortiz 8675,Ingenieria en Sistemas,5,84.58,84058
8676,Sergio Aragon 8676,Ingenieria Industrial,6,84.75,84095
8677,Dulce Arana 8677,Ingenieria Civil,7,84.92,84132
8678,Nancy Chamalé 8678,Ingenieria Administrativa,8,85.09,84169
8679,Byron Castellanos 8679,Ingenieria en Software,9,85.26,84206
8680,Helen Conoz 8680,Ingenieria Mecanica,10,85.43,84243
8681,Juan Perez 8681,Ingenieria en Sistemas,1,85.60,84280
8682,Ana Lopez 8682,Ingenieria Industrial,2,85.77,84317
8683,Carlos Ruiz 8683,Ingenieria Civil,3,85.94,84354
8684,Maria Garcia 8684,Ingenieria Administrativa,4,86.11,84391
8685,Luis Hernandez 8685,Ingenieria en Software,5,86.28,84428
8686,Sofia Morales 8686,Ingenieria Mecanica,6,86.45,84465
8687,Pedro Castillo 8687,Ingenieria en Sistemas,7,86.62,84502
8688,Elena Pineda 8688,Ingenieria Industrial,8,86.79,84539
8689,Jorge Contreras 8689,Ingenieria Civil,9,86.96,84576
8690,Valeria Barrios 8690,Ingenieria Administrativa,10,87.13,84613
8691,Karla Gomez 8691,Ingenieria en Software,1,87.30,84650
8692,Diego Navarro 8692,Ingenieria Mecanica,2,87.47,84687
8693,Rosa Fuentes 8693,Ingenieria en Sistemas,3,87.64,84724
8694,Mario Lemus 8694,Ingenieria Industrial,4,87.81,84761
8695,Paola Ortiz 8695,Ingenieria Civil,5,87.98,84798
8696,Sergio Aragon 8696,Ingenieria Administrativa,6,88.15,84835
8697,Dulce Arana 8697,Ingenieria en Software,7,88.32,84872
8698,Nancy Chamalé 8698,Ingenieria Mecanica,8,88.49,84909
8699,Byron Castellanos 8699,Ingenieria en Sistemas,9,88.66,84946
8700,Helen Conoz 8700,Ingenieria Industrial,10,88.83,84983
8701,Juan Perez 8701,Ingenieria Civil,1,89.00,85020
8702,Ana Lopez 8702,Ingenieria Administrativa,2,89.17,85057
8703,Carlos Ruiz 8703,Ingenieria en Software,3,89.34,85094
8704,Maria Garcia 8704,Ingenieria Mecanica,4,89.51,85131
8705,Luis Hernandez 8705,Ingenieria en Sistemas,5,89.68,85168
8706,Sofia Morales 8706,Ingenieria Industrial,6,89.85,85205
8707,Pedro Castillo 8707,Ingenieria Civil,7,90.02,85242
8708,Elena Pineda 8708,Ingenieria Administrativa,8,90.19,85279
8709,Jorge Contreras 8709,Ingenieria en Software,9,90.36,85316
8710,Valeria Barrios 8710,Ingenieria Mecanica,10,90.53,85353
8711,Karla Gomez 8711,Ingenieria en Sistemas,1,90.70,85390
8712,Diego Navarro 8712,Ingenieria Industrial,2,90.87,85427
8713,Rosa Fuentes 8713,Ingenieria Civil,3,91.04,85464
8714,Mario Lemus 8714,Ingenieria Administrativa,4,91.21,85501
8715,Paola Ortiz 8715,Ingenieria en Software,5,91.38,85538
8716,Sergio Aragon 8716,Ingenieria Mecanica,6,91.55,85575
8717,Dulce Arana 8717,Ingenieria en Sistemas,7,91.72,85612
8718,Nancy Chamalé 8718,Ingenieria Industrial,8,91.89,85649
8719,Byron Castellanos 8719,Ingenieria Civil,9,92.06,85686
8720,Helen Conoz 8720,Ingenieria Administrativa,10,92.23,85723
8721,Juan Perez 8721,Ingenieria en Software,1,92.40,85760
8722,Ana Lopez 8722,Ingenieria Mecanica,2,92.57,85797
8723,Carlos Ruiz 8723,Ingenieria en Sistemas,3,92.74,85834
8724,Maria Garcia 8724,Ingenieria Industrial,4,92.91,85871
8725,Luis Hernandez 8725,Ingenieria Civil,5,93.08,85908
8726,Sofia Morales 8726,Ingenieria Administrativa,6,93.25,85945
8727,Pedro Castillo 8727,Ingenieria en Software,7,93.42,85982
8728,Elena Pineda 8728,Ingenieria Mecanica,8,93.59,86019
8729,Jorge Contreras 8729,Ingenieria en Sistemas,9,93.76,86056
8730,Valeria Barrios 8730,Ingenieria Industrial,10,93.93,86093
8731,Karla Gomez 8731,Ingenieria Civil,1,94.10,86130
8732,Diego Navarro 8732,Ingenieria Administrativa,2,94.27,86167
8733,Rosa Fuentes 8733,Ingenieria en Software,3,94.44,86204
8734,Mario Lemus 8734,Ingenieria Mecanica,4,94.61,86241
8735,Paola Ortiz 8735,Ingenieria en Sistemas,5,94.78,86278
8736,Sergio Aragon 8736,Ingenieria Industrial,6,94.95,86315
8737,Dulce Arana 8737,Ingenieria Civil,7,95.12,86352
8738,Nancy Chamalé 8738,Ingenieria Administrativa,8,95.29,86389
8739,Byron Castellanos 8739,Ingenieria en Software,9,95.46,86426
8740,Helen Conoz 8740,Ingenieria Mecanica,10,95.63,86463
8741,Juan Perez 8741,Ingenieria en Sistemas,1,95.80,86500
8742,Ana Lopez 8742,Ingenieria Industrial,2,95.97,86537
8743,Carlos Ruiz 8743,Ingenieria Civil,3,96.14,86574
8744,Maria Garcia 8744,Ingenieria Administrativa,4,96.31,86611
8745,Luis Hernandez 8745,Ingenieria en Software,5,96.48,86648
8746,Sofia Morales 8746,Ingenieria Mecanica,6,96.65,86685
8747,Pedro Castillo 8747,Ingenieria en Sistemas,7,96.82,86722
8748,Elena Pineda 8748,Ingenieria Industrial,8,96.99,86759
8749,Jorge Contreras 8749,Ingenieria Civil,9,97.16,86796
8750,Valeria Barrios 8750,Ingenieria Administrativa,10,97.33,86833
8751,Karla Gomez 8751,Ingenieria en Software,1,97.50,86870
8752,Diego Navarro 8752,Ingenieria Mecanica,2,97.67,86907
8753,Rosa Fuentes 8753,Ingenieria en Sistemas,3,97.84,86944
8754,Mario Lemus 8754,Ingenieria Industrial,4,98.01,86981
8755,Paola Ortiz 8755,Ingenieria Civil,5,98.18,87018
8756,Sergio Aragon 8756,Ingenieria Administrativa,6,98.35,87055
8757,Dulce Arana 8757,Ingenieria en Software,7,98.52,87092
8758,Nancy Chamalé 8758,Ingenieria Mecanica,8,98.69,87129
8759,Byron Castellanos 8759,Ingenieria en Sistemas,9,98.86,87166
8760,Helen Conoz 8760,Ingenieria Industrial,10,99.03,87203
8761,Juan Perez 8761,Ingenieria Civil,1,99.20,87240
8762,Ana Lopez 8762,Ingenieria Administrativa,2,99.37,87277
8763,Carlos Ruiz 8763,Ingenieria en Software,3,99.54,87314
8764,Maria Garcia 8764,Ingenieria Mecanica,4,99.71,87351
8765,Luis Hernandez 8765,Ingenieria en Sistemas,5,99.88,87388
8766,Sofia Morales 8766,Ingenieria Industrial,6,60.05,87425
8767,Pedro Castillo 8767,Ingenieria Civil,7,60.22,87462
8768,Elena Pineda 8768,Ingenieria Administrativa,8,60.39,87499
8769,Jorge Contreras 8769,Ingenieria en Software,9,60.56,87536
8770,Valeria Barrios 8770,Ingenieria Mecanica,10,60.73,87573
8771,Karla Gomez 8771,Ingenieria en Sistemas,1,60.90,87610
8772,Diego Navarro 8772,Ingenieria Industrial,2,61.07,87647
8773,Rosa Fuentes 8773,Ingenieria Civil,3,61.24,87684
8774,Mario Lemus 8774,Ingenieria Administrativa,4,61.41,87721
8775,Paola Ortiz 8775,Ingenieria en Software,5,61.58,87758
8776,Sergio Aragon 8776,Ingenieria Mecanica,6,61.75,87795
8777,Dulce Arana 8777,Ingenieria en Sistemas,7,61.92,87832
8778,Nancy Chamalé 8778,Ingenieria Industrial,8,62.09,87869
8779,Byron Castellanos 8779,Ingenieria Civil,9,62.26,87906
8780,Helen Conoz 8780,Ingenieria Administrativa,10,62.43,87943
8781,Juan Perez 8781,Ingenieria en Software,1,62.60,87980
8782,Ana Lopez 8782,Ingenieria Mecanica,2,62.77,88017
8783,Carlos Ruiz 8783,Ingenieria en Sistemas,3,62.94,88054
8784,Maria Garcia 8784,Ingenieria Industrial,4,63.11,88091
8785,Luis Hernandez 8785,Ingenieria Civil,5,63.28,88128
8786,Sofia Morales 8786,Ingenieria Administrativa,6,63.45,88165
8787,Pedro Castillo 8787,Ingenieria en Software,7,63.62,88202
8788,Elena Pineda 8788,Ingenieria Mecanica,8,63.79,88239
8789,Jorge Contreras 8789,Ingenieria en Sistemas,9,63.96,88276
8790,Valeria Barrios 8790,Ingenieria Industrial,10,64.13,88313
8791,Karla Gomez 8791,Ingenieria Civil,1,64.30,88350
8792,Diego Navarro 8792,Ingenieria Administrativa,2,64.47,88387
8793,Rosa Fuentes 8793,Ingenieria en Software,3,64.64,88424
8794,Mario Lemus 8794,Ingenieria Mecanica,4,64.81,88461
8795,Paola Ortiz 8795,Ingenieria en Sistemas,5,64.98,88498
8796,Sergio Aragon 8796,Ingenieria Industrial,6,65.15,88535
8797,Dulce Arana 8797,Ingenieria Civil,7,65.32,88572
8798,Nancy Chamalé 8798,Ingenieria Administrativa,8,65.49,88609
8799,Byron Castellanos 8799,Ingenieria en Software,9,65.66,88646
8800,Helen Conoz 8800,Ingenieria Mecanica,10,65.83,88683
8801,Juan Perez 8801,Ingenieria en Sistemas,1,66.00,88720
8802,Ana Lopez 8802,Ingenieria Industrial,2,66.17,88757
8803,Carlos Ruiz 8803,Ingenieria Civil,3,66.34,88794
8804,Maria Garcia 8804,Ingenieria Administrativa,4,66.51,88831
8805,Luis Hernandez 8805,Ingenieria en Software,5,66.68,88868
8806,Sofia Morales 8806,Ingenieria Mecanica,6,66.85,88905
8807,Pedro Castillo 8807,Ingenieria en Sistemas,7,67.02,88942
8808,Elena Pineda 8808,Ingenieria Industrial,8,67.19,88979
8809,Jorge Contreras 8809,Ingenieria Civil,9,67.36,89016
8810,Valeria Barrios 8810,Ingenieria Administrativa,10,67.53,89053
8811,Karla Gomez 8811,Ingenieria en Software,1,67.70,89090
8812,Diego Navarro 8812,Ingenieria Mecanica,2,67.87,89127
8813,Rosa Fuentes 8813,Ingenieria en Sistemas,3,68.04,89164
8814,Mario Lemus 8814,Ingenieria Industrial,4,68.21,89201
8815,Paola Ortiz 8815,Ingenieria Civil,5,68.38,89238
8816,Sergio Aragon 8816,Ingenieria Administrativa,6,68.55,89275
8817,Dulce Arana 8817,Ingenieria en Software,7,68.72,89312
8818,Nancy Chamalé 8818,Ingenieria Mecanica,8,68.89,89349
8819,Byron Castellanos 8819,Ingenieria en Sistemas,9,69.06,89386
8820,Helen Conoz 8820,Ingenieria Industrial,10,69.23,89423
8821,Juan Perez 8821,Ingenieria Civil,1,69.40,89460
8822,Ana Lopez 8822,Ingenieria Administrativa,2,69.57,89497
8823,Carlos Ruiz 8823,Ingenieria en Software,3,69.74,89534
8824,Maria Garcia 8824,Ingenieria Mecanica,4,69.91,89571
8825,Luis Hernandez 8825,Ingenieria en Sistemas,5,70.08,89608
8826,Sofia Morales 8826,Ingenieria Industrial,6,70.25,89645
8827,Pedro Castillo 8827,Ingenieria Civil,7,70.42,89682
8828,Elena Pineda 8828,Ingenieria Administrativa,8,70.59,89719
8829,Jorge Contreras 8829,Ingenieria en Software,9,70.76,89756
8830,Valeria Barrios 8830,Ingenieria Mecanica,10,70.93,89793
8831,Karla Gomez 8831,Ingenieria en Sistemas,1,71.10,89830
8832,Diego Navarro 8832,Ingenieria Industrial,2,71.27,89867
8833,Rosa Fuentes 8833,Ingenieria Civil,3,71.44,89904
8834,Mario Lemus 8834,Ingenieria Administrativa,4,71.61,89941
8835,Paola Ortiz 8835,Ingenieria en Software,5,71.78,89978
8836,Sergio Aragon 8836,Ingenieria Mecanica,6,71.95,90015
8837,Dulce Arana 8837,Ingenieria en Sistemas,7,72.12,90052
8838,Nancy Chamalé 8838,Ingenieria Industrial,8,72.29,90089
8839,Byron Castellanos 8839,Ingenieria Civil,9,72.46,90126
8840,Helen Conoz 8840,Ingenieria Administrativa,10,72.63,90163
8841,Juan Perez 8841,Ingenieria en Software,1,72.80,90200
8842,Ana Lopez 8842,Ingenieria Mecanica,2,72.97,90237
8843,Carlos Ruiz 8843,Ingenieria en Sistemas,3,73.14,90274
8844,Maria Garcia 8844,Ingenieria Industrial,4,73.31,90311
8845,Luis Hernandez 8845,Ingenieria Civil,5,73.48,90348
8846,Sofia Morales 8846,Ingenieria Administrativa,6,73.65,90385
8847,Pedro Castillo 8847,Ingenieria en Software,7,73.82,90422
8848,Elena Pineda 8848,Ingenieria Mecanica,8,73.99,90459
8849,Jorge Contreras 8849,Ingenieria en Sistemas,9,74.16,90496
8850,Valeria Barrios 8850,Ingenieria Industrial,10,74.33,90533
8851,Karla Gomez 8851,Ingenieria Civil,1,74.50,90570
8852,Diego Navarro 8852,Ingenieria Administrativa,2,74.67,90607
8853,Rosa Fuentes 8853,Ingenieria en Software,3,74.84,90644
8854,Mario Lemus 8854,Ingenieria Mecanica,4,75.01,90681
8855,Paola Ortiz 8855,Ingenieria en Sistemas,5,75.18,90718
8856,Sergio Aragon 8856,Ingenieria Industrial,6,75.35,90755
8857,Dulce Arana 8857,Ingenieria Civil,7,75.52,90792
8858,Nancy Chamalé 8858,Ingenieria Administrativa,8,75.69,90829
8859,Byron Castellanos 8859,Ingenieria en Software,9,75.86,90866
8860,Helen Conoz 8860,Ingenieria Mecanica,10,76.03,90903
8861,Juan Perez 8861,Ingenieria en Sistemas,1,76.20,90940
8862,Ana Lopez 8862,Ingenieria Industrial,2,76.37,90977
8863,Carlos Ruiz 8863,Ingenieria Civil,3,76.54,91014
8864,Maria Garcia 8864,Ingenieria Administrativa,4,76.71,91051
8865,Luis Hernandez 8865,Ingenieria en Software,5,76.88,91088
8866,Sofia Morales 8866,Ingenieria Mecanica,6,77.05,91125
8867,Pedro Castillo 8867,Ingenieria en Sistemas,7,77.22,91162
8868,Elena Pineda 8868,Ingenieria Industrial,8,77.39,91199
8869,Jorge Contreras 8869,Ingenieria Civil,9,77.56,91236
8870,Valeria Barrios 8870,Ingenieria Administrativa,10,77.73,91273
8871,Karla Gomez 8871,Ingenieria en Software,1,77.90,91310
8872,Diego Navarro 8872,Ingenieria Mecanica,2,78.07,91347
8873,Rosa Fuentes 8873,Ingenieria en Sistemas,3,78.24,91384
8874,Mario Lemus 8874,Ingenieria Industrial,4,78.41,91421
8875,Paola Ortiz 8875,Ingenieria Civil,5,78.58,91458
8876,Sergio Aragon 8876,Ingenieria Administrativa,6,78.75,91495
8877,Dulce Arana 8877,Ingenieria en Software,7,78.92,91532
8878,Nancy Chamalé 8878,Ingenieria Mecanica,8,79.09,91569
8879,Byron Castellanos 8879,Ingenieria en Sistemas,9,79.26,91606
8880,Helen Conoz 8880,Ingenieria Industrial,10,79.43,91643
8881,Juan Perez 8881,Ingenieria Civil,1,79.60,91680
8882,Ana Lopez 8882,Ingenieria Administrativa,2,79.77,91717
8883,Carlos Ruiz 8883,Ingenieria en Software,3,79.94,91754
8884,Maria Garcia 8884,Ingenieria Mecanica,4,80.11,91791
8885,Luis Hernandez 8885,Ingenieria en Sistemas,5,80.28,91828
8886,Sofia Morales 8886,Ingenieria Industrial,6,80.45,91865
8887,Pedro Castillo 8887,Ingenieria Civil,7,80.62,91902
8888,Elena Pineda 8888,Ingenieria Administrativa,8,80.79,91939
8889,Jorge Contreras 8889,Ingenieria en Software,9,80.96,91976
8890,Valeria Barrios 8890,Ingenieria Mecanica,10,81.13,92013
8891,Karla Gomez 8891,Ingenieria en Sistemas,1,81.30,92050
8892,Diego Navarro 8892,Ingenieria Industrial,2,81.47,92087
8893,Rosa Fuentes 8893,Ingenieria Civil,3,81.64,92124
8894,Mario Lemus 8894,Ingenieria Administrativa,4,81.81,92161
8895,Paola Ortiz 8895,Ingenieria en Software,5,81.98,92198
8896,Sergio Aragon 8896,Ingenieria Mecanica,6,82.15,92235
8897,Dulce Arana 8897,Ingenieria en Sistemas,7,82.32,92272
8898,Nancy Chamalé 8898,Ingenieria Industrial,8,82.49,92309
8899,Byron Castellanos 8899,Ingenieria Civil,9,82.66,92346
8900,Helen Conoz 8900,Ingenieria Administrativa,10,82.83,92383
8901,Juan Perez 8901,Ingenieria en Software,1,83.00,92420
8902,Ana Lopez 8902,Ingenieria Mecanica,2,83.17,92457
8903,Carlos Ruiz 8903,Ingenieria en Sistemas,3,83.34,92494
8904,Maria Garcia 8904,Ingenieria Industrial,4,83.51,92531
8905,Luis Hernandez 8905,Ingenieria Civil,5,83.68,92568
8906,Sofia Morales 8906,Ingenieria Administrativa,6,83.85,92605
8907,Pedro Castillo 8907,Ingenieria en Software,7,84.02,92642
8908,Elena Pineda 8908,Ingenieria Mecanica,8,84.19,92679
8909,Jorge Contreras 8909,Ingenieria en Sistemas,9,84.36,92716
8910,Valeria Barrios 8910,Ingenieria Industrial,10,84.53,92753
8911,Karla Gomez 8911,Ingenieria Civil,1,84.70,92790
8912,Diego Navarro 8912,Ingenieria Administrativa,2,84.87,92827
8913,Rosa Fuentes 8913,Ingenieria en Software,3,85.04,92864
8914,Mario Lemus 8914,Ingenieria Mecanica,4,85.21,92901
8915,Paola Ortiz 8915,Ingenieria en Sistemas,5,85.38,92938
8916,Sergio Aragon 8916,Ingenieria Industrial,6,85.55,92975
8917,Dulce Arana 8917,Ingenieria Civil,7,85.72,93012
8918,Nancy Chamalé 8918,Ingenieria Administrativa,8,85.89,93049
8919,Byron Castellanos 8919,Ingenieria en Software,9,86.06,93086
8920,Helen Conoz 8920,Ingenieria Mecanica,10,86.23,93123
8921,Juan Perez 8921,Ingenieria en Sistemas,1,86.40,93160
8922,Ana Lopez 8922,Ingenieria Industrial,2,86.57,93197
8923,Carlos Ruiz 8923,Ingenieria Civil,3,86.74,93234
8924,Maria Garcia 8924,Ingenieria Administrativa,4,86.91,93271
8925,Luis Hernandez 8925,Ingenieria en Software,5,87.08,93308
8926,Sofia Morales 8926,Ingenieria Mecanica,6,87.25,93345
8927,Pedro Castillo 8927,Ingenieria en Sistemas,7,87.42,93382
8928,Elena Pineda 8928,Ingenieria Industrial,8,87.59,93419
8929,Jorge Contreras 8929,Ingenieria Civil,9,87.76,93456
8930,Valeria Barrios 8930,Ingenieria Administrativa,10,87.93,93493
8931,Karla Gomez 8931,Ingenieria en Software,1,88.10,93530
8932,Diego Navarro 8932,Ingenieria Mecanica,2,88.27,93567
8933,Rosa Fuentes 8933,Ingenieria en Sistemas,3,88.44,93604
8934,Mario Lemus 8934,Ingenieria Industrial,4,88.61,93641
8935,Paola Ortiz 8935,Ingenieria Civil,5,88.78,93678
8936,Sergio Aragon 8936,Ingenieria Administrativa,6,88.95,93715
8937,Dulce Arana 8937,Ingenieria en Software,7,89.12,93752
8938,Nancy Chamalé 8938,Ingenieria Mecanica,8,89.29,93789
8939,Byron Castellanos 8939,Ingenieria en Sistemas,9,89.46,93826
8940,Helen Conoz 8940,Ingenieria Industrial,10,89.63,93863
8941,Juan Perez 8941,Ingenieria Civil,1,89.80,93900
8942,Ana Lopez 8942,Ingenieria Administrativa,2,89.97,93937
8943,Carlos Ruiz 8943,Ingenieria en Software,3,90.14,93974
8944,Maria Garcia 8944,Ingenieria Mecanica,4,90.31,94011
8945,Luis Hernandez 8945,Ingenieria en Sistemas,5,90.48,94048
8946,Sofia Morales 8946,Ingenieria Industrial,6,90.65,94085
8947,Pedro Castillo 8947,Ingenieria Civil,7,90.82,94122
8948,Elena Pineda 8948,Ingenieria Administrativa,8,90.99,94159
8949,Jorge Contreras 8949,Ingenieria en Software,9,91.16,94196
8950,Valeria Barrios 8950,Ingenieria Mecanica,10,91.33,94233
8951,Karla Gomez 8951,Ingenieria en Sistemas,1,91.50,94270
8952,Diego Navarro 8952,Ingenieria Industrial,2,91.67,94307
8953,Rosa Fuentes 8953,Ingenieria Civil,3,91.84,94344
8954,Mario Lemus 8954,Ingenieria Administrativa,4,92.01,94381
8955,Paola Ortiz 8955,Ingenieria en Software,5,92.18,94418
8956,Sergio Aragon 8956,Ingenieria Mecanica,6,92.35,94455
8957,Dulce Arana 8957,Ingenieria en Sistemas,7,92.52,94492
8958,Nancy Chamalé 8958,Ingenieria Industrial,8,92.69,94529
8959,Byron Castellanos 8959,Ingenieria Civil,9,92.86,94566
8960,Helen Conoz 8960,Ingenieria Administrativa,10,93.03,94603
8961,Juan Perez 8961,Ingenieria en Software,1,93.20,94640
8962,Ana Lopez 8962,Ingenieria Mecanica,2,93.37,94677
8963,Carlos Ruiz 8963,Ingenieria en Sistemas,3,93.54,94714
8964,Maria Garcia 8964,Ingenieria Industrial,4,93.71,94751
8965,Luis Hernandez 8965,Ingenieria Civil,5,93.88,94788
8966,Sofia Morales 8966,Ingenieria Administrativa,6,94.05,94825
8967,Pedro Castillo 8967,Ingenieria en Software,7,94.22,94862
8968,Elena Pineda 8968,Ingenieria Mecanica,8,94.39,94899
8969,Jorge Contreras 8969,Ingenieria en Sistemas,9,94.56,94936
8970,Valeria Barrios 8970,Ingenieria Industrial,10,94.73,94973
8971,Karla Gomez 8971,Ingenieria Civil,1,94.90,95010
8972,Diego Navarro 8972,Ingenieria Administrativa,2,95.07,95047
8973,Rosa Fuentes 8973,Ingenieria en Software,3,95.24,95084
8974,Mario Lemus 8974,Ingenieria Mecanica,4,95.41,95121
8975,Paola Ortiz 8975,Ingenieria en Sistemas,5,95.58,95158
8976,Sergio Aragon 8976,Ingenieria Industrial,6,95.75,95195
8977,Dulce Arana 8977,Ingenieria Civil,7,95.92,95232
8978,Nancy Chamalé 8978,Ingenieria Administrativa,8,96.09,95269
8979,Byron Castellanos 8979,Ingenieria en Software,9,96.26,95306
8980,Helen Conoz 8980,Ingenieria Mecanica,10,96.43,95343
8981,Juan Perez 8981,Ingenieria en Sistemas,1,96.60,95380
8982,Ana Lopez 8982,Ingenieria Industrial,2,96.77,95417
8983,Carlos Ruiz 8983,Ingenieria Civil,3,96.94,95454
8984,Maria Garcia 8984,Ingenieria Administrativa,4,97.11,95491
8985,Luis Hernandez 8985,Ingenieria en Software,5,97.28,95528
8986,Sofia Morales 8986,Ingenieria Mecanica,6,97.45,95565
8987,Pedro Castillo 8987,Ingenieria en Sistemas,7,97.62,95602
8988,Elena Pineda 8988,Ingenieria Industrial,8,97.79,95639
8989,Jorge Contreras 8989,Ingenieria Civil,9,97.96,95676
8990,Valeria Barrios 8990,Ingenieria Administrativa,10,98.13,95713
8991,Karla Gomez 8991,Ingenieria en Software,1,98.30,95750
8992,Diego Navarro 8992,Ingenieria Mecanica,2,98.47,95787
8993,Rosa Fuentes 8993,Ingenieria en Sistemas,3,98.64,95824
8994,Mario Lemus 8994,Ingenieria Industrial,4,98.81,95861
8995,Paola Ortiz 8995,Ingenieria Civil,5,98.98,95898
8996,Sergio Aragon 8996,Ingenieria Administrativa,6,99.15,95935
8997,Dulce Arana 8997,Ingenieria en Software,7,99.32,95972
8998,Nancy Chamalé 8998,Ingenieria Mecanica,8,99.49,96009
8999,Byron Castellanos 8999,Ingenieria en Sistemas,9,99.66,96046
9000,Helen Conoz 9000,Ingenieria Industrial,10,99.83,96083
9001,Juan Perez 9001,Ingenieria Civil,1,60.00,96120
9002,Ana Lopez 9002,Ingenieria Administrativa,2,60.17,96157
9003,Carlos Ruiz 9003,Ingenieria en Software,3,60.34,96194
9004,Maria Garcia 9004,Ingenieria Mecanica,4,60.51,96231
9005,Luis Hernandez 9005,Ingenieria en Sistemas,5,60.68,96268
9006,Sofia Morales 9006,Ingenieria Industrial,6,60.85,96305
9007,Pedro Castillo 9007,Ingenieria Civil,7,61.02,96342
9008,Elena Pineda 9008,Ingenieria Administrativa,8,61.19,96379
9009,Jorge Contreras 9009,Ingenieria en Software,9,61.36,96416
9010,Valeria Barrios 9010,Ingenieria Mecanica,10,61.53,96453
9011,Karla Gomez 9011,Ingenieria en Sistemas,1,61.70,96490
9012,Diego Navarro 9012,Ingenieria Industrial,2,61.87,96527
9013,Rosa Fuentes 9013,Ingenieria Civil,3,62.04,96564
9014,Mario Lemus 9014,Ingenieria Administrativa,4,62.21,96601
9015,Paola Ortiz 9015,Ingenieria en Software,5,62.38,96638
9016,Sergio Aragon 9016,Ingenieria Mecanica,6,62.55,96675
9017,Dulce Arana 9017,Ingenieria en Sistemas,7,62.72,96712
9018,Nancy Chamalé 9018,Ingenieria Industrial,8,62.89,96749
9019,Byron Castellanos 9019,Ingenieria Civil,9,63.06,96786
9020,Helen Conoz 9020,Ingenieria Administrativa,10,63.23,96823
9021,Juan Perez 9021,Ingenieria en Software,1,63.40,96860
9022,Ana Lopez 9022,Ingenieria Mecanica,2,63.57,96897
9023,Carlos Ruiz 9023,Ingenieria en Sistemas,3,63.74,96934
9024,Maria Garcia 9024,Ingenieria Industrial,4,63.91,96971
9025,Luis Hernandez 9025,Ingenieria Civil,5,64.08,97008
9026,Sofia Morales 9026,Ingenieria Administrativa,6,64.25,97045
9027,Pedro Castillo 9027,Ingenieria en Software,7,64.42,97082
9028,Elena Pineda 9028,Ingenieria Mecanica,8,64.59,97119
9029,Jorge Contreras 9029,Ingenieria en Sistemas,9,64.76,97156
9030,Valeria Barrios 9030,Ingenieria Industrial,10,64.93,97193
9031,Karla Gomez 9031,Ingenieria Civil,1,65.10,97230
9032,Diego Navarro 9032,Ingenieria Administrativa,2,65.27,97267
9033,Rosa Fuentes 9033,Ingenieria en Software,3,65.44,97304
9034,Mario Lemus 9034,Ingenieria Mecanica,4,65.61,97341
9035,Paola Ortiz 9035,Ingenieria en Sistemas,5,65.78,97378
9036,Sergio Aragon 9036,Ingenieria Industrial,6,65.95,97415
9037,Dulce Arana 9037,Ingenieria Civil,7,66.12,97452
9038,Nancy Chamalé 9038,Ingenieria Administrativa,8,66.29,97489
9039,Byron Castellanos 9039,Ingenieria en Software,9,66.46,97526
9040,Helen Conoz 9040,Ingenieria Mecanica,10,66.63,97563
9041,Juan Perez 9041,Ingenieria en Sistemas,1,66.80,97600
9042,Ana Lopez 9042,Ingenieria Industrial,2,66.97,97637
9043,Carlos Ruiz 9043,Ingenieria Civil,3,67.14,97674
9044,Maria Garcia 9044,Ingenieria Administrativa,4,67.31,97711
9045,Luis Hernandez 9045,Ingenieria en Software,5,67.48,97748
9046,Sofia Morales 9046,Ingenieria Mecanica,6,67.65,97785
9047,Pedro Castillo 9047,Ingenieria en Sistemas,7,67.82,97822
9048,Elena Pineda 9048,Ingenieria Industrial,8,67.99,97859
9049,Jorge Contreras 9049,Ingenieria Civil,9,68.16,97896
9050,Valeria Barrios 9050,Ingenieria Administrativa,10,68.33,97933
9051,Karla Gomez 9051,Ingenieria en Software,1,68.50,97970
9052,Diego Navarro 9052,Ingenieria Mecanica,2,68.67,98007
9053,Rosa Fuentes 9053,Ingenieria en Sistemas,3,68.84,98044
9054,Mario Lemus 9054,Ingenieria Industrial,4,69.01,98081
9055,Paola Ortiz 9055,Ingenieria Civil,5,69.18,98118
9056,Sergio Aragon 9056,Ingenieria Administrativa,6,69.35,98155
9057,Dulce Arana 9057,Ingenieria en Software,7,69.52,98192
9058,Nancy Chamalé 9058,Ingenieria Mecanica,8,69.69,98229
9059,Byron Castellanos 9059,Ingenieria en Sistemas,9,69.86,98266
9060,Helen Conoz 9060,Ingenieria Industrial,10,70.03,98303
9061,Juan Perez 9061,Ingenieria Civil,1,70.20,98340
9062,Ana Lopez 9062,Ingenieria Administrativa,2,70.37,98377
9063,Carlos Ruiz 9063,Ingenieria en Software,3,70.54,98414
9064,Maria Garcia 9064,Ingenieria Mecanica,4,70.71,98451
9065,Luis Hernandez 9065,Ingenieria en Sistemas,5,70.88,98488
9066,Sofia Morales 9066,Ingenieria Industrial,6,71.05,98525
9067,Pedro Castillo 9067,Ingenieria Civil,7,71.22,98562
9068,Elena Pineda 9068,Ingenieria Administrativa,8,71.39,98599
9069,Jorge Contreras 9069,Ingenieria en Software,9,71.56,98636
9070,Valeria Barrios 9070,Ingenieria Mecanica,10,71.73,98673
9071,Karla Gomez 9071,Ingenieria en Sistemas,1,71.90,98710
9072,Diego Navarro 9072,Ingenieria Industrial,2,72.07,98747
9073,Rosa Fuentes 9073,Ingenieria Civil,3,72.24,98784
9074,Mario Lemus 9074,Ingenieria Administrativa,4,72.41,98821
9075,Paola Ortiz 9075,Ingenieria en Software,5,72.58,98858
9076,Sergio Aragon 9076,Ingenieria Mecanica,6,72.75,98895
9077,Dulce Arana 9077,Ingenieria en Sistemas,7,72.92,98932
9078,Nancy Chamalé 9078,Ingenieria Industrial,8,73.09,98969
9079,Byron Castellanos 9079,Ingenieria Civil,9,73.26,99006
9080,Helen Conoz 9080,Ingenieria Administrativa,10,73.43,99043
9081,Juan Perez 9081,Ingenieria en Software,1,73.60,99080
9082,Ana Lopez 9082,Ingenieria Mecanica,2,73.77,99117
9083,Carlos Ruiz 9083,Ingenieria en Sistemas,3,73.94,99154
9084,Maria Garcia 9084,Ingenieria Industrial,4,74.11,99191
9085,Luis Hernandez 9085,Ingenieria Civil,5,74.28,99228
9086,Sofia Morales 9086,Ingenieria Administrativa,6,74.45,99265
9087,Pedro Castillo 9087,Ingenieria en Software,7,74.62,99302
9088,Elena Pineda 9088,Ingenieria Mecanica,8,74.79,99339
9089,Jorge Contreras 9089,Ingenieria en Sistemas,9,74.96,99376
9090,Valeria Barrios 9090,Ingenieria Industrial,10,75.13,99413
9091,Karla Gomez 9091,Ingenieria Civil,1,75.30,99450
9092,Diego Navarro 9092,Ingenieria Administrativa,2,75.47,99487
9093,Rosa Fuentes 9093,Ingenieria en Software,3,75.64,99524
9094,Mario Lemus 9094,Ingenieria Mecanica,4,75.81,99561
9095,Paola Ortiz 9095,Ingenieria en Sistemas,5,75.98,99598
9096,Sergio Aragon 9096,Ingenieria Industrial,6,76.15,99635
9097,Dulce Arana 9097,Ingenieria Civil,7,76.32,99672
9098,Nancy Chamalé 9098,Ingenieria Administrativa,8,76.49,99709
9099,Byron Castellanos 9099,Ingenieria en Software,9,76.66,99746
9100,Helen Conoz 9100,Ingenieria Mecanica,10,76.83,99783
9101,Juan Perez 9101,Ingenieria en Sistemas,1,77.00,99820
9102,Ana Lopez 9102,Ingenieria Industrial,2,77.17,99857
9103,Carlos Ruiz 9103,Ingenieria Civil,3,77.34,99894
9104,Maria Garcia 9104,Ingenieria Administrativa,4,77.51,99931
9105,Luis Hernandez 9105,Ingenieria en Software,5,77.68,99968
9106,Sofia Morales 9106,Ingenieria Mecanica,6,77.85,5
9107,Pedro Castillo 9107,Ingenieria en Sistemas,7,78.02,42
9108,Elena Pineda 9108,Ingenieria Industrial,8,78.19,79
9109,Jorge Contreras 9109,Ingenieria Civil,9,78.36,116
9110,Valeria Barrios 9110,Ingenieria Administrativa,10,78.53,153
9111,Karla Gomez 9111,Ingenieria en Software,1,78.70,190
9112,Diego Navarro 9112,Ingenieria Mecanica,2,78.87,227
9113,Rosa Fuentes 9113,Ingenieria en Sistemas,3,79.04,264
9114,Mario Lemus 9114,Ingenieria Industrial,4,79.21,301
9115,Paola Ortiz 9115,Ingenieria Civil,5,79.38,338
9116,Sergio Aragon 9116,Ingenieria Administrativa,6,79.55,375
9117,Dulce Arana 9117,Ingenieria en Software,7,79.72,412
9118,Nancy Chamalé 9118,Ingenieria Mecanica,8,79.89,449
9119,Byron Castellanos 9119,Ingenieria en Sistemas,9,80.06,486
9120,Helen Conoz 9120,Ingenieria Industrial,10,80.23,523
9121,Juan Perez 9121,Ingenieria Civil,1,80.40,560
9122,Ana Lopez 9122,Ingenieria Administrativa,2,80.57,597
9123,Carlos Ruiz 9123,Ingenieria en Software,3,80.74,634
9124,Maria Garcia 9124,Ingenieria Mecanica,4,80.91,671
9125,Luis Hernandez 9125,Ingenieria en Sistemas,5,81.08,708
9126,Sofia Morales 9126,Ingenieria Industrial,6,81.25,745
9127,Pedro Castillo 9127,Ingenieria Civil,7,81.42,782
9128,Elena Pineda 9128,Ingenieria Administrativa,8,81.59,819
9129,Jorge Contreras 9129,Ingenieria en Software,9,81.76,856
9130,Valeria Barrios 9130,Ingenieria Mecanica,10,81.93,893
9131,Karla Gomez 9131,Ingenieria en Sistemas,1,82.10,930
9132,Diego Navarro 9132,Ingenieria Industrial,2,82.27,967
9133,Rosa Fuentes 9133,Ingenieria Civil,3,82.44,1004
9134,Mario Lemus 9134,Ingenieria Administrativa,4,82.61,1041
9135,Paola Ortiz 9135,Ingenieria en Software,5,82.78,1078
9136,Sergio Aragon 9136,Ingenieria Mecanica,6,82.95,1115
9137,Dulce Arana 9137,Ingenieria en Sistemas,7,83.12,1152
9138,Nancy Chamalé 9138,Ingenieria Industrial,8,83.29,1189
9139,Byron Castellanos 9139,Ingenieria Civil,9,83.46,1226
9140,Helen Conoz 9140,Ingenieria Administrativa,10,83.63,1263
9141,Juan Perez 9141,Ingenieria en Software,1,83.80,1300
9142,Ana Lopez 9142,Ingenieria Mecanica,2,83.97,1337
9143,Carlos Ruiz 9143,Ingenieria en Sistemas,3,84.14,1374
9144,Maria Garcia 9144,Ingenieria Industrial,4,84.31,1411
9145,Luis Hernandez 9145,Ingenieria Civil,5,84.48,1448
9146,Sofia Morales 9146,Ingenieria Administrativa,6,84.65,1485
9147,Pedro Castillo 9147,Ingenieria en Software,7,84.82,1522
9148,Elena Pineda 9148,Ingenieria Mecanica,8,84.99,1559
9149,Jorge Contreras 9149,Ingenieria en Sistemas,9,85.16,1596
9150,Valeria Barrios 9150,Ingenieria Industrial,10,85.33,1633
9151,Karla Gomez 9151,Ingenieria Civil,1,85.50,1670
9152,Diego Navarro 9152,Ingenieria Administrativa,2,85.67,1707
9153,Rosa Fuentes 9153,Ingenieria en Software,3,85.84,1744
9154,Mario Lemus 9154,Ingenieria Mecanica,4,86.01,1781
9155,Paola Ortiz 9155,Ingenieria en Sistemas,5,86.18,1818
9156,Sergio Aragon 9156,Ingenieria Industrial,6,86.35,1855
9157,Dulce Arana 9157,Ingenieria Civil,7,86.52,1892
9158,Nancy Chamalé 9158,Ingenieria Administrativa,8,86.69,1929
9159,Byron Castellanos 9159,Ingenieria en Software,9,86.86,1966
9160,Helen Conoz 9160,Ingenieria Mecanica,10,87.03,2003
9161,Juan Perez 9161,Ingenieria en Sistemas,1,87.20,2040
9162,Ana Lopez 9162,Ingenieria Industrial,2,87.37,2077
9163,Carlos Ruiz 9163,Ingenieria Civil,3,87.54,2114
9164,Maria Garcia 9164,Ingenieria Administrativa,4,87.71,2151
9165,Luis Hernandez 9165,Ingenieria en Software,5,87.88,2188
9166,Sofia Morales 9166,Ingenieria Mecanica,6,88.05,2225
9167,Pedro Castillo 9167,Ingenieria en Sistemas,7,88.22,2262
9168,Elena Pineda 9168,Ingenieria Industrial,8,88.39,2299
9169,Jorge Contreras 9169,Ingenieria Civil,9,88.56,2336
9170,Valeria Barrios 9170,Ingenieria Administrativa,10,88.73,2373
9171,Karla Gomez 9171,Ingenieria en Software,1,88.90,2410
9172,Diego Navarro 9172,Ingenieria Mecanica,2,89.07,2447
9173,Rosa Fuentes 9173,Ingenieria en Sistemas,3,89.24,2484
9174,Mario Lemus 9174,Ingenieria Industrial,4,89.41,2521
9175,Paola Ortiz 9175,Ingenieria Civil,5,89.58,2558
9176,Sergio Aragon 9176,Ingenieria Administrativa,6,89.75,2595
9177,Dulce Arana 9177,Ingenieria en Software,7,89.92,2632
9178,Nancy Chamalé 9178,Ingenieria Mecanica,8,90.09,2669
9179,Byron Castellanos 9179,Ingenieria en Sistemas,9,90.26,2706
9180,Helen Conoz 9180,Ingenieria Industrial,10,90.43,2743
9181,Juan Perez 9181,Ingenieria Civil,1,90.60,2780
9182,Ana Lopez 9182,Ingenieria Administrativa,2,90.77,2817
9183,Carlos Ruiz 9183,Ingenieria en Software,3,90.94,2854
9184,Maria Garcia 9184,Ingenieria Mecanica,4,91.11,2891
9185,Luis Hernandez 9185,Ingenieria en Sistemas,5,91.28,2928
9186,Sofia Morales 9186,Ingenieria Industrial,6,91.45,2965
9187,Pedro Castillo 9187,Ingenieria Civil,7,91.62,3002
9188,Elena Pineda 9188,Ingenieria Administrativa,8,91.79,3039
9189,Jorge Contreras 9189,Ingenieria en Software,9,91.96,3076
9190,Valeria Barrios 9190,Ingenieria Mecanica,10,92.13,3113
9191,Karla Gomez 9191,Ingenieria en Sistemas,1,92.30,3150
9192,Diego Navarro 9192,Ingenieria Industrial,2,92.47,3187
9193,Rosa Fuentes 9193,Ingenieria Civil,3,92.64,3224
9194,Mario Lemus 9194,Ingenieria Administrativa,4,92.81,3261
9195,Paola Ortiz 9195,Ingenieria en Software,5,92.98,3298
9196,Sergio Aragon 9196,Ingenieria Mecanica,6,93.15,3335
9197,Dulce Arana 9197,Ingenieria en Sistemas,7,93.32,3372
9198,Nancy Chamalé 9198,Ingenieria Industrial,8,93.49,3409
9199,Byron Castellanos 9199,Ingenieria Civil,9,93.66,3446
9200,Helen Conoz 9200,Ingenieria Administrativa,10,93.83,3483
9201,Juan Perez 9201,Ingenieria en Software,1,94.00,3520
9202,Ana Lopez 9202,Ingenieria Mecanica,2,94.17,3557
9203,Carlos Ruiz 9203,Ingenieria en Sistemas,3,94.34,3594
9204,Maria Garcia 9204,Ingenieria Industrial,4,94.51,3631
9205,Luis Hernandez 9205,Ingenieria Civil,5,94.68,3668
9206,Sofia Morales 9206,Ingenieria Administrativa,6,94.85,3705
9207,Pedro Castillo 9207,Ingenieria en Software,7,95.02,3742
9208,Elena Pineda 9208,Ingenieria Mecanica,8,95.19,3779
9209,Jorge Contreras 9209,Ingenieria en Sistemas,9,95.36,3816
9210,Valeria Barrios 9210,Ingenieria Industrial,10,95.53,3853
9211,Karla Gomez 9211,Ingenieria Civil,1,95.70,3890
9212,Diego Navarro 9212,Ingenieria Administrativa,2,95.87,3927
9213,Rosa Fuentes 9213,Ingenieria en Software,3,96.04,3964
9214,Mario Lemus 9214,Ingenieria Mecanica,4,96.21,4001
9215,Paola Ortiz 9215,Ingenieria en Sistemas,5,96.38,4038
9216,Sergio Aragon 9216,Ingenieria Industrial,6,96.55,4075
9217,Dulce Arana 9217,Ingenieria Civil,7,96.72,4112
9218,Nancy Chamalé 9218,Ingenieria Administrativa,8,96.89,4149
9219,Byron Castellanos 9219,Ingenieria en Software,9,97.06,4186
9220,Helen Conoz 9220,Ingenieria Mecanica,10,97.23,4223
9221,Juan Perez 9221,Ingenieria en Sistemas,1,97.40,4260
9222,Ana Lopez 9222,Ingenieria Industrial,2,97.57,4297
9223,Carlos Ruiz 9223,Ingenieria Civil,3,97.74,4334
9224,Maria Garcia 9224,Ingenieria Administrativa,4,97.91,4371
9225,Luis Hernandez 9225,Ingenieria en Software,5,98.08,4408
9226,Sofia Morales 9226,Ingenieria Mecanica,6,98.25,4445
9227,Pedro Castillo 9227,Ingenieria en Sistemas,7,98.42,4482
9228,Elena Pineda 9228,Ingenieria Industrial,8,98.59,4519
9229,Jorge Contreras 9229,Ingenieria Civil,9,98.76,4556
9230,Valeria Barrios 9230,Ingenieria Administrativa,10,98.93,4593
9231,Karla Gomez 9231,Ingenieria en Software,1,99.10,4630
9232,Diego Navarro 9232,Ingenieria Mecanica,2,99.27,4667
9233,Rosa Fuentes 9233,Ingenieria en Sistemas,3,99.44,4704
9234,Mario Lemus 9234,Ingenieria Industrial,4,99.61,4741
9235,Paola Ortiz 9235,Ingenieria Civil,5,99.78,4778
9236,Sergio Aragon 9236,Ingenieria Administrativa,6,99.95,4815
9237,Dulce Arana 9237,Ingenieria en Software,7,60.12,4852
9238,Nancy Chamalé 9238,Ingenieria Mecanica,8,60.29,4889
9239,Byron Castellanos 9239,Ingenieria en Sistemas,9,60.46,4926
9240,Helen Conoz 9240,Ingenieria Industrial,10,60.63,4963
9241,Juan Perez 9241,Ingenieria Civil,1,60.80,5000
9242,Ana Lopez 9242,Ingenieria Administrativa,2,60.97,5037
9243,Carlos Ruiz 9243,Ingenieria en Software,3,61.14,5074
9244,Maria Garcia 9244,Ingenieria Mecanica,4,61.31,5111
9245,Luis Hernandez 9245,Ingenieria en Sistemas,5,61.48,5148
9246,Sofia Morales 9246,Ingenieria Industrial,6,61.65,5185
9247,Pedro Castillo 9247,Ingenieria Civil,7,61.82,5222
9248,Elena Pineda 9248,Ingenieria Administrativa,8,61.99,5259
9249,Jorge Contreras 9249,Ingenieria en Software,9,62.16,5296
9250,Valeria Barrios 9250,Ingenieria Mecanica,10,62.33,5333
9251,Karla Gomez 9251,Ingenieria en Sistemas,1,62.50,5370
9252,Diego Navarro 9252,Ingenieria Industrial,2,62.67,5407
9253,Rosa Fuentes 9253,Ingenieria Civil,3,62.84,5444
9254,Mario Lemus 9254,Ingenieria Administrativa,4,63.01,5481
9255,Paola Ortiz 9255,Ingenieria en Software,5,63.18,5518
9256,Sergio Aragon 9256,Ingenieria Mecanica,6,63.35,5555
9257,Dulce Arana 9257,Ingenieria en Sistemas,7,63.52,5592
9258,Nancy Chamalé 9258,Ingenieria Industrial,8,63.69,5629
9259,Byron Castellanos 9259,Ingenieria Civil,9,63.86,5666
9260,Helen Conoz 9260,Ingenieria Administrativa,10,64.03,5703
9261,Juan Perez 9261,Ingenieria en Software,1,64.20,5740
9262,Ana Lopez 9262,Ingenieria Mecanica,2,64.37,5777
9263,Carlos Ruiz 9263,Ingenieria en Sistemas,3,64.54,5814
9264,Maria Garcia 9264,Ingenieria Industrial,4,64.71,5851
9265,Luis Hernandez 9265,Ingenieria Civil,5,64.88,5888
9266,Sofia Morales 9266,Ingenieria Administrativa,6,65.05,5925
9267,Pedro Castillo 9267,Ingenieria en Software,7,65.22,5962
9268,Elena Pineda 9268,Ingenieria Mecanica,8,65.39,5999
9269,Jorge Contreras 9269,Ingenieria en Sistemas,9,65.56,6036
9270,Valeria Barrios 9270,Ingenieria Industrial,10,65.73,6073
9271,Karla Gomez 9271,Ingenieria Civil,1,65.90,6110
9272,Diego Navarro 9272,Ingenieria Administrativa,2,66.07,6147
9273,Rosa Fuentes 9273,Ingenieria en Software,3,66.24,6184
9274,Mario Lemus 9274,Ingenieria Mecanica,4,66.41,6221
9275,Paola Ortiz 9275,Ingenieria en Sistemas,5,66.58,6258
9276,Sergio Aragon 9276,Ingenieria Industrial,6,66.75,6295
9277,Dulce Arana 9277,Ingenieria Civil,7,66.92,6332
9278,Nancy Chamalé 9278,Ingenieria Administrativa,8,67.09,6369
9279,Byron Castellanos 9279,Ingenieria en Software,9,67.26,6406
9280,Helen Conoz 9280,Ingenieria Mecanica,10,67.43,6443
9281,Juan Perez 9281,Ingenieria en Sistemas,1,67.60,6480
9282,Ana Lopez 9282,Ingenieria Industrial,2,67.77,6517
9283,Carlos Ruiz 9283,Ingenieria Civil,3,67.94,6554
9284,Maria Garcia 9284,Ingenieria Administrativa,4,68.11,6591
9285,Luis Hernandez 9285,Ingenieria en Software,5,68.28,6628
9286,Sofia Morales 9286,Ingenieria Mecanica,6,68.45,6665
9287,Pedro Castillo 9287,Ingenieria en Sistemas,7,68.62,6702
9288,Elena Pineda 9288,Ingenieria Industrial,8,68.79,6739
9289,Jorge Contreras 9289,Ingenieria Civil,9,68.96,6776
9290,Valeria Barrios 9290,Ingenieria Administrativa,10,69.13,6813
9291,Karla Gomez 9291,Ingenieria en Software,1,69.30,6850
9292,Diego Navarro 9292,Ingenieria Mecanica,2,69.47,6887
9293,Rosa Fuentes 9293,Ingenieria en Sistemas,3,69.64,6924
9294,Mario Lemus 9294,Ingenieria Industrial,4,69.81,6961
9295,Paola Ortiz 9295,Ingenieria Civil,5,69.98,6998
9296,Sergio Aragon 9296,Ingenieria Administrativa,6,70.15,7035
9297,Dulce Arana 9297,Ingenieria en Software,7,70.32,7072
9298,Nancy Chamalé 9298,Ingenieria Mecanica,8,70.49,7109
9299,Byron Castellanos 9299,Ingenieria en Sistemas,9,70.66,7146
9300,Helen Conoz 9300,Ingenieria Industrial,10,70.83,7183
9301,Juan Perez 9301,Ingenieria Civil,1,71.00,7220
9302,Ana Lopez 9302,Ingenieria Administrativa,2,71.17,7257
9303,Carlos Ruiz 9303,Ingenieria en Software,3,71.34,7294
9304,Maria Garcia 9304,Ingenieria Mecanica,4,71.51,7331
9305,Luis Hernandez 9305,Ingenieria en Sistemas,5,71.68,7368
9306,Sofia Morales 9306,Ingenieria Industrial,6,71.85,7405
9307,Pedro Castillo 9307,Ingenieria Civil,7,72.02,7442
9308,Elena Pineda 9308,Ingenieria Administrativa,8,72.19,7479
9309,Jorge Contreras 9309,Ingenieria en Software,9,72.36,7516
9310,Valeria Barrios 9310,Ingenieria Mecanica,10,72.53,7553
9311,Karla Gomez 9311,Ingenieria en Sistemas,1,72.70,7590
9312,Diego Navarro 9312,Ingenieria Industrial,2,72.87,7627
9313,Rosa Fuentes 9313,Ingenieria Civil,3,73.04,7664
9314,Mario Lemus 9314,Ingenieria Administrativa,4,73.21,7701
9315,Paola Ortiz 9315,Ingenieria en Software,5,73.38,7738
9316,Sergio Aragon 9316,Ingenieria Mecanica,6,73.55,7775
9317,Dulce Arana 9317,Ingenieria en Sistemas,7,73.72,7812
9318,Nancy Chamalé 9318,Ingenieria Industrial,8,73.89,7849
9319,Byron Castellanos 9319,Ingenieria Civil,9,74.06,7886
9320,Helen Conoz 9320,Ingenieria Administrativa,10,74.23,7923
9321,Juan Perez 9321,Ingenieria en Software,1,74.40,7960
9322,Ana Lopez 9322,Ingenieria Mecanica,2,74.57,7997
9323,Carlos Ruiz 9323,Ingenieria en Sistemas,3,74.74,8034
9324,Maria Garcia 9324,Ingenieria Industrial,4,74.91,8071
9325,Luis Hernandez 9325,Ingenieria Civil,5,75.08,8108
9326,Sofia Morales 9326,Ingenieria Administrativa,6,75.25,8145
9327,Pedro Castillo 9327,Ingenieria en Software,7,75.42,8182
9328,Elena Pineda 9328,Ingenieria Mecanica,8,75.59,8219
9329,Jorge Contreras 9329,Ingenieria en Sistemas,9,75.76,8256
9330,Valeria Barrios 9330,Ingenieria Industrial,10,75.93,8293
9331,Karla Gomez 9331,Ingenieria Civil,1,76.10,8330
9332,Diego Navarro 9332,Ingenieria Administrativa,2,76.27,8367
9333,Rosa Fuentes 9333,Ingenieria en Software,3,76.44,8404
9334,Mario Lemus 9334,Ingenieria Mecanica,4,76.61,8441
9335,Paola Ortiz 9335,Ingenieria en Sistemas,5,76.78,8478
9336,Sergio Aragon 9336,Ingenieria Industrial,6,76.95,8515
9337,Dulce Arana 9337,Ingenieria Civil,7,77.12,8552
9338,Nancy Chamalé 9338,Ingenieria Administrativa,8,77.29,8589
9339,Byron Castellanos 9339,Ingenieria en Software,9,77.46,8626
9340,Helen Conoz 9340,Ingenieria Mecanica,10,77.63,8663
9341,Juan Perez 9341,Ingenieria en Sistemas,1,77.80,8700
9342,Ana Lopez 9342,Ingenieria Industrial,2,77.97,8737
9343,Carlos Ruiz 9343,Ingenieria Civil,3,78.14,8774
9344,Maria Garcia 9344,Ingenieria Administrativa,4,78.31,8811
9345,Luis Hernandez 9345,Ingenieria en Software,5,78.48,8848
9346,Sofia Morales 9346,Ingenieria Mecanica,6,78.65,8885
9347,Pedro Castillo 9347,Ingenieria en Sistemas,7,78.82,8922
9348,Elena Pineda 9348,Ingenieria Industrial,8,78.99,8959
9349,Jorge Contreras 9349,Ingenieria Civil,9,79.16,8996
9350,Valeria Barrios 9350,Ingenieria Administrativa,10,79.33,9033
9351,Karla Gomez 9351,Ingenieria en Software,1,79.50,9070
9352,Diego Navarro 9352,Ingenieria Mecanica,2,79.67,9107
9353,Rosa Fuentes 9353,Ingenieria en Sistemas,3,79.84,9144
9354,Mario Lemus 9354,Ingenieria Industrial,4,80.01,9181
9355,Paola Ortiz 9355,Ingenieria Civil,5,80.18,9218
9356,Sergio Aragon 9356,Ingenieria Administrativa,6,80.35,9255
9357,Dulce Arana 9357,Ingenieria en Software,7,80.52,9292
9358,Nancy Chamalé 9358,Ingenieria Mecanica,8,80.69,9329
9359,Byron Castellanos 9359,Ingenieria en Sistemas,9,80.86,9366
9360,Helen Conoz 9360,Ingenieria Industrial,10,81.03,9403
9361,Juan Perez 9361,Ingenieria Civil,1,81.20,9440
9362,Ana Lopez 9362,Ingenieria Administrativa,2,81.37,9477
9363,Carlos Ruiz 9363,Ingenieria en Software,3,81.54,9514
9364,Maria Garcia 9364,Ingenieria Mecanica,4,81.71,9551
9365,Luis Hernandez 9365,Ingenieria en Sistemas,5,81.88,9588
9366,Sofia Morales 9366,Ingenieria Industrial,6,82.05,9625
9367,Pedro Castillo 9367,Ingenieria Civil,7,82.22,9662
9368,Elena Pineda 9368,Ingenieria Administrativa,8,82.39,9699
9369,Jorge Contreras 9369,Ingenieria en Software,9,82.56,9736
9370,Valeria Barrios 9370,Ingenieria Mecanica,10,82.73,9773
9371,Karla Gomez 9371,Ingenieria en Sistemas,1,82.90,9810
9372,Diego Navarro 9372,Ingenieria Industrial,2,83.07,9847
9373,Rosa Fuentes 9373,Ingenieria Civil,3,83.24,9884
9374,Mario Lemus 9374,Ingenieria Administrativa,4,83.41,9921
9375,Paola Ortiz 9375,Ingenieria en Software,5,83.58,9958
9376,Sergio Aragon 9376,Ingenieria Mecanica,6,83.75,9995
9377,Dulce Arana 9377,Ingenieria en Sistemas,7,83.92,10032
9378,Nancy Chamalé 9378,Ingenieria Industrial,8,84.09,10069
9379,Byron Castellanos 9379,Ingenieria Civil,9,84.26,10106
9380,Helen Conoz 9380,Ingenieria Administrativa,10,84.43,10143
9381,Juan Perez 9381,Ingenieria en Software,1,84.60,10180
9382,Ana Lopez 9382,Ingenieria Mecanica,2,84.77,10217
9383,Carlos Ruiz 9383,Ingenieria en Sistemas,3,84.94,10254
9384,Maria Garcia 9384,Ingenieria Industrial,4,85.11,10291
9385,Luis Hernandez 9385,Ingenieria Civil,5,85.28,10328
9386,Sofia Morales 9386,Ingenieria Administrativa,6,85.45,10365
9387,Pedro Castillo 9387,Ingenieria en Software,7,85.62,10402
9388,Elena Pineda 9388,Ingenieria Mecanica,8,85.79,10439
9389,Jorge Contreras 9389,Ingenieria en Sistemas,9,85.96,10476
9390,Valeria Barrios 9390,Ingenieria Industrial,10,86.13,10513
9391,Karla Gomez 9391,Ingenieria Civil,1,86.30,10550
9392,Diego Navarro 9392,Ingenieria Administrativa,2,86.47,10587
9393,Rosa Fuentes 9393,Ingenieria en Software,3,86.64,10624
9394,Mario Lemus 9394,Ingenieria Mecanica,4,86.81,10661
9395,Paola Ortiz 9395,Ingenieria en Sistemas,5,86.98,10698
9396,Sergio Aragon 9396,Ingenieria Industrial,6,87.15,10735
9397,Dulce Arana 9397,Ingenieria Civil,7,87.32,10772
9398,Nancy Chamalé 9398,Ingenieria Administrativa,8,87.49,10809
9399,Byron Castellanos 9399,Ingenieria en Software,9,87.66,10846
9400,Helen Conoz 9400,Ingenieria Mecanica,10,87.83,10883
9401,Juan Perez 9401,Ingenieria en Sistemas,1,88.00,10920
9402,Ana Lopez 9402,Ingenieria Industrial,2,88.17,10957
9403,Carlos Ruiz 9403,Ingenieria Civil,3,88.34,10994
9404,Maria Garcia 9404,Ingenieria Administrativa,4,88.51,11031
9405,Luis Hernandez 9405,Ingenieria en Software,5,88.68,11068
9406,Sofia Morales 9406,Ingenieria Mecanica,6,88.85,11105
9407,Pedro Castillo 9407,Ingenieria en Sistemas,7,89.02,11142
9408,Elena Pineda 9408,Ingenieria Industrial,8,89.19,11179
9409,Jorge Contreras 9409,Ingenieria Civil,9,89.36,11216
9410,Valeria Barrios 9410,Ingenieria Administrativa,10,89.53,11253
9411,Karla Gomez 9411,Ingenieria en Software,1,89.70,11290
9412,Diego Navarro 9412,Ingenieria Mecanica,2,89.87,11327
9413,Rosa Fuentes 9413,Ingenieria en Sistemas,3,90.04,11364
9414,Mario Lemus 9414,Ingenieria Industrial,4,90.21,11401
9415,Paola Ortiz 9415,Ingenieria Civil,5,90.38,11438
9416,Sergio Aragon 9416,Ingenieria Administrativa,6,90.55,11475
9417,Dulce Arana 9417,Ingenieria en Software,7,90.72,11512
9418,Nancy Chamalé 9418,Ingenieria Mecanica,8,90.89,11549
9419,Byron Castellanos 9419,Ingenieria en Sistemas,9,91.06,11586
9420,Helen Conoz 9420,Ingenieria Industrial,10,91.23,11623
9421,Juan Perez 9421,Ingenieria Civil,1,91.40,11660
9422,Ana Lopez 9422,Ingenieria Administrativa,2,91.57,11697
9423,Carlos Ruiz 9423,Ingenieria en Software,3,91.74,11734
9424,Maria Garcia 9424,Ingenieria Mecanica,4,91.91,11771
9425,Luis Hernandez 9425,Ingenieria en Sistemas,5,92.08,11808
9426,Sofia Morales 9426,Ingenieria Industrial,6,92.25,11845
9427,Pedro Castillo 9427,Ingenieria Civil,7,92.42,11882
9428,Elena Pineda 9428,Ingenieria Administrativa,8,92.59,11919
9429,Jorge Contreras 9429,Ingenieria en Software,9,92.76,11956
9430,Valeria Barrios 9430,Ingenieria Mecanica,10,92.93,11993
9431,Karla Gomez 9431,Ingenieria en Sistemas,1,93.10,12030
9432,Diego Navarro 9432,Ingenieria Industrial,2,93.27,12067
9433,Rosa Fuentes 9433,Ingenieria Civil,3,93.44,12104
9434,Mario Lemus 9434,Ingenieria Administrativa,4,93.61,12141
9435,Paola Ortiz 9435,Ingenieria en Software,5,93.78,12178
9436,Sergio Aragon 9436,Ingenieria Mecanica,6,93.95,12215
9437,Dulce Arana 9437,Ingenieria en Sistemas,7,94.12,12252
9438,Nancy Chamalé 9438,Ingenieria Industrial,8,94.29,12289
9439,Byron Castellanos 9439,Ingenieria Civil,9,94.46,12326
9440,Helen Conoz 9440,Ingenieria Administrativa,10,94.63,12363
9441,Juan Perez 9441,Ingenieria en Software,1,94.80,12400
9442,Ana Lopez 9442,Ingenieria Mecanica,2,94.97,12437
9443,Carlos Ruiz 9443,Ingenieria en Sistemas,3,95.14,12474
9444,Maria Garcia 9444,Ingenieria Industrial,4,95.31,12511
9445,Luis Hernandez 9445,Ingenieria Civil,5,95.48,12548
9446,Sofia Morales 9446,Ingenieria Administrativa,6,95.65,12585
9447,Pedro Castillo 9447,Ingenieria en Software,7,95.82,12622
9448,Elena Pineda 9448,Ingenieria Mecanica,8,95.99,12659
9449,Jorge Contreras 9449,Ingenieria en Sistemas,9,96.16,12696
9450,Valeria Barrios 9450,Ingenieria Industrial,10,96.33,12733
9451,Karla Gomez 9451,Ingenieria Civil,1,96.50,12770
9452,Diego Navarro 9452,Ingenieria Administrativa,2,96.67,12807
9453,Rosa Fuentes 9453,Ingenieria en Software,3,96.84,12844
9454,Mario Lemus 9454,Ingenieria Mecanica,4,97.01,12881
9455,Paola Ortiz 9455,Ingenieria en Sistemas,5,97.18,12918
9456,Sergio Aragon 9456,Ingenieria Industrial,6,97.35,12955
9457,Dulce Arana 9457,Ingenieria Civil,7,97.52,12992
9458,Nancy Chamalé 9458,Ingenieria Administrativa,8,97.69,13029
9459,Byron Castellanos 9459,Ingenieria en Software,9,97.86,13066
9460,Helen Conoz 9460,Ingenieria Mecanica,10,98.03,13103
9461,Juan Perez 9461,Ingenieria en Sistemas,1,98.20,13140
9462,Ana Lopez 9462,Ingenieria Industrial,2,98.37,13177
9463,Carlos Ruiz 9463,Ingenieria Civil,3,98.54,13214
9464,Maria Garcia 9464,Ingenieria Administrativa,4,98.71,13251
9465,Luis Hernandez 9465,Ingenieria en Software,5,98.88,13288
9466,Sofia Morales 9466,Ingenieria Mecanica,6,99.05,13325
9467,Pedro Castillo 9467,Ingenieria en Sistemas,7,99.22,13362
9468,Elena Pineda 9468,Ingenieria Industrial,8,99.39,13399
9469,Jorge Contreras 9469,Ingenieria Civil,9,99.56,13436
9470,Valeria Barrios 9470,Ingenieria Administrativa,10,99.73,13473
9471,Karla Gomez 9471,Ingenieria en Software,1,99.90,13510
9472,Diego Navarro 9472,Ingenieria Mecanica,2,60.07,13547
9473,Rosa Fuentes 9473,Ingenieria en Sistemas,3,60.24,13584
9474,Mario Lemus 9474,Ingenieria Industrial,4,60.41,13621
9475,Paola Ortiz 9475,Ingenieria Civil,5,60.58,13658
9476,Sergio Aragon 9476,Ingenieria Administrativa,6,60.75,13695
9477,Dulce Arana 9477,Ingenieria en Software,7,60.92,13732
9478,Nancy Chamalé 9478,Ingenieria Mecanica,8,61.09,13769
9479,Byron Castellanos 9479,Ingenieria en Sistemas,9,61.26,13806
9480,Helen Conoz 9480,Ingenieria Industrial,10,61.43,13843
9481,Juan Perez 9481,Ingenieria Civil,1,61.60,13880
9482,Ana Lopez 9482,Ingenieria Administrativa,2,61.77,13917
9483,Carlos Ruiz 9483,Ingenieria en Software,3,61.94,13954
9484,Maria Garcia 9484,Ingenieria Mecanica,4,62.11,13991
9485,Luis Hernandez 9485,Ingenieria en Sistemas,5,62.28,14028
9486,Sofia Morales 9486,Ingenieria Industrial,6,62.45,14065
9487,Pedro Castillo 9487,Ingenieria Civil,7,62.62,14102
9488,Elena Pineda 9488,Ingenieria Administrativa,8,62.79,14139
9489,Jorge Contreras 9489,Ingenieria en Software,9,62.96,14176
9490,Valeria Barrios 9490,Ingenieria Mecanica,10,63.13,14213
9491,Karla Gomez 9491,Ingenieria en Sistemas,1,63.30,14250
9492,Diego Navarro 9492,Ingenieria Industrial,2,63.47,14287
9493,Rosa Fuentes 9493,Ingenieria Civil,3,63.64,14324
9494,Mario Lemus 9494,Ingenieria Administrativa,4,63.81,14361
9495,Paola Ortiz 9495,Ingenieria en Software,5,63.98,14398
9496,Sergio Aragon 9496,Ingenieria Mecanica,6,64.15,14435
9497,Dulce Arana 9497,Ingenieria en Sistemas,7,64.32,14472
9498,Nancy Chamalé 9498,Ingenieria Industrial,8,64.49,14509
9499,Byron Castellanos 9499,Ingenieria Civil,9,64.66,14546
9500,Helen Conoz 9500,Ingenieria Administrativa,10,64.83,14583
9501,Juan Perez 9501,Ingenieria en Software,1,65.00,14620
9502,Ana Lopez 9502,Ingenieria Mecanica,2,65.17,14657
9503,Carlos Ruiz 9503,Ingenieria en Sistemas,3,65.34,14694
9504,Maria Garcia 9504,Ingenieria Industrial,4,65.51,14731
9505,Luis Hernandez 9505,Ingenieria Civil,5,65.68,14768
9506,Sofia Morales 9506,Ingenieria Administrativa,6,65.85,14805
9507,Pedro Castillo 9507,Ingenieria en Software,7,66.02,14842
9508,Elena Pineda 9508,Ingenieria Mecanica,8,66.19,14879
9509,Jorge Contreras 9509,Ingenieria en Sistemas,9,66.36,14916
9510,Valeria Barrios 9510,Ingenieria Industrial,10,66.53,14953
9511,Karla Gomez 9511,Ingenieria Civil,1,66.70,14990
9512,Diego Navarro 9512,Ingenieria Administrativa,2,66.87,15027
9513,Rosa Fuentes 9513,Ingenieria en Software,3,67.04,15064
9514,Mario Lemus 9514,Ingenieria Mecanica,4,67.21,15101
9515,Paola Ortiz 9515,Ingenieria en Sistemas,5,67.38,15138
9516,Sergio Aragon 9516,Ingenieria Industrial,6,67.55,15175
9517,Dulce Arana 9517,Ingenieria Civil,7,67.72,15212
9518,Nancy Chamalé 9518,Ingenieria Administrativa,8,67.89,15249
9519,Byron Castellanos 9519,Ingenieria en Software,9,68.06,15286
9520,Helen Conoz 9520,Ingenieria Mecanica,10,68.23,15323
9521,Juan Perez 9521,Ingenieria en Sistemas,1,68.40,15360
9522,Ana Lopez 9522,Ingenieria Industrial,2,68.57,15397
9523,Carlos Ruiz 9523,Ingenieria Civil,3,68.74,15434
9524,Maria Garcia 9524,Ingenieria Administrativa,4,68.91,15471
9525,Luis Hernandez 9525,Ingenieria en Software,5,69.08,15508
9526,Sofia Morales 9526,Ingenieria Mecanica,6,69.25,15545
9527,Pedro Castillo 9527,Ingenieria en Sistemas,7,69.42,15582
9528,Elena Pineda 9528,Ingenieria Industrial,8,69.59,15619
9529,Jorge Contreras 9529,Ingenieria Civil,9,69.76,15656
9530,Valeria Barrios 9530,Ingenieria Administrativa,10,69.93,15693
9531,Karla Gomez 9531,Ingenieria en Software,1,70.10,15730
9532,Diego Navarro 9532,Ingenieria Mecanica,2,70.27,15767
9533,Rosa Fuentes 9533,Ingenieria en Sistemas,3,70.44,15804
9534,Mario Lemus 9534,Ingenieria Industrial,4,70.61,15841
9535,Paola Ortiz 9535,Ingenieria Civil,5,70.78,15878
9536,Sergio Aragon 9536,Ingenieria Administrativa,6,70.95,15915
9537,Dulce Arana 9537,Ingenieria en Software,7,71.12,15952
9538,Nancy Chamalé 9538,Ingenieria Mecanica,8,71.29,15989
9539,Byron Castellanos 9539,Ingenieria en Sistemas,9,71.46,16026
9540,Helen Conoz 9540,Ingenieria Industrial,10,71.63,16063
9541,Juan Perez 9541,Ingenieria Civil,1,71.80,16100
9542,Ana Lopez 9542,Ingenieria Administrativa,2,71.97,16137
9543,Carlos Ruiz 9543,Ingenieria en Software,3,72.14,16174
9544,Maria Garcia 9544,Ingenieria Mecanica,4,72.31,16211
9545,Luis Hernandez 9545,Ingenieria en Sistemas,5,72.48,16248
9546,Sofia Morales 9546,Ingenieria Industrial,6,72.65,16285
9547,Pedro Castillo 9547,Ingenieria Civil,7,72.82,16322
9548,Elena Pineda 9548,Ingenieria Administrativa,8,72.99,16359
9549,Jorge Contreras 9549,Ingenieria en Software,9,73.16,16396
9550,Valeria Barrios 9550,Ingenieria Mecanica,10,73.33,16433
9551,Karla Gomez 9551,Ingenieria en Sistemas,1,73.50,16470
9552,Diego Navarro 9552,Ingenieria Industrial,2,73.67,16507
9553,Rosa Fuentes 9553,Ingenieria Civil,3,73.84,16544
9554,Mario Lemus 9554,Ingenieria Administrativa,4,74.01,16581
9555,Paola Ortiz 9555,Ingenieria en Software,5,74.18,16618
9556,Sergio Aragon 9556,Ingenieria Mecanica,6,74.35,16655
9557,Dulce Arana 9557,Ingenieria en Sistemas,7,74.52,16692
9558,Nancy Chamalé 9558,Ingenieria Industrial,8,74.69,16729
9559,Byron Castellanos 9559,Ingenieria Civil,9,74.86,16766
9560,Helen Conoz 9560,Ingenieria Administrativa,10,75.03,16803
9561,Juan Perez 9561,Ingenieria en Software,1,75.20,16840
9562,Ana Lopez 9562,Ingenieria Mecanica,2,75.37,16877
9563,Carlos Ruiz 9563,Ingenieria en Sistemas,3,75.54,16914
9564,Maria Garcia 9564,Ingenieria Industrial,4,75.71,16951
9565,Luis Hernandez 9565,Ingenieria Civil,5,75.88,16988
9566,Sofia Morales 9566,Ingenieria Administrativa,6,76.05,17025
9567,Pedro Castillo 9567,Ingenieria en Software,7,76.22,17062
9568,Elena Pineda 9568,Ingenieria Mecanica,8,76.39,17099
9569,Jorge Contreras 9569,Ingenieria en Sistemas,9,76.56,17136
9570,Valeria Barrios 9570,Ingenieria Industrial,10,76.73,17173
9571,Karla Gomez 9571,Ingenieria Civil,1,76.90,17210
9572,Diego Navarro 9572,Ingenieria Administrativa,2,77.07,17247
9573,Rosa Fuentes 9573,Ingenieria en Software,3,77.24,17284
9574,Mario Lemus 9574,Ingenieria Mecanica,4,77.41,17321
9575,Paola Ortiz 9575,Ingenieria en Sistemas,5,77.58,17358
9576,Sergio Aragon 9576,Ingenieria Industrial,6,77.75,17395
9577,Dulce Arana 9577,Ingenieria Civil,7,77.92,17432
9578,Nancy Chamalé 9578,Ingenieria Administrativa,8,78.09,17469
9579,Byron Castellanos 9579,Ingenieria en Software,9,78.26,17506
9580,Helen Conoz 9580,Ingenieria Mecanica,10,78.43,17543
9581,Juan Perez 9581,Ingenieria en Sistemas,1,78.60,17580
9582,Ana Lopez 9582,Ingenieria Industrial,2,78.77,17617
9583,Carlos Ruiz 9583,Ingenieria Civil,3,78.94,17654
9584,Maria Garcia 9584,Ingenieria Administrativa,4,79.11,17691
9585,Luis Hernandez 9585,Ingenieria en Software,5,79.28,17728
9586,Sofia Morales 9586,Ingenieria Mecanica,6,79.45,17765
9587,Pedro Castillo 9587,Ingenieria en Sistemas,7,79.62,17802
9588,Elena Pineda 9588,Ingenieria Industrial,8,79.79,17839
9589,Jorge Contreras 9589,Ingenieria Civil,9,79.96,17876
9590,Valeria Barrios 9590,Ingenieria Administrativa,10,80.13,17913
9591,Karla Gomez 9591,Ingenieria en Software,1,80.30,17950
9592,Diego Navarro 9592,Ingenieria Mecanica,2,80.47,17987
9593,Rosa Fuentes 9593,Ingenieria en Sistemas,3,80.64,18024
9594,Mario Lemus 9594,Ingenieria Industrial,4,80.81,18061
9595,Paola Ortiz 9595,Ingenieria Civil,5,80.98,18098
9596,Sergio Aragon 9596,Ingenieria Administrativa,6,81.15,18135
9597,Dulce Arana 9597,Ingenieria en Software,7,81.32,18172
9598,Nancy Chamalé 9598,Ingenieria Mecanica,8,81.49,18209
9599,Byron Castellanos 9599,Ingenieria en Sistemas,9,81.66,18246
9600,Helen Conoz 9600,Ingenieria Industrial,10,81.83,18283
9601,Juan Perez 9601,Ingenieria Civil,1,82.00,18320
9602,Ana Lopez 9602,Ingenieria Administrativa,2,82.17,18357
9603,Carlos Ruiz 9603,Ingenieria en Software,3,82.34,18394
9604,Maria Garcia 9604,Ingenieria Mecanica,4,82.51,18431
9605,Luis Hernandez 9605,Ingenieria en Sistemas,5,82.68,18468
9606,Sofia Morales 9606,Ingenieria Industrial,6,82.85,18505
9607,Pedro Castillo 9607,Ingenieria Civil,7,83.02,18542
9608,Elena Pineda 9608,Ingenieria Administrativa,8,83.19,18579
9609,Jorge Contreras 9609,Ingenieria en Software,9,83.36,18616
9610,Valeria Barrios 9610,Ingenieria Mecanica,10,83.53,18653
9611,Karla Gomez 9611,Ingenieria en Sistemas,1,83.70,18690
9612,Diego Navarro 9612,Ingenieria Industrial,2,83.87,18727
9613,Rosa Fuentes 9613,Ingenieria Civil,3,84.04,18764
9614,Mario Lemus 9614,Ingenieria Administrativa,4,84.21,18801
9615,Paola Ortiz 9615,Ingenieria en Software,5,84.38,18838
9616,Sergio Aragon 9616,Ingenieria Mecanica,6,84.55,18875
9617,Dulce Arana 9617,Ingenieria en Sistemas,7,84.72,18912
9618,Nancy Chamalé 9618,Ingenieria Industrial,8,84.89,18949
9619,Byron Castellanos 9619,Ingenieria Civil,9,85.06,18986
9620,Helen Conoz 9620,Ingenieria Administrativa,10,85.23,19023
9621,Juan Perez 9621,Ingenieria en Software,1,85.40,19060
9622,Ana Lopez 9622,Ingenieria Mecanica,2,85.57,19097
9623,Carlos Ruiz 9623,Ingenieria en Sistemas,3,85.74,19134
9624,Maria Garcia 9624,Ingenieria Industrial,4,85.91,19171
9625,Luis Hernandez 9625,Ingenieria Civil,5,86.08,19208
9626,Sofia Morales 9626,Ingenieria Administrativa,6,86.25,19245
9627,Pedro Castillo 9627,Ingenieria en Software,7,86.42,19282
9628,Elena Pineda 9628,Ingenieria Mecanica,8,86.59,19319
9629,Jorge Contreras 9629,Ingenieria en Sistemas,9,86.76,19356
9630,Valeria Barrios 9630,Ingenieria Industrial,10,86.93,19393
9631,Karla Gomez 9631,Ingenieria Civil,1,87.10,19430
9632,Diego Navarro 9632,Ingenieria Administrativa,2,87.27,19467
9633,Rosa Fuentes 9633,Ingenieria en Software,3,87.44,19504
9634,Mario Lemus 9634,Ingenieria Mecanica,4,87.61,19541
9635,Paola Ortiz 9635,Ingenieria en Sistemas,5,87.78,19578
9636,Sergio Aragon 9636,Ingenieria Industrial,6,87.95,19615
9637,Dulce Arana 9637,Ingenieria Civil,7,88.12,19652
9638,Nancy Chamalé 9638,Ingenieria Administrativa,8,88.29,19689
9639,Byron Castellanos 9639,Ingenieria en Software,9,88.46,19726
9640,Helen Conoz 9640,Ingenieria Mecanica,10,88.63,19763
9641,Juan Perez 9641,Ingenieria en Sistemas,1,88.80,19800
9642,Ana Lopez 9642,Ingenieria Industrial,2,88.97,19837
9643,Carlos Ruiz 9643,Ingenieria Civil,3,89.14,19874
9644,Maria Garcia 9644,Ingenieria Administrativa,4,89.31,19911
9645,Luis Hernandez 9645,Ingenieria en Software,5,89.48,19948
9646,Sofia Morales 9646,Ingenieria Mecanica,6,89.65,19985
9647,Pedro Castillo 9647,Ingenieria en Sistemas,7,89.82,20022
9648,Elena Pineda 9648,Ingenieria Industrial,8,89.99,20059
9649,Jorge Contreras 9649,Ingenieria Civil,9,90.16,20096
9650,Valeria Barrios 9650,Ingenieria Administrativa,10,90.33,20133
9651,Karla Gomez 9651,Ingenieria en Software,1,90.50,20170
9652,Diego Navarro 9652,Ingenieria Mecanica,2,90.67,20207
9653,Rosa Fuentes 9653,Ingenieria en Sistemas,3,90.84,20244
9654,Mario Lemus 9654,Ingenieria Industrial,4,91.01,20281
9655,Paola Ortiz 9655,Ingenieria Civil,5,91.18,20318
9656,Sergio Aragon 9656,Ingenieria Administrativa,6,91.35,20355
9657,Dulce Arana 9657,Ingenieria en Software,7,91.52,20392
9658,Nancy Chamalé 9658,Ingenieria Mecanica,8,91.69,20429
9659,Byron Castellanos 9659,Ingenieria en Sistemas,9,91.86,20466
9660,Helen Conoz 9660,Ingenieria Industrial,10,92.03,20503
9661,Juan Perez 9661,Ingenieria Civil,1,92.20,20540
9662,Ana Lopez 9662,Ingenieria Administrativa,2,92.37,20577
9663,Carlos Ruiz 9663,Ingenieria en Software,3,92.54,20614
9664,Maria Garcia 9664,Ingenieria Mecanica,4,92.71,20651
9665,Luis Hernandez 9665,Ingenieria en Sistemas,5,92.88,20688
9666,Sofia Morales 9666,Ingenieria Industrial,6,93.05,20725
9667,Pedro Castillo 9667,Ingenieria Civil,7,93.22,20762
9668,Elena Pineda 9668,Ingenieria Administrativa,8,93.39,20799
9669,Jorge Contreras 9669,Ingenieria en Software,9,93.56,20836
9670,Valeria Barrios 9670,Ingenieria Mecanica,10,93.73,20873
9671,Karla Gomez 9671,Ingenieria en Sistemas,1,93.90,20910
9672,Diego Navarro 9672,Ingenieria Industrial,2,94.07,20947
9673,Rosa Fuentes 9673,Ingenieria Civil,3,94.24,20984
9674,Mario Lemus 9674,Ingenieria Administrativa,4,94.41,21021
9675,Paola Ortiz 9675,Ingenieria en Software,5,94.58,21058
9676,Sergio Aragon 9676,Ingenieria Mecanica,6,94.75,21095
9677,Dulce Arana 9677,Ingenieria en Sistemas,7,94.92,21132
9678,Nancy Chamalé 9678,Ingenieria Industrial,8,95.09,21169
9679,Byron Castellanos 9679,Ingenieria Civil,9,95.26,21206
9680,Helen Conoz 9680,Ingenieria Administrativa,10,95.43,21243
9681,Juan Perez 9681,Ingenieria en Software,1,95.60,21280
9682,Ana Lopez 9682,Ingenieria Mecanica,2,95.77,21317
9683,Carlos Ruiz 9683,Ingenieria en Sistemas,3,95.94,21354
9684,Maria Garcia 9684,Ingenieria Industrial,4,96.11,21391
9685,Luis Hernandez 9685,Ingenieria Civil,5,96.28,21428
9686,Sofia Morales 9686,Ingenieria Administrativa,6,96.45,21465
9687,Pedro Castillo 9687,Ingenieria en Software,7,96.62,21502
9688,Elena Pineda 9688,Ingenieria Mecanica,8,96.79,21539
9689,Jorge Contreras 9689,Ingenieria en Sistemas,9,96.96,21576
9690,Valeria Barrios 9690,Ingenieria Industrial,10,97.13,21613
9691,Karla Gomez 9691,Ingenieria Civil,1,97.30,21650
9692,Diego Navarro 9692,Ingenieria Administrativa,2,97.47,21687
9693,Rosa Fuentes 9693,Ingenieria en Software,3,97.64,21724
9694,Mario Lemus 9694,Ingenieria Mecanica,4,97.81,21761
9695,Paola Ortiz 9695,Ingenieria en Sistemas,5,97.98,21798
9696,Sergio Aragon 9696,Ingenieria Industrial,6,98.15,21835
9697,Dulce Arana 9697,Ingenieria Civil,7,98.32,21872
9698,Nancy Chamalé 9698,Ingenieria Administrativa,8,98.49,21909
9699,Byron Castellanos 9699,Ingenieria en Software,9,98.66,21946
9700,Helen Conoz 9700,Ingenieria Mecanica,10,98.83,21983
9701,Juan Perez 9701,Ingenieria en Sistemas,1,99.00,22020
9702,Ana Lopez 9702,Ingenieria Industrial,2,99.17,22057
9703,Carlos Ruiz 9703,Ingenieria Civil,3,99.34,22094
9704,Maria Garcia 9704,Ingenieria Administrativa,4,99.51,22131
9705,Luis Hernandez 9705,Ingenieria en Software,5,99.68,22168
9706,Sofia Morales 9706,Ingenieria Mecanica,6,99.85,22205
9707,Pedro Castillo 9707,Ingenieria en Sistemas,7,60.02,22242
9708,Elena Pineda 9708,Ingenieria Industrial,8,60.19,22279
9709,Jorge Contreras 9709,Ingenieria Civil,9,60.36,22316
9710,Valeria Barrios 9710,Ingenieria Administrativa,10,60.53,22353
9711,Karla Gomez 9711,Ingenieria en Software,1,60.70,22390
9712,Diego Navarro 9712,Ingenieria Mecanica,2,60.87,22427
9713,Rosa Fuentes 9713,Ingenieria en Sistemas,3,61.04,22464
9714,Mario Lemus 9714,Ingenieria Industrial,4,61.21,22501
9715,Paola Ortiz 9715,Ingenieria Civil,5,61.38,22538
9716,Sergio Aragon 9716,Ingenieria Administrativa,6,61.55,22575
9717,Dulce Arana 9717,Ingenieria en Software,7,61.72,22612
9718,Nancy Chamalé 9718,Ingenieria Mecanica,8,61.89,22649
9719,Byron Castellanos 9719,Ingenieria en Sistemas,9,62.06,22686
9720,Helen Conoz 9720,Ingenieria Industrial,10,62.23,22723
9721,Juan Perez 9721,Ingenieria Civil,1,62.40,22760
9722,Ana Lopez 9722,Ingenieria Administrativa,2,62.57,22797
9723,Carlos Ruiz 9723,Ingenieria en Software,3,62.74,22834
9724,Maria Garcia 9724,Ingenieria Mecanica,4,62.91,22871
9725,Luis Hernandez 9725,Ingenieria en Sistemas,5,63.08,22908
9726,Sofia Morales 9726,Ingenieria Industrial,6,63.25,22945
9727,Pedro Castillo 9727,Ingenieria Civil,7,63.42,22982
9728,Elena Pineda 9728,Ingenieria Administrativa,8,63.59,23019
9729,Jorge Contreras 9729,Ingenieria en Software,9,63.76,23056
9730,Valeria Barrios 9730,Ingenieria Mecanica,10,63.93,23093
9731,Karla Gomez 9731,Ingenieria en Sistemas,1,64.10,23130
9732,Diego Navarro 9732,Ingenieria Industrial,2,64.27,23167
9733,Rosa Fuentes 9733,Ingenieria Civil,3,64.44,23204
9734,Mario Lemus 9734,Ingenieria Administrativa,4,64.61,23241
9735,Paola Ortiz 9735,Ingenieria en Software,5,64.78,23278
9736,Sergio Aragon 9736,Ingenieria Mecanica,6,64.95,23315
9737,Dulce Arana 9737,Ingenieria en Sistemas,7,65.12,23352
9738,Nancy Chamalé 9738,Ingenieria Industrial,8,65.29,23389
9739,Byron Castellanos 9739,Ingenieria Civil,9,65.46,23426
9740,Helen Conoz 9740,Ingenieria Administrativa,10,65.63,23463
9741,Juan Perez 9741,Ingenieria en Software,1,65.80,23500
9742,Ana Lopez 9742,Ingenieria Mecanica,2,65.97,23537
9743,Carlos Ruiz 9743,Ingenieria en Sistemas,3,66.14,23574
9744,Maria Garcia 9744,Ingenieria Industrial,4,66.31,23611
9745,Luis Hernandez 9745,Ingenieria Civil,5,66.48,23648
9746,Sofia Morales 9746,Ingenieria Administrativa,6,66.65,23685
9747,Pedro Castillo 9747,Ingenieria en Software,7,66.82,23722
9748,Elena Pineda 9748,Ingenieria Mecanica,8,66.99,23759
9749,Jorge Contreras 9749,Ingenieria en Sistemas,9,67.16,23796
9750,Valeria Barrios 9750,Ingenieria Industrial,10,67.33,23833
9751,Karla Gomez 9751,Ingenieria Civil,1,67.50,23870
9752,Diego Navarro 9752,Ingenieria Administrativa,2,67.67,23907
9753,Rosa Fuentes 9753,Ingenieria en Software,3,67.84,23944
9754,Mario Lemus 9754,Ingenieria Mecanica,4,68.01,23981
9755,Paola Ortiz 9755,Ingenieria en Sistemas,5,68.18,24018
9756,Sergio Aragon 9756,Ingenieria Industrial,6,68.35,24055
9757,Dulce Arana 9757,Ingenieria Civil,7,68.52,24092
9758,Nancy Chamalé 9758,Ingenieria Administrativa,8,68.69,24129
9759,Byron Castellanos 9759,Ingenieria en Software,9,68.86,24166
9760,Helen Conoz 9760,Ingenieria Mecanica,10,69.03,24203
9761,Juan Perez 9761,Ingenieria en Sistemas,1,69.20,24240
9762,Ana Lopez 9762,Ingenieria Industrial,2,69.37,24277
9763,Carlos Ruiz 9763,Ingenieria Civil,3,69.54,24314
9764,Maria Garcia 9764,Ingenieria Administrativa,4,69.71,24351
9765,Luis Hernandez 9765,Ingenieria en Software,5,69.88,24388
9766,Sofia Morales 9766,Ingenieria Mecanica,6,70.05,24425
9767,Pedro Castillo 9767,Ingenieria en Sistemas,7,70.22,24462
9768,Elena Pineda 9768,Ingenieria Industrial,8,70.39,24499
9769,Jorge Contreras 9769,Ingenieria Civil,9,70.56,24536
9770,Valeria Barrios 9770,Ingenieria Administrativa,10,70.73,24573
9771,Karla Gomez 9771,Ingenieria en Software,1,70.90,24610
9772,Diego Navarro 9772,Ingenieria Mecanica,2,71.07,24647
9773,Rosa Fuentes 9773,Ingenieria en Sistemas,3,71.24,24684
9774,Mario Lemus 9774,Ingenieria Industrial,4,71.41,24721
9775,Paola Ortiz 9775,Ingenieria Civil,5,71.58,24758
9776,Sergio Aragon 9776,Ingenieria Administrativa,6,71.75,24795
9777,Dulce Arana 9777,Ingenieria en Software,7,71.92,24832
9778,Nancy Chamalé 9778,Ingenieria Mecanica,8,72.09,24869
9779,Byron Castellanos 9779,Ingenieria en Sistemas,9,72.26,24906
9780,Helen Conoz 9780,Ingenieria Industrial,10,72.43,24943
9781,Juan Perez 9781,Ingenieria Civil,1,72.60,24980
9782,Ana Lopez 9782,Ingenieria Administrativa,2,72.77,25017
9783,Carlos Ruiz 9783,Ingenieria en Software,3,72.94,25054
9784,Maria Garcia 9784,Ingenieria Mecanica,4,73.11,25091
9785,Luis Hernandez 9785,Ingenieria en Sistemas,5,73.28,25128
9786,Sofia Morales 9786,Ingenieria Industrial,6,73.45,25165
9787,Pedro Castillo 9787,Ingenieria Civil,7,73.62,25202
9788,Elena Pineda 9788,Ingenieria Administrativa,8,73.79,25239
9789,Jorge Contreras 9789,Ingenieria en Software,9,73.96,25276
9790,Valeria Barrios 9790,Ingenieria Mecanica,10,74.13,25313
9791,Karla Gomez 9791,Ingenieria en Sistemas,1,74.30,25350
9792,Diego Navarro 9792,Ingenieria Industrial,2,74.47,25387
9793,Rosa Fuentes 9793,Ingenieria Civil,3,74.64,25424
9794,Mario Lemus 9794,Ingenieria Administrativa,4,74.81,25461
9795,Paola Ortiz 9795,Ingenieria en Software,5,74.98,25498
9796,Sergio Aragon 9796,Ingenieria Mecanica,6,75.15,25535
9797,Dulce Arana 9797,Ingenieria en Sistemas,7,75.32,25572
9798,Nancy Chamalé 9798,Ingenieria Industrial,8,75.49,25609
9799,Byron Castellanos 9799,Ingenieria Civil,9,75.66,25646
9800,Helen Conoz 9800,Ingenieria Administrativa,10,75.83,25683
9801,Juan Perez 9801,Ingenieria en Software,1,76.00,25720
9802,Ana Lopez 9802,Ingenieria Mecanica,2,76.17,25757
9803,Carlos Ruiz 9803,Ingenieria en Sistemas,3,76.34,25794
9804,Maria Garcia 9804,Ingenieria Industrial,4,76.51,25831
9805,Luis Hernandez 9805,Ingenieria Civil,5,76.68,25868
9806,Sofia Morales 9806,Ingenieria Administrativa,6,76.85,25905
9807,Pedro Castillo 9807,Ingenieria en Software,7,77.02,25942
9808,Elena Pineda 9808,Ingenieria Mecanica,8,77.19,25979
9809,Jorge Contreras 9809,Ingenieria en Sistemas,9,77.36,26016
9810,Valeria Barrios 9810,Ingenieria Industrial,10,77.53,26053
9811,Karla Gomez 9811,Ingenieria Civil,1,77.70,26090
9812,Diego Navarro 9812,Ingenieria Administrativa,2,77.87,26127
9813,Rosa Fuentes 9813,Ingenieria en Software,3,78.04,26164
9814,Mario Lemus 9814,Ingenieria Mecanica,4,78.21,26201
9815,Paola Ortiz 9815,Ingenieria en Sistemas,5,78.38,26238
9816,Sergio Aragon 9816,Ingenieria Industrial,6,78.55,26275
9817,Dulce Arana 9817,Ingenieria Civil,7,78.72,26312
9818,Nancy Chamalé 9818,Ingenieria Administrativa,8,78.89,26349
9819,Byron Castellanos 9819,Ingenieria en Software,9,79.06,26386
9820,Helen Conoz 9820,Ingenieria Mecanica,10,79.23,26423
9821,Juan Perez 9821,Ingenieria en Sistemas,1,79.40,26460
9822,Ana Lopez 9822,Ingenieria Industrial,2,79.57,26497
9823,Carlos Ruiz 9823,Ingenieria Civil,3,79.74,26534
9824,Maria Garcia 9824,Ingenieria Administrativa,4,79.91,26571
9825,Luis Hernandez 9825,Ingenieria en Software,5,80.08,26608
9826,Sofia Morales 9826,Ingenieria Mecanica,6,80.25,26645
9827,Pedro Castillo 9827,Ingenieria en Sistemas,7,80.42,26682
9828,Elena Pineda 9828,Ingenieria Industrial,8,80.59,26719
9829,Jorge Contreras 9829,Ingenieria Civil,9,80.76,26756
9830,Valeria Barrios 9830,Ingenieria Administrativa,10,80.93,26793
9831,Karla Gomez 9831,Ingenieria en Software,1,81.10,26830
9832,Diego Navarro 9832,Ingenieria Mecanica,2,81.27,26867
9833,Rosa Fuentes 9833,Ingenieria en Sistemas,3,81.44,26904
9834,Mario Lemus 9834,Ingenieria Industrial,4,81.61,26941
9835,Paola Ortiz 9835,Ingenieria Civil,5,81.78,26978
9836,Sergio Aragon 9836,Ingenieria Administrativa,6,81.95,27015
9837,Dulce Arana 9837,Ingenieria en Software,7,82.12,27052
9838,Nancy Chamalé 9838,Ingenieria Mecanica,8,82.29,27089
9839,Byron Castellanos 9839,Ingenieria en Sistemas,9,82.46,27126
9840,Helen Conoz 9840,Ingenieria Industrial,10,82.63,27163
9841,Juan Perez 9841,Ingenieria Civil,1,82.80,27200
9842,Ana Lopez 9842,Ingenieria Administrativa,2,82.97,27237
9843,Carlos Ruiz 9843,Ingenieria en Software,3,83.14,27274
9844,Maria Garcia 9844,Ingenieria Mecanica,4,83.31,27311
9845,Luis Hernandez 9845,Ingenieria en Sistemas,5,83.48,27348
9846,Sofia Morales 9846,Ingenieria Industrial,6,83.65,27385
9847,Pedro Castillo 9847,Ingenieria Civil,7,83.82,27422
9848,Elena Pineda 9848,Ingenieria Administrativa,8,83.99,27459
9849,Jorge Contreras 9849,Ingenieria en Software,9,84.16,27496
9850,Valeria Barrios 9850,Ingenieria Mecanica,10,84.33,27533
9851,Karla Gomez 9851,Ingenieria en Sistemas,1,84.50,27570
9852,Diego Navarro 9852,Ingenieria Industrial,2,84.67,27607
9853,Rosa Fuentes 9853,Ingenieria Civil,3,84.84,27644
9854,Mario Lemus 9854,Ingenieria Administrativa,4,85.01,27681
9855,Paola Ortiz 9855,Ingenieria en Software,5,85.18,27718
9856,Sergio Aragon 9856,Ingenieria Mecanica,6,85.35,27755
9857,Dulce Arana 9857,Ingenieria en Sistemas,7,85.52,27792
9858,Nancy Chamalé 9858,Ingenieria Industrial,8,85.69,27829
9859,Byron Castellanos 9859,Ingenieria Civil,9,85.86,27866
9860,Helen Conoz 9860,Ingenieria Administrativa,10,86.03,27903
9861,Juan Perez 9861,Ingenieria en Software,1,86.20,27940
9862,Ana Lopez 9862,Ingenieria Mecanica,2,86.37,27977
9863,Carlos Ruiz 9863,Ingenieria en Sistemas,3,86.54,28014
9864,Maria Garcia 9864,Ingenieria Industrial,4,86.71,28051
9865,Luis Hernandez 9865,Ingenieria Civil,5,86.88,28088
9866,Sofia Morales 9866,Ingenieria Administrativa,6,87.05,28125
9867,Pedro Castillo 9867,Ingenieria en Software,7,87.22,28162
9868,Elena Pineda 9868,Ingenieria Mecanica,8,87.39,28199
9869,Jorge Contreras 9869,Ingenieria en Sistemas,9,87.56,28236
9870,Valeria Barrios 9870,Ingenieria Industrial,10,87.73,28273
9871,Karla Gomez 9871,Ingenieria Civil,1,87.90,28310
9872,Diego Navarro 9872,Ingenieria Administrativa,2,88.07,28347
9873,Rosa Fuentes 9873,Ingenieria en Software,3,88.24,28384
9874,Mario Lemus 9874,Ingenieria Mecanica,4,88.41,28421
9875,Paola Ortiz 9875,Ingenieria en Sistemas,5,88.58,28458
9876,Sergio Aragon 9876,Ingenieria Industrial,6,88.75,28495
9877,Dulce Arana 9877,Ingenieria Civil,7,88.92,28532
9878,Nancy Chamalé 9878,Ingenieria Administrativa,8,89.09,28569
9879,Byron Castellanos 9879,Ingenieria en Software,9,89.26,28606
9880,Helen Conoz 9880,Ingenieria Mecanica,10,89.43,28643
9881,Juan Perez 9881,Ingenieria en Sistemas,1,89.60,28680
9882,Ana Lopez 9882,Ingenieria Industrial,2,89.77,28717
9883,Carlos Ruiz 9883,Ingenieria Civil,3,89.94,28754
9884,Maria Garcia 9884,Ingenieria Administrativa,4,90.11,28791
9885,Luis Hernandez 9885,Ingenieria en Software,5,90.28,28828
9886,Sofia Morales 9886,Ingenieria Mecanica,6,90.45,28865
9887,Pedro Castillo 9887,Ingenieria en Sistemas,7,90.62,28902
9888,Elena Pineda 9888,Ingenieria Industrial,8,90.79,28939
9889,Jorge Contreras 9889,Ingenieria Civil,9,90.96,28976
9890,Valeria Barrios 9890,Ingenieria Administrativa,10,91.13,29013
9891,Karla Gomez 9891,Ingenieria en Software,1,91.30,29050
9892,Diego Navarro 9892,Ingenieria Mecanica,2,91.47,29087
9893,Rosa Fuentes 9893,Ingenieria en Sistemas,3,91.64,29124
9894,Mario Lemus 9894,Ingenieria Industrial,4,91.81,29161
9895,Paola Ortiz 9895,Ingenieria Civil,5,91.98,29198
9896,Sergio Aragon 9896,Ingenieria Administrativa,6,92.15,29235
9897,Dulce Arana 9897,Ingenieria en Software,7,92.32,29272
9898,Nancy Chamalé 9898,Ingenieria Mecanica,8,92.49,29309
9899,Byron Castellanos 9899,Ingenieria en Sistemas,9,92.66,29346
9900,Helen Conoz 9900,Ingenieria Industrial,10,92.83,29383
9901,Juan Perez 9901,Ingenieria Civil,1,93.00,29420
9902,Ana Lopez 9902,Ingenieria Administrativa,2,93.17,29457
9903,Carlos Ruiz 9903,Ingenieria en Software,3,93.34,29494
9904,Maria Garcia 9904,Ingenieria Mecanica,4,93.51,29531
9905,Luis Hernandez 9905,Ingenieria en Sistemas,5,93.68,29568
9906,Sofia Morales 9906,Ingenieria Industrial,6,93.85,29605
9907,Pedro Castillo 9907,Ingenieria Civil,7,94.02,29642
9908,Elena Pineda 9908,Ingenieria Administrativa,8,94.19,29679
9909,Jorge Contreras 9909,Ingenieria en Software,9,94.36,29716
9910,Valeria Barrios 9910,Ingenieria Mecanica,10,94.53,29753
9911,Karla Gomez 9911,Ingenieria en Sistemas,1,94.70,29790
9912,Diego Navarro 9912,Ingenieria Industrial,2,94.87,29827
9913,Rosa Fuentes 9913,Ingenieria Civil,3,95.04,29864
9914,Mario Lemus 9914,Ingenieria Administrativa,4,95.21,29901
9915,Paola Ortiz 9915,Ingenieria en Software,5,95.38,29938
9916,Sergio Aragon 9916,Ingenieria Mecanica,6,95.55,29975
9917,Dulce Arana 9917,Ingenieria en Sistemas,7,95.72,30012
9918,Nancy Chamalé 9918,Ingenieria Industrial,8,95.89,30049
9919,Byron Castellanos 9919,Ingenieria Civil,9,96.06,30086
9920,Helen Conoz 9920,Ingenieria Administrativa,10,96.23,30123
9921,Juan Perez 9921,Ingenieria en Software,1,96.40,30160
9922,Ana Lopez 9922,Ingenieria Mecanica,2,96.57,30197
9923,Carlos Ruiz 9923,Ingenieria en Sistemas,3,96.74,30234
9924,Maria Garcia 9924,Ingenieria Industrial,4,96.91,30271
9925,Luis Hernandez 9925,Ingenieria Civil,5,97.08,30308
9926,Sofia Morales 9926,Ingenieria Administrativa,6,97.25,30345
9927,Pedro Castillo 9927,Ingenieria en Software,7,97.42,30382
9928,Elena Pineda 9928,Ingenieria Mecanica,8,97.59,30419
9929,Jorge Contreras 9929,Ingenieria en Sistemas,9,97.76,30456
9930,Valeria Barrios 9930,Ingenieria Industrial,10,97.93,30493
9931,Karla Gomez 9931,Ingenieria Civil,1,98.10,30530
9932,Diego Navarro 9932,Ingenieria Administrativa,2,98.27,30567
9933,Rosa Fuentes 9933,Ingenieria en Software,3,98.44,30604
9934,Mario Lemus 9934,Ingenieria Mecanica,4,98.61,30641
9935,Paola Ortiz 9935,Ingenieria en Sistemas,5,98.78,30678
9936,Sergio Aragon 9936,Ingenieria Industrial,6,98.95,30715
9937,Dulce Arana 9937,Ingenieria Civil,7,99.12,30752
9938,Nancy Chamalé 9938,Ingenieria Administrativa,8,99.29,30789
9939,Byron Castellanos 9939,Ingenieria en Software,9,99.46,30826
9940,Helen Conoz 9940,Ingenieria Mecanica,10,99.63,30863
9941,Juan Perez 9941,Ingenieria en Sistemas,1,99.80,30900
9942,Ana Lopez 9942,Ingenieria Industrial,2,99.97,30937
9943,Carlos Ruiz 9943,Ingenieria Civil,3,60.14,30974
9944,Maria Garcia 9944,Ingenieria Administrativa,4,60.31,31011
9945,Luis Hernandez 9945,Ingenieria en Software,5,60.48,31048
9946,Sofia Morales 9946,Ingenieria Mecanica,6,60.65,31085
9947,Pedro Castillo 9947,Ingenieria en Sistemas,7,60.82,31122
9948,Elena Pineda 9948,Ingenieria Industrial,8,60.99,31159
9949,Jorge Contreras 9949,Ingenieria Civil,9,61.16,31196
9950,Valeria Barrios 9950,Ingenieria Administrativa,10,61.33,31233
9951,Karla Gomez 9951,Ingenieria en Software,1,61.50,31270
9952,Diego Navarro 9952,Ingenieria Mecanica,2,61.67,31307
9953,Rosa Fuentes 9953,Ingenieria en Sistemas,3,61.84,31344
9954,Mario Lemus 9954,Ingenieria Industrial,4,62.01,31381
9955,Paola Ortiz 9955,Ingenieria Civil,5,62.18,31418
9956,Sergio Aragon 9956,Ingenieria Administrativa,6,62.35,31455
9957,Dulce Arana 9957,Ingenieria en Software,7,62.52,31492
9958,Nancy Chamalé 9958,Ingenieria Mecanica,8,62.69,31529
9959,Byron Castellanos 9959,Ingenieria en Sistemas,9,62.86,31566
9960,Helen Conoz 9960,Ingenieria Industrial,10,63.03,31603
9961,Juan Perez 9961,Ingenieria Civil,1,63.20,31640
9962,Ana Lopez 9962,Ingenieria Administrativa,2,63.37,31677
9963,Carlos Ruiz 9963,Ingenieria en Software,3,63.54,31714
9964,Maria Garcia 9964,Ingenieria Mecanica,4,63.71,31751
9965,Luis Hernandez 9965,Ingenieria en Sistemas,5,63.88,31788
9966,Sofia Morales 9966,Ingenieria Industrial,6,64.05,31825
9967,Pedro Castillo 9967,Ingenieria Civil,7,64.22,31862
9968,Elena Pineda 9968,Ingenieria Administrativa,8,64.39,31899
9969,Jorge Contreras 9969,Ingenieria en Software,9,64.56,31936
9970,Valeria Barrios 9970,Ingenieria Mecanica,10,64.73,31973
9971,Karla Gomez 9971,Ingenieria en Sistemas,1,64.90,32010
9972,Diego Navarro 9972,Ingenieria Industrial,2,65.07,32047
9973,Rosa Fuentes 9973,Ingenieria Civil,3,65.24,32084
9974,Mario Lemus 9974,Ingenieria Administrativa,4,65.41,32121
9975,Paola Ortiz 9975,Ingenieria en Software,5,65.58,32158
9976,Sergio Aragon 9976,Ingenieria Mecanica,6,65.75,32195
9977,Dulce Arana 9977,Ingenieria en Sistemas,7,65.92,32232
9978,Nancy Chamalé 9978,Ingenieria Industrial,8,66.09,32269
9979,Byron Castellanos 9979,Ingenieria Civil,9,66.26,32306
9980,Helen Conoz 9980,Ingenieria Administrativa,10,66.43,32343
9981,Juan Perez 9981,Ingenieria en Software,1,66.60,32380
9982,Ana Lopez 9982,Ingenieria Mecanica,2,66.77,32417
9983,Carlos Ruiz 9983,Ingenieria en Sistemas,3,66.94,32454
9984,Maria Garcia 9984,Ingenieria Industrial,4,67.11,32491
9985,Luis Hernandez 9985,Ingenieria Civil,5,67.28,32528
9986,Sofia Morales 9986,Ingenieria Administrativa,6,67.45,32565
9987,Pedro Castillo 9987,Ingenieria en Software,7,67.62,32602
9988,Elena Pineda 9988,Ingenieria Mecanica,8,67.79,32639
9989,Jorge Contreras 9989,Ingenieria en Sistemas,9,67.96,32676
9990,Valeria Barrios 9990,Ingenieria Industrial,10,68.13,32713
9991,Karla Gomez 9991,Ingenieria Civil,1,68.30,32750
9992,Diego Navarro 9992,Ingenieria Administrativa,2,68.47,32787
9993,Rosa Fuentes 9993,Ingenieria en Software,3,68.64,32824
9994,Mario Lemus 9994,Ingenieria Mecanica,4,68.81,32861
9995,Paola Ortiz 9995,Ingenieria en Sistemas,5,68.98,32898
9996,Sergio Aragon 9996,Ingenieria Industrial,6,69.15,32935
9997,Dulce Arana 9997,Ingenieria Civil,7,69.32,32972
9998,Nancy Chamalé 9998,Ingenieria Administrativa,8,69.49,33009
9999,Byron Castellanos 9999,Ingenieria en Software,9,69.66,33046
10000,Helen Conoz 10000,Ingenieria Mecanica,10,69.83,33083
10001,Juan Perez 10001,Ingenieria en Sistemas,1,70.00,33120
10002,Ana Lopez 10002,Ingenieria Industrial,2,70.17,33157
10003,Carlos Ruiz 10003,Ingenieria Civil,3,70.34,33194
10004,Maria Garcia 10004,Ingenieria Administrativa,4,70.51,33231
10005,Luis Hernandez 10005,Ingenieria en Software,5,70.68,33268
10006,Sofia Morales 10006,Ingenieria Mecanica,6,70.85,33305
10007,Pedro Castillo 10007,Ingenieria en Sistemas,7,71.02,33342
10008,Elena Pineda 10008,Ingenieria Industrial,8,71.19,33379
10009,Jorge Contreras 10009,Ingenieria Civil,9,71.36,33416
10010,Valeria Barrios 10010,Ingenieria Administrativa,10,71.53,33453
10011,Karla Gomez 10011,Ingenieria en Software,1,71.70,33490
10012,Diego Navarro 10012,Ingenieria Mecanica,2,71.87,33527
10013,Rosa Fuentes 10013,Ingenieria en Sistemas,3,72.04,33564
10014,Mario Lemus 10014,Ingenieria Industrial,4,72.21,33601
10015,Paola Ortiz 10015,Ingenieria Civil,5,72.38,33638
10016,Sergio Aragon 10016,Ingenieria Administrativa,6,72.55,33675
10017,Dulce Arana 10017,Ingenieria en Software,7,72.72,33712
10018,Nancy Chamalé 10018,Ingenieria Mecanica,8,72.89,33749
10019,Byron Castellanos 10019,Ingenieria en Sistemas,9,73.06,33786
10020,Helen Conoz 10020,Ingenieria Industrial,10,73.23,33823
10021,Juan Perez 10021,Ingenieria Civil,1,73.40,33860
10022,Ana Lopez 10022,Ingenieria Administrativa,2,73.57,33897
10023,Carlos Ruiz 10023,Ingenieria en Software,3,73.74,33934
10024,Maria Garcia 10024,Ingenieria Mecanica,4,73.91,33971
10025,Luis Hernandez 10025,Ingenieria en Sistemas,5,74.08,34008
10026,Sofia Morales 10026,Ingenieria Industrial,6,74.25,34045
10027,Pedro Castillo 10027,Ingenieria Civil,7,74.42,34082
10028,Elena Pineda 10028,Ingenieria Administrativa,8,74.59,34119
10029,Jorge Contreras 10029,Ingenieria en Software,9,74.76,34156
10030,Valeria Barrios 10030,Ingenieria Mecanica,10,74.93,34193
10031,Karla Gomez 10031,Ingenieria en Sistemas,1,75.10,34230
10032,Diego Navarro 10032,Ingenieria Industrial,2,75.27,34267
10033,Rosa Fuentes 10033,Ingenieria Civil,3,75.44,34304
10034,Mario Lemus 10034,Ingenieria Administrativa,4,75.61,34341
10035,Paola Ortiz 10035,Ingenieria en Software,5,75.78,34378
10036,Sergio Aragon 10036,Ingenieria Mecanica,6,75.95,34415
10037,Dulce Arana 10037,Ingenieria en Sistemas,7,76.12,34452
10038,Nancy Chamalé 10038,Ingenieria Industrial,8,76.29,34489
10039,Byron Castellanos 10039,Ingenieria Civil,9,76.46,34526
10040,Helen Conoz 10040,Ingenieria Administrativa,10,76.63,34563
10041,Juan Perez 10041,Ingenieria en Software,1,76.80,34600
10042,Ana Lopez 10042,Ingenieria Mecanica,2,76.97,34637
10043,Carlos Ruiz 10043,Ingenieria en Sistemas,3,77.14,34674
10044,Maria Garcia 10044,Ingenieria Industrial,4,77.31,34711
10045,Luis Hernandez 10045,Ingenieria Civil,5,77.48,34748
10046,Sofia Morales 10046,Ingenieria Administrativa,6,77.65,34785
10047,Pedro Castillo 10047,Ingenieria en Software,7,77.82,34822
10048,Elena Pineda 10048,Ingenieria Mecanica,8,77.99,34859
10049,Jorge Contreras 10049,Ingenieria en Sistemas,9,78.16,34896
10050,Valeria Barrios 10050,Ingenieria Industrial,10,78.33,34933
10051,Karla Gomez 10051,Ingenieria Civil,1,78.50,34970
10052,Diego Navarro 10052,Ingenieria Administrativa,2,78.67,35007
10053,Rosa Fuentes 10053,Ingenieria en Software,3,78.84,35044
10054,Mario Lemus 10054,Ingenieria Mecanica,4,79.01,35081
10055,Paola Ortiz 10055,Ingenieria en Sistemas,5,79.18,35118
10056,Sergio Aragon 10056,Ingenieria Industrial,6,79.35,35155
10057,Dulce Arana 10057,Ingenieria Civil,7,79.52,35192
10058,Nancy Chamalé 10058,Ingenieria Administrativa,8,79.69,35229
10059,Byron Castellanos 10059,Ingenieria en Software,9,79.86,35266
10060,Helen Conoz 10060,Ingenieria Mecanica,10,80.03,35303
10061,Juan Perez 10061,Ingenieria en Sistemas,1,80.20,35340
10062,Ana Lopez 10062,Ingenieria Industrial,2,80.37,35377
10063,Carlos Ruiz 10063,Ingenieria Civil,3,80.54,35414
10064,Maria Garcia 10064,Ingenieria Administrativa,4,80.71,35451
10065,Luis Hernandez 10065,Ingenieria en Software,5,80.88,35488
10066,Sofia Morales 10066,Ingenieria Mecanica,6,81.05,35525
10067,Pedro Castillo 10067,Ingenieria en Sistemas,7,81.22,35562
10068,Elena Pineda 10068,Ingenieria Industrial,8,81.39,35599
10069,Jorge Contreras 10069,Ingenieria Civil,9,81.56,35636
10070,Valeria Barrios 10070,Ingenieria Administrativa,10,81.73,35673
10071,Karla Gomez 10071,Ingenieria en Software,1,81.90,35710
10072,Diego Navarro 10072,Ingenieria Mecanica,2,82.07,35747
10073,Rosa Fuentes 10073,Ingenieria en Sistemas,3,82.24,35784
10074,Mario Lemus 10074,Ingenieria Industrial,4,82.41,35821
10075,Paola Ortiz 10075,Ingenieria Civil,5,82.58,35858
10076,Sergio Aragon 10076,Ingenieria Administrativa,6,82.75,35895
10077,Dulce Arana 10077,Ingenieria en Software,7,82.92,35932
10078,Nancy Chamalé 10078,Ingenieria Mecanica,8,83.09,35969
10079,Byron Castellanos 10079,Ingenieria en Sistemas,9,83.26,36006
10080,Helen Conoz 10080,Ingenieria Industrial,10,83.43,36043
10081,Juan Perez 10081,Ingenieria Civil,1,83.60,36080
10082,Ana Lopez 10082,Ingenieria Administrativa,2,83.77,36117
10083,Carlos Ruiz 10083,Ingenieria en Software,3,83.94,36154
10084,Maria Garcia 10084,Ingenieria Mecanica,4,84.11,36191
10085,Luis Hernandez 10085,Ingenieria en Sistemas,5,84.28,36228
10086,Sofia Morales 10086,Ingenieria Industrial,6,84.45,36265
10087,Pedro Castillo 10087,Ingenieria Civil,7,84.62,36302
10088,Elena Pineda 10088,Ingenieria Administrativa,8,84.79,36339
10089,Jorge Contreras 10089,Ingenieria en Software,9,84.96,36376
10090,Valeria Barrios 10090,Ingenieria Mecanica,10,85.13,36413
10091,Karla Gomez 10091,Ingenieria en Sistemas,1,85.30,36450
10092,Diego Navarro 10092,Ingenieria Industrial,2,85.47,36487
10093,Rosa Fuentes 10093,Ingenieria Civil,3,85.64,36524
10094,Mario Lemus 10094,Ingenieria Administrativa,4,85.81,36561
10095,Paola Ortiz 10095,Ingenieria en Software,5,85.98,36598
10096,Sergio Aragon 10096,Ingenieria Mecanica,6,86.15,36635
10097,Dulce Arana 10097,Ingenieria en Sistemas,7,86.32,36672
10098,Nancy Chamalé 10098,Ingenieria Industrial,8,86.49,36709
10099,Byron Castellanos 10099,Ingenieria Civil,9,86.66,36746
10100,Helen Conoz 10100,Ingenieria Administrativa,10,86.83,36783
10101,Juan Perez 10101,Ingenieria en Software,1,87.00,36820
10102,Ana Lopez 10102,Ingenieria Mecanica,2,87.17,36857
10103,Carlos Ruiz 10103,Ingenieria en Sistemas,3,87.34,36894
10104,Maria Garcia 10104,Ingenieria Industrial,4,87.51,36931
10105,Luis Hernandez 10105,Ingenieria Civil,5,87.68,36968
10106,Sofia Morales 10106,Ingenieria Administrativa,6,87.85,37005
10107,Pedro Castillo 10107,Ingenieria en Software,7,88.02,37042
10108,Elena Pineda 10108,Ingenieria Mecanica,8,88.19,37079
10109,Jorge Contreras 10109,Ingenieria en Sistemas,9,88.36,37116
10110,Valeria Barrios 10110,Ingenieria Industrial,10,88.53,37153
10111,Karla Gomez 10111,Ingenieria Civil,1,88.70,37190
10112,Diego Navarro 10112,Ingenieria Administrativa,2,88.87,37227
10113,Rosa Fuentes 10113,Ingenieria en Software,3,89.04,37264
10114,Mario Lemus 10114,Ingenieria Mecanica,4,89.21,37301
10115,Paola Ortiz 10115,Ingenieria en Sistemas,5,89.38,37338
10116,Sergio Aragon 10116,Ingenieria Industrial,6,89.55,37375
10117,Dulce Arana 10117,Ingenieria Civil,7,89.72,37412
10118,Nancy Chamalé 10118,Ingenieria Administrativa,8,89.89,37449
10119,Byron Castellanos 10119,Ingenieria en Software,9,90.06,37486
10120,Helen Conoz 10120,Ingenieria Mecanica,10,90.23,37523
10121,Juan Perez 10121,Ingenieria en Sistemas,1,90.40,37560
10122,Ana Lopez 10122,Ingenieria Industrial,2,90.57,37597
10123,Carlos Ruiz 10123,Ingenieria Civil,3,90.74,37634
10124,Maria Garcia 10124,Ingenieria Administrativa,4,90.91,37671
10125,Luis Hernandez 10125,Ingenieria en Software,5,91.08,37708
10126,Sofia Morales 10126,Ingenieria Mecanica,6,91.25,37745
10127,Pedro Castillo 10127,Ingenieria en Sistemas,7,91.42,37782
10128,Elena Pineda 10128,Ingenieria Industrial,8,91.59,37819
10129,Jorge Contreras 10129,Ingenieria Civil,9,91.76,37856
10130,Valeria Barrios 10130,Ingenieria Administrativa,10,91.93,37893
10131,Karla Gomez 10131,Ingenieria en Software,1,92.10,37930
10132,Diego Navarro 10132,Ingenieria Mecanica,2,92.27,37967
10133,Rosa Fuentes 10133,Ingenieria en Sistemas,3,92.44,38004
10134,Mario Lemus 10134,Ingenieria Industrial,4,92.61,38041
10135,Paola Ortiz 10135,Ingenieria Civil,5,92.78,38078
10136,Sergio Aragon 10136,Ingenieria Administrativa,6,92.95,38115
10137,Dulce Arana 10137,Ingenieria en Software,7,93.12,38152
10138,Nancy Chamalé 10138,Ingenieria Mecanica,8,93.29,38189
10139,Byron Castellanos 10139,Ingenieria en Sistemas,9,93.46,38226
10140,Helen Conoz 10140,Ingenieria Industrial,10,93.63,38263
10141,Juan Perez 10141,Ingenieria Civil,1,93.80,38300
10142,Ana Lopez 10142,Ingenieria Administrativa,2,93.97,38337
10143,Carlos Ruiz 10143,Ingenieria en Software,3,94.14,38374
10144,Maria Garcia 10144,Ingenieria Mecanica,4,94.31,38411
10145,Luis Hernandez 10145,Ingenieria en Sistemas,5,94.48,38448
10146,Sofia Morales 10146,Ingenieria Industrial,6,94.65,38485
10147,Pedro Castillo 10147,Ingenieria Civil,7,94.82,38522
10148,Elena Pineda 10148,Ingenieria Administrativa,8,94.99,38559
10149,Jorge Contreras 10149,Ingenieria en Software,9,95.16,38596
10150,Valeria Barrios 10150,Ingenieria Mecanica,10,95.33,38633
10151,Karla Gomez 10151,Ingenieria en Sistemas,1,95.50,38670
10152,Diego Navarro 10152,Ingenieria Industrial,2,95.67,38707
10153,Rosa Fuentes 10153,Ingenieria Civil,3,95.84,38744
10154,Mario Lemus 10154,Ingenieria Administrativa,4,96.01,38781
10155,Paola Ortiz 10155,Ingenieria en Software,5,96.18,38818
10156,Sergio Aragon 10156,Ingenieria Mecanica,6,96.35,38855
10157,Dulce Arana 10157,Ingenieria en Sistemas,7,96.52,38892
10158,Nancy Chamalé 10158,Ingenieria Industrial,8,96.69,38929
10159,Byron Castellanos 10159,Ingenieria Civil,9,96.86,38966
10160,Helen Conoz 10160,Ingenieria Administrativa,10,97.03,39003
10161,Juan Perez 10161,Ingenieria en Software,1,97.20,39040
10162,Ana Lopez 10162,Ingenieria Mecanica,2,97.37,39077
10163,Carlos Ruiz 10163,Ingenieria en Sistemas,3,97.54,39114
10164,Maria Garcia 10164,Ingenieria Industrial,4,97.71,39151
10165,Luis Hernandez 10165,Ingenieria Civil,5,97.88,39188
10166,Sofia Morales 10166,Ingenieria Administrativa,6,98.05,39225
10167,Pedro Castillo 10167,Ingenieria en Software,7,98.22,39262
10168,Elena Pineda 10168,Ingenieria Mecanica,8,98.39,39299
10169,Jorge Contreras 10169,Ingenieria en Sistemas,9,98.56,39336
10170,Valeria Barrios 10170,Ingenieria Industrial,10,98.73,39373
10171,Karla Gomez 10171,Ingenieria Civil,1,98.90,39410
10172,Diego Navarro 10172,Ingenieria Administrativa,2,99.07,39447
10173,Rosa Fuentes 10173,Ingenieria en Software,3,99.24,39484
10174,Mario Lemus 10174,Ingenieria Mecanica,4,99.41,39521
10175,Paola Ortiz 10175,Ingenieria en Sistemas,5,99.58,39558
10176,Sergio Aragon 10176,Ingenieria Industrial,6,99.75,39595
10177,Dulce Arana 10177,Ingenieria Civil,7,99.92,39632
10178,Nancy Chamalé 10178,Ingenieria Administrativa,8,60.09,39669
10179,Byron Castellanos 10179,Ingenieria en Software,9,60.26,39706
10180,Helen Conoz 10180,Ingenieria Mecanica,10,60.43,39743
10181,Juan Perez 10181,Ingenieria en Sistemas,1,60.60,39780
10182,Ana Lopez 10182,Ingenieria Industrial,2,60.77,39817
10183,Carlos Ruiz 10183,Ingenieria Civil,3,60.94,39854
10184,Maria Garcia 10184,Ingenieria Administrativa,4,61.11,39891
10185,Luis Hernandez 10185,Ingenieria en Software,5,61.28,39928
10186,Sofia Morales 10186,Ingenieria Mecanica,6,61.45,39965
10187,Pedro Castillo 10187,Ingenieria en Sistemas,7,61.62,40002
10188,Elena Pineda 10188,Ingenieria Industrial,8,61.79,40039
10189,Jorge Contreras 10189,Ingenieria Civil,9,61.96,40076
10190,Valeria Barrios 10190,Ingenieria Administrativa,10,62.13,40113
10191,Karla Gomez 10191,Ingenieria en Software,1,62.30,40150
10192,Diego Navarro 10192,Ingenieria Mecanica,2,62.47,40187
10193,Rosa Fuentes 10193,Ingenieria en Sistemas,3,62.64,40224
10194,Mario Lemus 10194,Ingenieria Industrial,4,62.81,40261
10195,Paola Ortiz 10195,Ingenieria Civil,5,62.98,40298
10196,Sergio Aragon 10196,Ingenieria Administrativa,6,63.15,40335
10197,Dulce Arana 10197,Ingenieria en Software,7,63.32,40372
10198,Nancy Chamalé 10198,Ingenieria Mecanica,8,63.49,40409
10199,Byron Castellanos 10199,Ingenieria en Sistemas,9,63.66,40446
10200,Helen Conoz 10200,Ingenieria Industrial,10,63.83,40483
10201,Juan Perez 10201,Ingenieria Civil,1,64.00,40520
10202,Ana Lopez 10202,Ingenieria Administrativa,2,64.17,40557
10203,Carlos Ruiz 10203,Ingenieria en Software,3,64.34,40594
10204,Maria Garcia 10204,Ingenieria Mecanica,4,64.51,40631
10205,Luis Hernandez 10205,Ingenieria en Sistemas,5,64.68,40668
10206,Sofia Morales 10206,Ingenieria Industrial,6,64.85,40705
10207,Pedro Castillo 10207,Ingenieria Civil,7,65.02,40742
10208,Elena Pineda 10208,Ingenieria Administrativa,8,65.19,40779
10209,Jorge Contreras 10209,Ingenieria en Software,9,65.36,40816
10210,Valeria Barrios 10210,Ingenieria Mecanica,10,65.53,40853
10211,Karla Gomez 10211,Ingenieria en Sistemas,1,65.70,40890
10212,Diego Navarro 10212,Ingenieria Industrial,2,65.87,40927
10213,Rosa Fuentes 10213,Ingenieria Civil,3,66.04,40964
10214,Mario Lemus 10214,Ingenieria Administrativa,4,66.21,41001
10215,Paola Ortiz 10215,Ingenieria en Software,5,66.38,41038
10216,Sergio Aragon 10216,Ingenieria Mecanica,6,66.55,41075
10217,Dulce Arana 10217,Ingenieria en Sistemas,7,66.72,41112
10218,Nancy Chamalé 10218,Ingenieria Industrial,8,66.89,41149
10219,Byron Castellanos 10219,Ingenieria Civil,9,67.06,41186
10220,Helen Conoz 10220,Ingenieria Administrativa,10,67.23,41223
10221,Juan Perez 10221,Ingenieria en Software,1,67.40,41260
10222,Ana Lopez 10222,Ingenieria Mecanica,2,67.57,41297
10223,Carlos Ruiz 10223,Ingenieria en Sistemas,3,67.74,41334
10224,Maria Garcia 10224,Ingenieria Industrial,4,67.91,41371
10225,Luis Hernandez 10225,Ingenieria Civil,5,68.08,41408
10226,Sofia Morales 10226,Ingenieria Administrativa,6,68.25,41445
10227,Pedro Castillo 10227,Ingenieria en Software,7,68.42,41482
10228,Elena Pineda 10228,Ingenieria Mecanica,8,68.59,41519
10229,Jorge Contreras 10229,Ingenieria en Sistemas,9,68.76,41556
10230,Valeria Barrios 10230,Ingenieria Industrial,10,68.93,41593
10231,Karla Gomez 10231,Ingenieria Civil,1,69.10,41630
10232,Diego Navarro 10232,Ingenieria Administrativa,2,69.27,41667
10233,Rosa Fuentes 10233,Ingenieria en Software,3,69.44,41704
10234,Mario Lemus 10234,Ingenieria Mecanica,4,69.61,41741
10235,Paola Ortiz 10235,Ingenieria en Sistemas,5,69.78,41778
10236,Sergio Aragon 10236,Ingenieria Industrial,6,69.95,41815
10237,Dulce Arana 10237,Ingenieria Civil,7,70.12,41852
10238,Nancy Chamalé 10238,Ingenieria Administrativa,8,70.29,41889
10239,Byron Castellanos 10239,Ingenieria en Software,9,70.46,41926
10240,Helen Conoz 10240,Ingenieria Mecanica,10,70.63,41963
10241,Juan Perez 10241,Ingenieria en Sistemas,1,70.80,42000
10242,Ana Lopez 10242,Ingenieria Industrial,2,70.97,42037
10243,Carlos Ruiz 10243,Ingenieria Civil,3,71.14,42074
10244,Maria Garcia 10244,Ingenieria Administrativa,4,71.31,42111
10245,Luis Hernandez 10245,Ingenieria en Software,5,71.48,42148
10246,Sofia Morales 10246,Ingenieria Mecanica,6,71.65,42185
10247,Pedro Castillo 10247,Ingenieria en Sistemas,7,71.82,42222
10248,Elena Pineda 10248,Ingenieria Industrial,8,71.99,42259
10249,Jorge Contreras 10249,Ingenieria Civil,9,72.16,42296
10250,Valeria Barrios 10250,Ingenieria Administrativa,10,72.33,42333
10251,Karla Gomez 10251,Ingenieria en Software,1,72.50,42370
10252,Diego Navarro 10252,Ingenieria Mecanica,2,72.67,42407
10253,Rosa Fuentes 10253,Ingenieria en Sistemas,3,72.84,42444
10254,Mario Lemus 10254,Ingenieria Industrial,4,73.01,42481
10255,Paola Ortiz 10255,Ingenieria Civil,5,73.18,42518
10256,Sergio Aragon 10256,Ingenieria Administrativa,6,73.35,42555
10257,Dulce Arana 10257,Ingenieria en Software,7,73.52,42592
10258,Nancy Chamalé 10258,Ingenieria Mecanica,8,73.69,42629
10259,Byron Castellanos 10259,Ingenieria en Sistemas,9,73.86,42666
10260,Helen Conoz 10260,Ingenieria Industrial,10,74.03,42703
10261,Juan Perez 10261,Ingenieria Civil,1,74.20,42740
10262,Ana Lopez 10262,Ingenieria Administrativa,2,74.37,42777
10263,Carlos Ruiz 10263,Ingenieria en Software,3,74.54,42814
10264,Maria Garcia 10264,Ingenieria Mecanica,4,74.71,42851
10265,Luis Hernandez 10265,Ingenieria en Sistemas,5,74.88,42888
10266,Sofia Morales 10266,Ingenieria Industrial,6,75.05,42925
10267,Pedro Castillo 10267,Ingenieria Civil,7,75.22,42962
10268,Elena Pineda 10268,Ingenieria Administrativa,8,75.39,42999
10269,Jorge Contreras 10269,Ingenieria en Software,9,75.56,43036
10270,Valeria Barrios 10270,Ingenieria Mecanica,10,75.73,43073
10271,Karla Gomez 10271,Ingenieria en Sistemas,1,75.90,43110
10272,Diego Navarro 10272,Ingenieria Industrial,2,76.07,43147
10273,Rosa Fuentes 10273,Ingenieria Civil,3,76.24,43184
10274,Mario Lemus 10274,Ingenieria Administrativa,4,76.41,43221
10275,Paola Ortiz 10275,Ingenieria en Software,5,76.58,43258
10276,Sergio Aragon 10276,Ingenieria Mecanica,6,76.75,43295
10277,Dulce Arana 10277,Ingenieria en Sistemas,7,76.92,43332
10278,Nancy Chamalé 10278,Ingenieria Industrial,8,77.09,43369
10279,Byron Castellanos 10279,Ingenieria Civil,9,77.26,43406
10280,Helen Conoz 10280,Ingenieria Administrativa,10,77.43,43443
10281,Juan Perez 10281,Ingenieria en Software,1,77.60,43480
10282,Ana Lopez 10282,Ingenieria Mecanica,2,77.77,43517
10283,Carlos Ruiz 10283,Ingenieria en Sistemas,3,77.94,43554
10284,Maria Garcia 10284,Ingenieria Industrial,4,78.11,43591
10285,Luis Hernandez 10285,Ingenieria Civil,5,78.28,43628
10286,Sofia Morales 10286,Ingenieria Administrativa,6,78.45,43665
10287,Pedro Castillo 10287,Ingenieria en Software,7,78.62,43702
10288,Elena Pineda 10288,Ingenieria Mecanica,8,78.79,43739
10289,Jorge Contreras 10289,Ingenieria en Sistemas,9,78.96,43776
10290,Valeria Barrios 10290,Ingenieria Industrial,10,79.13,43813
10291,Karla Gomez 10291,Ingenieria Civil,1,79.30,43850
10292,Diego Navarro 10292,Ingenieria Administrativa,2,79.47,43887
10293,Rosa Fuentes 10293,Ingenieria en Software,3,79.64,43924
10294,Mario Lemus 10294,Ingenieria Mecanica,4,79.81,43961
10295,Paola Ortiz 10295,Ingenieria en Sistemas,5,79.98,43998
10296,Sergio Aragon 10296,Ingenieria Industrial,6,80.15,44035
10297,Dulce Arana 10297,Ingenieria Civil,7,80.32,44072
10298,Nancy Chamalé 10298,Ingenieria Administrativa,8,80.49,44109
10299,Byron Castellanos 10299,Ingenieria en Software,9,80.66,44146
10300,Helen Conoz 10300,Ingenieria Mecanica,10,80.83,44183
10301,Juan Perez 10301,Ingenieria en Sistemas,1,81.00,44220
10302,Ana Lopez 10302,Ingenieria Industrial,2,81.17,44257
10303,Carlos Ruiz 10303,Ingenieria Civil,3,81.34,44294
10304,Maria Garcia 10304,Ingenieria Administrativa,4,81.51,44331
10305,Luis Hernandez 10305,Ingenieria en Software,5,81.68,44368
10306,Sofia Morales 10306,Ingenieria Mecanica,6,81.85,44405
10307,Pedro Castillo 10307,Ingenieria en Sistemas,7,82.02,44442
10308,Elena Pineda 10308,Ingenieria Industrial,8,82.19,44479
10309,Jorge Contreras 10309,Ingenieria Civil,9,82.36,44516
10310,Valeria Barrios 10310,Ingenieria Administrativa,10,82.53,44553
10311,Karla Gomez 10311,Ingenieria en Software,1,82.70,44590
10312,Diego Navarro 10312,Ingenieria Mecanica,2,82.87,44627
10313,Rosa Fuentes 10313,Ingenieria en Sistemas,3,83.04,44664
10314,Mario Lemus 10314,Ingenieria Industrial,4,83.21,44701
10315,Paola Ortiz 10315,Ingenieria Civil,5,83.38,44738
10316,Sergio Aragon 10316,Ingenieria Administrativa,6,83.55,44775
10317,Dulce Arana 10317,Ingenieria en Software,7,83.72,44812
10318,Nancy Chamalé 10318,Ingenieria Mecanica,8,83.89,44849
10319,Byron Castellanos 10319,Ingenieria en Sistemas,9,84.06,44886
10320,Helen Conoz 10320,Ingenieria Industrial,10,84.23,44923
10321,Juan Perez 10321,Ingenieria Civil,1,84.40,44960
10322,Ana Lopez 10322,Ingenieria Administrativa,2,84.57,44997
10323,Carlos Ruiz 10323,Ingenieria en Software,3,84.74,45034
10324,Maria Garcia 10324,Ingenieria Mecanica,4,84.91,45071
10325,Luis Hernandez 10325,Ingenieria en Sistemas,5,85.08,45108
10326,Sofia Morales 10326,Ingenieria Industrial,6,85.25,45145
10327,Pedro Castillo 10327,Ingenieria Civil,7,85.42,45182
10328,Elena Pineda 10328,Ingenieria Administrativa,8,85.59,45219
10329,Jorge Contreras 10329,Ingenieria en Software,9,85.76,45256
10330,Valeria Barrios 10330,Ingenieria Mecanica,10,85.93,45293
10331,Karla Gomez 10331,Ingenieria en Sistemas,1,86.10,45330
10332,Diego Navarro 10332,Ingenieria Industrial,2,86.27,45367
10333,Rosa Fuentes 10333,Ingenieria Civil,3,86.44,45404
10334,Mario Lemus 10334,Ingenieria Administrativa,4,86.61,45441
10335,Paola Ortiz 10335,Ingenieria en Software,5,86.78,45478
10336,Sergio Aragon 10336,Ingenieria Mecanica,6,86.95,45515
10337,Dulce Arana 10337,Ingenieria en Sistemas,7,87.12,45552
10338,Nancy Chamalé 10338,Ingenieria Industrial,8,87.29,45589
10339,Byron Castellanos 10339,Ingenieria Civil,9,87.46,45626
10340,Helen Conoz 10340,Ingenieria Administrativa,10,87.63,45663
10341,Juan Perez 10341,Ingenieria en Software,1,87.80,45700
10342,Ana Lopez 10342,Ingenieria Mecanica,2,87.97,45737
10343,Carlos Ruiz 10343,Ingenieria en Sistemas,3,88.14,45774
10344,Maria Garcia 10344,Ingenieria Industrial,4,88.31,45811
10345,Luis Hernandez 10345,Ingenieria Civil,5,88.48,45848
10346,Sofia Morales 10346,Ingenieria Administrativa,6,88.65,45885
10347,Pedro Castillo 10347,Ingenieria en Software,7,88.82,45922
10348,Elena Pineda 10348,Ingenieria Mecanica,8,88.99,45959
10349,Jorge Contreras 10349,Ingenieria en Sistemas,9,89.16,45996
10350,Valeria Barrios 10350,Ingenieria Industrial,10,89.33,46033
10351,Karla Gomez 10351,Ingenieria Civil,1,89.50,46070
10352,Diego Navarro 10352,Ingenieria Administrativa,2,89.67,46107
10353,Rosa Fuentes 10353,Ingenieria en Software,3,89.84,46144
10354,Mario Lemus 10354,Ingenieria Mecanica,4,90.01,46181
10355,Paola Ortiz 10355,Ingenieria en Sistemas,5,90.18,46218
10356,Sergio Aragon 10356,Ingenieria Industrial,6,90.35,46255
10357,Dulce Arana 10357,Ingenieria Civil,7,90.52,46292
10358,Nancy Chamalé 10358,Ingenieria Administrativa,8,90.69,46329
10359,Byron Castellanos 10359,Ingenieria en Software,9,90.86,46366
10360,Helen Conoz 10360,Ingenieria Mecanica,10,91.03,46403
10361,Juan Perez 10361,Ingenieria en Sistemas,1,91.20,46440
10362,Ana Lopez 10362,Ingenieria Industrial,2,91.37,46477
10363,Carlos Ruiz 10363,Ingenieria Civil,3,91.54,46514
10364,Maria Garcia 10364,Ingenieria Administrativa,4,91.71,46551
10365,Luis Hernandez 10365,Ingenieria en Software,5,91.88,46588
10366,Sofia Morales 10366,Ingenieria Mecanica,6,92.05,46625
10367,Pedro Castillo 10367,Ingenieria en Sistemas,7,92.22,46662
10368,Elena Pineda 10368,Ingenieria Industrial,8,92.39,46699
10369,Jorge Contreras 10369,Ingenieria Civil,9,92.56,46736
10370,Valeria Barrios 10370,Ingenieria Administrativa,10,92.73,46773
10371,Karla Gomez 10371,Ingenieria en Software,1,92.90,46810
10372,Diego Navarro 10372,Ingenieria Mecanica,2,93.07,46847
10373,Rosa Fuentes 10373,Ingenieria en Sistemas,3,93.24,46884
10374,Mario Lemus 10374,Ingenieria Industrial,4,93.41,46921
10375,Paola Ortiz 10375,Ingenieria Civil,5,93.58,46958
10376,Sergio Aragon 10376,Ingenieria Administrativa,6,93.75,46995
10377,Dulce Arana 10377,Ingenieria en Software,7,93.92,47032
10378,Nancy Chamalé 10378,Ingenieria Mecanica,8,94.09,47069
10379,Byron Castellanos 10379,Ingenieria en Sistemas,9,94.26,47106
10380,Helen Conoz 10380,Ingenieria Industrial,10,94.43,47143
10381,Juan Perez 10381,Ingenieria Civil,1,94.60,47180
10382,Ana Lopez 10382,Ingenieria Administrativa,2,94.77,47217
10383,Carlos Ruiz 10383,Ingenieria en Software,3,94.94,47254
10384,Maria Garcia 10384,Ingenieria Mecanica,4,95.11,47291
10385,Luis Hernandez 10385,Ingenieria en Sistemas,5,95.28,47328
10386,Sofia Morales 10386,Ingenieria Industrial,6,95.45,47365
10387,Pedro Castillo 10387,Ingenieria Civil,7,95.62,47402
10388,Elena Pineda 10388,Ingenieria Administrativa,8,95.79,47439
10389,Jorge Contreras 10389,Ingenieria en Software,9,95.96,47476
10390,Valeria Barrios 10390,Ingenieria Mecanica,10,96.13,47513
10391,Karla Gomez 10391,Ingenieria en Sistemas,1,96.30,47550
10392,Diego Navarro 10392,Ingenieria Industrial,2,96.47,47587
10393,Rosa Fuentes 10393,Ingenieria Civil,3,96.64,47624
10394,Mario Lemus 10394,Ingenieria Administrativa,4,96.81,47661
10395,Paola Ortiz 10395,Ingenieria en Software,5,96.98,47698
10396,Sergio Aragon 10396,Ingenieria Mecanica,6,97.15,47735
10397,Dulce Arana 10397,Ingenieria en Sistemas,7,97.32,47772
10398,Nancy Chamalé 10398,Ingenieria Industrial,8,97.49,47809
10399,Byron Castellanos 10399,Ingenieria Civil,9,97.66,47846
10400,Helen Conoz 10400,Ingenieria Administrativa,10,97.83,47883
10401,Juan Perez 10401,Ingenieria en Software,1,98.00,47920
10402,Ana Lopez 10402,Ingenieria Mecanica,2,98.17,47957
10403,Carlos Ruiz 10403,Ingenieria en Sistemas,3,98.34,47994
10404,Maria Garcia 10404,Ingenieria Industrial,4,98.51,48031
10405,Luis Hernandez 10405,Ingenieria Civil,5,98.68,48068
10406,Sofia Morales 10406,Ingenieria Administrativa,6,98.85,48105
10407,Pedro Castillo 10407,Ingenieria en Software,7,99.02,48142
10408,Elena Pineda 10408,Ingenieria Mecanica,8,99.19,48179
10409,Jorge Contreras 10409,Ingenieria en Sistemas,9,99.36,48216
10410,Valeria Barrios 10410,Ingenieria Industrial,10,99.53,48253
10411,Karla Gomez 10411,Ingenieria Civil,1,99.70,48290
10412,Diego Navarro 10412,Ingenieria Administrativa,2,99.87,48327
10413,Rosa Fuentes 10413,Ingenieria en Software,3,60.04,48364
10414,Mario Lemus 10414,Ingenieria Mecanica,4,60.21,48401
10415,Paola Ortiz 10415,Ingenieria en Sistemas,5,60.38,48438
10416,Sergio Aragon 10416,Ingenieria Industrial,6,60.55,48475
10417,Dulce Arana 10417,Ingenieria Civil,7,60.72,48512
10418,Nancy Chamalé 10418,Ingenieria Administrativa,8,60.89,48549
10419,Byron Castellanos 10419,Ingenieria en Software,9,61.06,48586
10420,Helen Conoz 10420,Ingenieria Mecanica,10,61.23,48623
10421,Juan Perez 10421,Ingenieria en Sistemas,1,61.40,48660
10422,Ana Lopez 10422,Ingenieria Industrial,2,61.57,48697
10423,Carlos Ruiz 10423,Ingenieria Civil,3,61.74,48734
10424,Maria Garcia 10424,Ingenieria Administrativa,4,61.91,48771
10425,Luis Hernandez 10425,Ingenieria en Software,5,62.08,48808
10426,Sofia Morales 10426,Ingenieria Mecanica,6,62.25,48845
10427,Pedro Castillo 10427,Ingenieria en Sistemas,7,62.42,48882
10428,Elena Pineda 10428,Ingenieria Industrial,8,62.59,48919
10429,Jorge Contreras 10429,Ingenieria Civil,9,62.76,48956
10430,Valeria Barrios 10430,Ingenieria Administrativa,10,62.93,48993
10431,Karla Gomez 10431,Ingenieria en Software,1,63.10,49030
10432,Diego Navarro 10432,Ingenieria Mecanica,2,63.27,49067
10433,Rosa Fuentes 10433,Ingenieria en Sistemas,3,63.44,49104
10434,Mario Lemus 10434,Ingenieria Industrial,4,63.61,49141
10435,Paola Ortiz 10435,Ingenieria Civil,5,63.78,49178
10436,Sergio Aragon 10436,Ingenieria Administrativa,6,63.95,49215
10437,Dulce Arana 10437,Ingenieria en Software,7,64.12,49252
10438,Nancy Chamalé 10438,Ingenieria Mecanica,8,64.29,49289
10439,Byron Castellanos 10439,Ingenieria en Sistemas,9,64.46,49326
10440,Helen Conoz 10440,Ingenieria Industrial,10,64.63,49363
10441,Juan Perez 10441,Ingenieria Civil,1,64.80,49400
10442,Ana Lopez 10442,Ingenieria Administrativa,2,64.97,49437
10443,Carlos Ruiz 10443,Ingenieria en Software,3,65.14,49474
10444,Maria Garcia 10444,Ingenieria Mecanica,4,65.31,49511
10445,Luis Hernandez 10445,Ingenieria en Sistemas,5,65.48,49548
10446,Sofia Morales 10446,Ingenieria Industrial,6,65.65,49585
10447,Pedro Castillo 10447,Ingenieria Civil,7,65.82,49622
10448,Elena Pineda 10448,Ingenieria Administrativa,8,65.99,49659
10449,Jorge Contreras 10449,Ingenieria en Software,9,66.16,49696
10450,Valeria Barrios 10450,Ingenieria Mecanica,10,66.33,49733
10451,Karla Gomez 10451,Ingenieria en Sistemas,1,66.50,49770
10452,Diego Navarro 10452,Ingenieria Industrial,2,66.67,49807
10453,Rosa Fuentes 10453,Ingenieria Civil,3,66.84,49844
10454,Mario Lemus 10454,Ingenieria Administrativa,4,67.01,49881
10455,Paola Ortiz 10455,Ingenieria en Software,5,67.18,49918
10456,Sergio Aragon 10456,Ingenieria Mecanica,6,67.35,49955
10457,Dulce Arana 10457,Ingenieria en Sistemas,7,67.52,49992
10458,Nancy Chamalé 10458,Ingenieria Industrial,8,67.69,50029
10459,Byron Castellanos 10459,Ingenieria Civil,9,67.86,50066
10460,Helen Conoz 10460,Ingenieria Administrativa,10,68.03,50103
10461,Juan Perez 10461,Ingenieria en Software,1,68.20,50140
10462,Ana Lopez 10462,Ingenieria Mecanica,2,68.37,50177
10463,Carlos Ruiz 10463,Ingenieria en Sistemas,3,68.54,50214
10464,Maria Garcia 10464,Ingenieria Industrial,4,68.71,50251
10465,Luis Hernandez 10465,Ingenieria Civil,5,68.88,50288
10466,Sofia Morales 10466,Ingenieria Administrativa,6,69.05,50325
10467,Pedro Castillo 10467,Ingenieria en Software,7,69.22,50362
10468,Elena Pineda 10468,Ingenieria Mecanica,8,69.39,50399
10469,Jorge Contreras 10469,Ingenieria en Sistemas,9,69.56,50436
10470,Valeria Barrios 10470,Ingenieria Industrial,10,69.73,50473
10471,Karla Gomez 10471,Ingenieria Civil,1,69.90,50510
10472,Diego Navarro 10472,Ingenieria Administrativa,2,70.07,50547
10473,Rosa Fuentes 10473,Ingenieria en Software,3,70.24,50584
10474,Mario Lemus 10474,Ingenieria Mecanica,4,70.41,50621
10475,Paola Ortiz 10475,Ingenieria en Sistemas,5,70.58,50658
10476,Sergio Aragon 10476,Ingenieria Industrial,6,70.75,50695
10477,Dulce Arana 10477,Ingenieria Civil,7,70.92,50732
10478,Nancy Chamalé 10478,Ingenieria Administrativa,8,71.09,50769
10479,Byron Castellanos 10479,Ingenieria en Software,9,71.26,50806
10480,Helen Conoz 10480,Ingenieria Mecanica,10,71.43,50843
10481,Juan Perez 10481,Ingenieria en Sistemas,1,71.60,50880
10482,Ana Lopez 10482,Ingenieria Industrial,2,71.77,50917
10483,Carlos Ruiz 10483,Ingenieria Civil,3,71.94,50954
10484,Maria Garcia 10484,Ingenieria Administrativa,4,72.11,50991
10485,Luis Hernandez 10485,Ingenieria en Software,5,72.28,51028
10486,Sofia Morales 10486,Ingenieria Mecanica,6,72.45,51065
10487,Pedro Castillo 10487,Ingenieria en Sistemas,7,72.62,51102
10488,Elena Pineda 10488,Ingenieria Industrial,8,72.79,51139
10489,Jorge Contreras 10489,Ingenieria Civil,9,72.96,51176
10490,Valeria Barrios 10490,Ingenieria Administrativa,10,73.13,51213
10491,Karla Gomez 10491,Ingenieria en Software,1,73.30,51250
10492,Diego Navarro 10492,Ingenieria Mecanica,2,73.47,51287
10493,Rosa Fuentes 10493,Ingenieria en Sistemas,3,73.64,51324
10494,Mario Lemus 10494,Ingenieria Industrial,4,73.81,51361
10495,Paola Ortiz 10495,Ingenieria Civil,5,73.98,51398
10496,Sergio Aragon 10496,Ingenieria Administrativa,6,74.15,51435
10497,Dulce Arana 10497,Ingenieria en Software,7,74.32,51472
10498,Nancy Chamalé 10498,Ingenieria Mecanica,8,74.49,51509
10499,Byron Castellanos 10499,Ingenieria en Sistemas,9,74.66,51546
10500,Helen Conoz 10500,Ingenieria Industrial,10,74.83,51583
10501,Juan Perez 10501,Ingenieria Civil,1,75.00,51620
10502,Ana Lopez 10502,Ingenieria Administrativa,2,75.17,51657
10503,Carlos Ruiz 10503,Ingenieria en Software,3,75.34,51694
10504,Maria Garcia 10504,Ingenieria Mecanica,4,75.51,51731
10505,Luis Hernandez 10505,Ingenieria en Sistemas,5,75.68,51768
10506,Sofia Morales 10506,Ingenieria Industrial,6,75.85,51805
10507,Pedro Castillo 10507,Ingenieria Civil,7,76.02,51842
10508,Elena Pineda 10508,Ingenieria Administrativa,8,76.19,51879
10509,Jorge Contreras 10509,Ingenieria en Software,9,76.36,51916
10510,Valeria Barrios 10510,Ingenieria Mecanica,10,76.53,51953
10511,Karla Gomez 10511,Ingenieria en Sistemas,1,76.70,51990
10512,Diego Navarro 10512,Ingenieria Industrial,2,76.87,52027
10513,Rosa Fuentes 10513,Ingenieria Civil,3,77.04,52064
10514,Mario Lemus 10514,Ingenieria Administrativa,4,77.21,52101
10515,Paola Ortiz 10515,Ingenieria en Software,5,77.38,52138
10516,Sergio Aragon 10516,Ingenieria Mecanica,6,77.55,52175
10517,Dulce Arana 10517,Ingenieria en Sistemas,7,77.72,52212
10518,Nancy Chamalé 10518,Ingenieria Industrial,8,77.89,52249
10519,Byron Castellanos 10519,Ingenieria Civil,9,78.06,52286
10520,Helen Conoz 10520,Ingenieria Administrativa,10,78.23,52323
10521,Juan Perez 10521,Ingenieria en Software,1,78.40,52360
10522,Ana Lopez 10522,Ingenieria Mecanica,2,78.57,52397
10523,Carlos Ruiz 10523,Ingenieria en Sistemas,3,78.74,52434
10524,Maria Garcia 10524,Ingenieria Industrial,4,78.91,52471
10525,Luis Hernandez 10525,Ingenieria Civil,5,79.08,52508
10526,Sofia Morales 10526,Ingenieria Administrativa,6,79.25,52545
10527,Pedro Castillo 10527,Ingenieria en Software,7,79.42,52582
10528,Elena Pineda 10528,Ingenieria Mecanica,8,79.59,52619
10529,Jorge Contreras 10529,Ingenieria en Sistemas,9,79.76,52656
10530,Valeria Barrios 10530,Ingenieria Industrial,10,79.93,52693
10531,Karla Gomez 10531,Ingenieria Civil,1,80.10,52730
10532,Diego Navarro 10532,Ingenieria Administrativa,2,80.27,52767
10533,Rosa Fuentes 10533,Ingenieria en Software,3,80.44,52804
10534,Mario Lemus 10534,Ingenieria Mecanica,4,80.61,52841
10535,Paola Ortiz 10535,Ingenieria en Sistemas,5,80.78,52878
10536,Sergio Aragon 10536,Ingenieria Industrial,6,80.95,52915
10537,Dulce Arana 10537,Ingenieria Civil,7,81.12,52952
10538,Nancy Chamalé 10538,Ingenieria Administrativa,8,81.29,52989
10539,Byron Castellanos 10539,Ingenieria en Software,9,81.46,53026
10540,Helen Conoz 10540,Ingenieria Mecanica,10,81.63,53063
10541,Juan Perez 10541,Ingenieria en Sistemas,1,81.80,53100
10542,Ana Lopez 10542,Ingenieria Industrial,2,81.97,53137
10543,Carlos Ruiz 10543,Ingenieria Civil,3,82.14,53174
10544,Maria Garcia 10544,Ingenieria Administrativa,4,82.31,53211
10545,Luis Hernandez 10545,Ingenieria en Software,5,82.48,53248
10546,Sofia Morales 10546,Ingenieria Mecanica,6,82.65,53285
10547,Pedro Castillo 10547,Ingenieria en Sistemas,7,82.82,53322
10548,Elena Pineda 10548,Ingenieria Industrial,8,82.99,53359
10549,Jorge Contreras 10549,Ingenieria Civil,9,83.16,53396
10550,Valeria Barrios 10550,Ingenieria Administrativa,10,83.33,53433
10551,Karla Gomez 10551,Ingenieria en Software,1,83.50,53470
10552,Diego Navarro 10552,Ingenieria Mecanica,2,83.67,53507
10553,Rosa Fuentes 10553,Ingenieria en Sistemas,3,83.84,53544
10554,Mario Lemus 10554,Ingenieria Industrial,4,84.01,53581
10555,Paola Ortiz 10555,Ingenieria Civil,5,84.18,53618
10556,Sergio Aragon 10556,Ingenieria Administrativa,6,84.35,53655
10557,Dulce Arana 10557,Ingenieria en Software,7,84.52,53692
10558,Nancy Chamalé 10558,Ingenieria Mecanica,8,84.69,53729
10559,Byron Castellanos 10559,Ingenieria en Sistemas,9,84.86,53766
10560,Helen Conoz 10560,Ingenieria Industrial,10,85.03,53803
10561,Juan Perez 10561,Ingenieria Civil,1,85.20,53840
10562,Ana Lopez 10562,Ingenieria Administrativa,2,85.37,53877
10563,Carlos Ruiz 10563,Ingenieria en Software,3,85.54,53914
10564,Maria Garcia 10564,Ingenieria Mecanica,4,85.71,53951
10565,Luis Hernandez 10565,Ingenieria en Sistemas,5,85.88,53988
10566,Sofia Morales 10566,Ingenieria Industrial,6,86.05,54025
10567,Pedro Castillo 10567,Ingenieria Civil,7,86.22,54062
10568,Elena Pineda 10568,Ingenieria Administrativa,8,86.39,54099
10569,Jorge Contreras 10569,Ingenieria en Software,9,86.56,54136
10570,Valeria Barrios 10570,Ingenieria Mecanica,10,86.73,54173
10571,Karla Gomez 10571,Ingenieria en Sistemas,1,86.90,54210
10572,Diego Navarro 10572,Ingenieria Industrial,2,87.07,54247
10573,Rosa Fuentes 10573,Ingenieria Civil,3,87.24,54284
10574,Mario Lemus 10574,Ingenieria Administrativa,4,87.41,54321
10575,Paola Ortiz 10575,Ingenieria en Software,5,87.58,54358
10576,Sergio Aragon 10576,Ingenieria Mecanica,6,87.75,54395
10577,Dulce Arana 10577,Ingenieria en Sistemas,7,87.92,54432
10578,Nancy Chamalé 10578,Ingenieria Industrial,8,88.09,54469
10579,Byron Castellanos 10579,Ingenieria Civil,9,88.26,54506
10580,Helen Conoz 10580,Ingenieria Administrativa,10,88.43,54543
10581,Juan Perez 10581,Ingenieria en Software,1,88.60,54580
10582,Ana Lopez 10582,Ingenieria Mecanica,2,88.77,54617
10583,Carlos Ruiz 10583,Ingenieria en Sistemas,3,88.94,54654
10584,Maria Garcia 10584,Ingenieria Industrial,4,89.11,54691
10585,Luis Hernandez 10585,Ingenieria Civil,5,89.28,54728
10586,Sofia Morales 10586,Ingenieria Administrativa,6,89.45,54765
10587,Pedro Castillo 10587,Ingenieria en Software,7,89.62,54802
10588,Elena Pineda 10588,Ingenieria Mecanica,8,89.79,54839
10589,Jorge Contreras 10589,Ingenieria en Sistemas,9,89.96,54876
10590,Valeria Barrios 10590,Ingenieria Industrial,10,90.13,54913
10591,Karla Gomez 10591,Ingenieria Civil,1,90.30,54950
10592,Diego Navarro 10592,Ingenieria Administrativa,2,90.47,54987
10593,Rosa Fuentes 10593,Ingenieria en Software,3,90.64,55024
10594,Mario Lemus 10594,Ingenieria Mecanica,4,90.81,55061
10595,Paola Ortiz 10595,Ingenieria en Sistemas,5,90.98,55098
10596,Sergio Aragon 10596,Ingenieria Industrial,6,91.15,55135
10597,Dulce Arana 10597,Ingenieria Civil,7,91.32,55172
10598,Nancy Chamalé 10598,Ingenieria Administrativa,8,91.49,55209
10599,Byron Castellanos 10599,Ingenieria en Software,9,91.66,55246
10600,Helen Conoz 10600,Ingenieria Mecanica,10,91.83,55283
10601,Juan Perez 10601,Ingenieria en Sistemas,1,92.00,55320
10602,Ana Lopez 10602,Ingenieria Industrial,2,92.17,55357
10603,Carlos Ruiz 10603,Ingenieria Civil,3,92.34,55394
10604,Maria Garcia 10604,Ingenieria Administrativa,4,92.51,55431
10605,Luis Hernandez 10605,Ingenieria en Software,5,92.68,55468
10606,Sofia Morales 10606,Ingenieria Mecanica,6,92.85,55505
10607,Pedro Castillo 10607,Ingenieria en Sistemas,7,93.02,55542
10608,Elena Pineda 10608,Ingenieria Industrial,8,93.19,55579
10609,Jorge Contreras 10609,Ingenieria Civil,9,93.36,55616
10610,Valeria Barrios 10610,Ingenieria Administrativa,10,93.53,55653
10611,Karla Gomez 10611,Ingenieria en Software,1,93.70,55690
10612,Diego Navarro 10612,Ingenieria Mecanica,2,93.87,55727
10613,Rosa Fuentes 10613,Ingenieria en Sistemas,3,94.04,55764
10614,Mario Lemus 10614,Ingenieria Industrial,4,94.21,55801
10615,Paola Ortiz 10615,Ingenieria Civil,5,94.38,55838
10616,Sergio Aragon 10616,Ingenieria Administrativa,6,94.55,55875
10617,Dulce Arana 10617,Ingenieria en Software,7,94.72,55912
10618,Nancy Chamalé 10618,Ingenieria Mecanica,8,94.89,55949
10619,Byron Castellanos 10619,Ingenieria en Sistemas,9,95.06,55986
10620,Helen Conoz 10620,Ingenieria Industrial,10,95.23,56023
10621,Juan Perez 10621,Ingenieria Civil,1,95.40,56060
10622,Ana Lopez 10622,Ingenieria Administrativa,2,95.57,56097
10623,Carlos Ruiz 10623,Ingenieria en Software,3,95.74,56134
10624,Maria Garcia 10624,Ingenieria Mecanica,4,95.91,56171
10625,Luis Hernandez 10625,Ingenieria en Sistemas,5,96.08,56208
10626,Sofia Morales 10626,Ingenieria Industrial,6,96.25,56245
10627,Pedro Castillo 10627,Ingenieria Civil,7,96.42,56282
10628,Elena Pineda 10628,Ingenieria Administrativa,8,96.59,56319
10629,Jorge Contreras 10629,Ingenieria en Software,9,96.76,56356
10630,Valeria Barrios 10630,Ingenieria Mecanica,10,96.93,56393
10631,Karla Gomez 10631,Ingenieria en Sistemas,1,97.10,56430
10632,Diego Navarro 10632,Ingenieria Industrial,2,97.27,56467
10633,Rosa Fuentes 10633,Ingenieria Civil,3,97.44,56504
10634,Mario Lemus 10634,Ingenieria Administrativa,4,97.61,56541
10635,Paola Ortiz 10635,Ingenieria en Software,5,97.78,56578
10636,Sergio Aragon 10636,Ingenieria Mecanica,6,97.95,56615
10637,Dulce Arana 10637,Ingenieria en Sistemas,7,98.12,56652
10638,Nancy Chamalé 10638,Ingenieria Industrial,8,98.29,56689
10639,Byron Castellanos 10639,Ingenieria Civil,9,98.46,56726
10640,Helen Conoz 10640,Ingenieria Administrativa,10,98.63,56763
10641,Juan Perez 10641,Ingenieria en Software,1,98.80,56800
10642,Ana Lopez 10642,Ingenieria Mecanica,2,98.97,56837
10643,Carlos Ruiz 10643,Ingenieria en Sistemas,3,99.14,56874
10644,Maria Garcia 10644,Ingenieria Industrial,4,99.31,56911
10645,Luis Hernandez 10645,Ingenieria Civil,5,99.48,56948
10646,Sofia Morales 10646,Ingenieria Administrativa,6,99.65,56985
10647,Pedro Castillo 10647,Ingenieria en Software,7,99.82,57022
10648,Elena Pineda 10648,Ingenieria Mecanica,8,99.99,57059
10649,Jorge Contreras 10649,Ingenieria en Sistemas,9,60.16,57096
10650,Valeria Barrios 10650,Ingenieria Industrial,10,60.33,57133
10651,Karla Gomez 10651,Ingenieria Civil,1,60.50,57170
10652,Diego Navarro 10652,Ingenieria Administrativa,2,60.67,57207
10653,Rosa Fuentes 10653,Ingenieria en Software,3,60.84,57244
10654,Mario Lemus 10654,Ingenieria Mecanica,4,61.01,57281
10655,Paola Ortiz 10655,Ingenieria en Sistemas,5,61.18,57318
10656,Sergio Aragon 10656,Ingenieria Industrial,6,61.35,57355
10657,Dulce Arana 10657,Ingenieria Civil,7,61.52,57392
10658,Nancy Chamalé 10658,Ingenieria Administrativa,8,61.69,57429
10659,Byron Castellanos 10659,Ingenieria en Software,9,61.86,57466
10660,Helen Conoz 10660,Ingenieria Mecanica,10,62.03,57503
10661,Juan Perez 10661,Ingenieria en Sistemas,1,62.20,57540
10662,Ana Lopez 10662,Ingenieria Industrial,2,62.37,57577
10663,Carlos Ruiz 10663,Ingenieria Civil,3,62.54,57614
10664,Maria Garcia 10664,Ingenieria Administrativa,4,62.71,57651
10665,Luis Hernandez 10665,Ingenieria en Software,5,62.88,57688
10666,Sofia Morales 10666,Ingenieria Mecanica,6,63.05,57725
10667,Pedro Castillo 10667,Ingenieria en Sistemas,7,63.22,57762
10668,Elena Pineda 10668,Ingenieria Industrial,8,63.39,57799
10669,Jorge Contreras 10669,Ingenieria Civil,9,63.56,57836
10670,Valeria Barrios 10670,Ingenieria Administrativa,10,63.73,57873
10671,Karla Gomez 10671,Ingenieria en Software,1,63.90,57910
10672,Diego Navarro 10672,Ingenieria Mecanica,2,64.07,57947
10673,Rosa Fuentes 10673,Ingenieria en Sistemas,3,64.24,57984
10674,Mario Lemus 10674,Ingenieria Industrial,4,64.41,58021
10675,Paola Ortiz 10675,Ingenieria Civil,5,64.58,58058
10676,Sergio Aragon 10676,Ingenieria Administrativa,6,64.75,58095
10677,Dulce Arana 10677,Ingenieria en Software,7,64.92,58132
10678,Nancy Chamalé 10678,Ingenieria Mecanica,8,65.09,58169
10679,Byron Castellanos 10679,Ingenieria en Sistemas,9,65.26,58206
10680,Helen Conoz 10680,Ingenieria Industrial,10,65.43,58243
10681,Juan Perez 10681,Ingenieria Civil,1,65.60,58280
10682,Ana Lopez 10682,Ingenieria Administrativa,2,65.77,58317
10683,Carlos Ruiz 10683,Ingenieria en Software,3,65.94,58354
10684,Maria Garcia 10684,Ingenieria Mecanica,4,66.11,58391
10685,Luis Hernandez 10685,Ingenieria en Sistemas,5,66.28,58428
10686,Sofia Morales 10686,Ingenieria Industrial,6,66.45,58465
10687,Pedro Castillo 10687,Ingenieria Civil,7,66.62,58502
10688,Elena Pineda 10688,Ingenieria Administrativa,8,66.79,58539
10689,Jorge Contreras 10689,Ingenieria en Software,9,66.96,58576
10690,Valeria Barrios 10690,Ingenieria Mecanica,10,67.13,58613
10691,Karla Gomez 10691,Ingenieria en Sistemas,1,67.30,58650
10692,Diego Navarro 10692,Ingenieria Industrial,2,67.47,58687
10693,Rosa Fuentes 10693,Ingenieria Civil,3,67.64,58724
10694,Mario Lemus 10694,Ingenieria Administrativa,4,67.81,58761
10695,Paola Ortiz 10695,Ingenieria en Software,5,67.98,58798
10696,Sergio Aragon 10696,Ingenieria Mecanica,6,68.15,58835
10697,Dulce Arana 10697,Ingenieria en Sistemas,7,68.32,58872
10698,Nancy Chamalé 10698,Ingenieria Industrial,8,68.49,58909
10699,Byron Castellanos 10699,Ingenieria Civil,9,68.66,58946
10700,Helen Conoz 10700,Ingenieria Administrativa,10,68.83,58983
10701,Juan Perez 10701,Ingenieria en Software,1,69.00,59020
10702,Ana Lopez 10702,Ingenieria Mecanica,2,69.17,59057
10703,Carlos Ruiz 10703,Ingenieria en Sistemas,3,69.34,59094
10704,Maria Garcia 10704,Ingenieria Industrial,4,69.51,59131
10705,Luis Hernandez 10705,Ingenieria Civil,5,69.68,59168
10706,Sofia Morales 10706,Ingenieria Administrativa,6,69.85,59205
10707,Pedro Castillo 10707,Ingenieria en Software,7,70.02,59242
10708,Elena Pineda 10708,Ingenieria Mecanica,8,70.19,59279
10709,Jorge Contreras 10709,Ingenieria en Sistemas,9,70.36,59316
10710,Valeria Barrios 10710,Ingenieria Industrial,10,70.53,59353
10711,Karla Gomez 10711,Ingenieria Civil,1,70.70,59390
10712,Diego Navarro 10712,Ingenieria Administrativa,2,70.87,59427
10713,Rosa Fuentes 10713,Ingenieria en Software,3,71.04,59464
10714,Mario Lemus 10714,Ingenieria Mecanica,4,71.21,59501
10715,Paola Ortiz 10715,Ingenieria en Sistemas,5,71.38,59538
10716,Sergio Aragon 10716,Ingenieria Industrial,6,71.55,59575
10717,Dulce Arana 10717,Ingenieria Civil,7,71.72,59612
10718,Nancy Chamalé 10718,Ingenieria Administrativa,8,71.89,59649
10719,Byron Castellanos 10719,Ingenieria en Software,9,72.06,59686
10720,Helen Conoz 10720,Ingenieria Mecanica,10,72.23,59723
10721,Juan Perez 10721,Ingenieria en Sistemas,1,72.40,59760
10722,Ana Lopez 10722,Ingenieria Industrial,2,72.57,59797
10723,Carlos Ruiz 10723,Ingenieria Civil,3,72.74,59834
10724,Maria Garcia 10724,Ingenieria Administrativa,4,72.91,59871
10725,Luis Hernandez 10725,Ingenieria en Software,5,73.08,59908
10726,Sofia Morales 10726,Ingenieria Mecanica,6,73.25,59945
10727,Pedro Castillo 10727,Ingenieria en Sistemas,7,73.42,59982
10728,Elena Pineda 10728,Ingenieria Industrial,8,73.59,60019
10729,Jorge Contreras 10729,Ingenieria Civil,9,73.76,60056
10730,Valeria Barrios 10730,Ingenieria Administrativa,10,73.93,60093
10731,Karla Gomez 10731,Ingenieria en Software,1,74.10,60130
10732,Diego Navarro 10732,Ingenieria Mecanica,2,74.27,60167
10733,Rosa Fuentes 10733,Ingenieria en Sistemas,3,74.44,60204
10734,Mario Lemus 10734,Ingenieria Industrial,4,74.61,60241
10735,Paola Ortiz 10735,Ingenieria Civil,5,74.78,60278
10736,Sergio Aragon 10736,Ingenieria Administrativa,6,74.95,60315
10737,Dulce Arana 10737,Ingenieria en Software,7,75.12,60352
10738,Nancy Chamalé 10738,Ingenieria Mecanica,8,75.29,60389
10739,Byron Castellanos 10739,Ingenieria en Sistemas,9,75.46,60426
10740,Helen Conoz 10740,Ingenieria Industrial,10,75.63,60463
10741,Juan Perez 10741,Ingenieria Civil,1,75.80,60500
10742,Ana Lopez 10742,Ingenieria Administrativa,2,75.97,60537
10743,Carlos Ruiz 10743,Ingenieria en Software,3,76.14,60574
10744,Maria Garcia 10744,Ingenieria Mecanica,4,76.31,60611
10745,Luis Hernandez 10745,Ingenieria en Sistemas,5,76.48,60648
10746,Sofia Morales 10746,Ingenieria Industrial,6,76.65,60685
10747,Pedro Castillo 10747,Ingenieria Civil,7,76.82,60722
10748,Elena Pineda 10748,Ingenieria Administrativa,8,76.99,60759
10749,Jorge Contreras 10749,Ingenieria en Software,9,77.16,60796
10750,Valeria Barrios 10750,Ingenieria Mecanica,10,77.33,60833
10751,Karla Gomez 10751,Ingenieria en Sistemas,1,77.50,60870
10752,Diego Navarro 10752,Ingenieria Industrial,2,77.67,60907
10753,Rosa Fuentes 10753,Ingenieria Civil,3,77.84,60944
10754,Mario Lemus 10754,Ingenieria Administrativa,4,78.01,60981
10755,Paola Ortiz 10755,Ingenieria en Software,5,78.18,61018
10756,Sergio Aragon 10756,Ingenieria Mecanica,6,78.35,61055
10757,Dulce Arana 10757,Ingenieria en Sistemas,7,78.52,61092
10758,Nancy Chamalé 10758,Ingenieria Industrial,8,78.69,61129
10759,Byron Castellanos 10759,Ingenieria Civil,9,78.86,61166
10760,Helen Conoz 10760,Ingenieria Administrativa,10,79.03,61203
10761,Juan Perez 10761,Ingenieria en Software,1,79.20,61240
10762,Ana Lopez 10762,Ingenieria Mecanica,2,79.37,61277
10763,Carlos Ruiz 10763,Ingenieria en Sistemas,3,79.54,61314
10764,Maria Garcia 10764,Ingenieria Industrial,4,79.71,61351
10765,Luis Hernandez 10765,Ingenieria Civil,5,79.88,61388
10766,Sofia Morales 10766,Ingenieria Administrativa,6,80.05,61425
10767,Pedro Castillo 10767,Ingenieria en Software,7,80.22,61462
10768,Elena Pineda 10768,Ingenieria Mecanica,8,80.39,61499
10769,Jorge Contreras 10769,Ingenieria en Sistemas,9,80.56,61536
10770,Valeria Barrios 10770,Ingenieria Industrial,10,80.73,61573
10771,Karla Gomez 10771,Ingenieria Civil,1,80.90,61610
10772,Diego Navarro 10772,Ingenieria Administrativa,2,81.07,61647
10773,Rosa Fuentes 10773,Ingenieria en Software,3,81.24,61684
10774,Mario Lemus 10774,Ingenieria Mecanica,4,81.41,61721
10775,Paola Ortiz 10775,Ingenieria en Sistemas,5,81.58,61758
10776,Sergio Aragon 10776,Ingenieria Industrial,6,81.75,61795
10777,Dulce Arana 10777,Ingenieria Civil,7,81.92,61832
10778,Nancy Chamalé 10778,Ingenieria Administrativa,8,82.09,61869
10779,Byron Castellanos 10779,Ingenieria en Software,9,82.26,61906
10780,Helen Conoz 10780,Ingenieria Mecanica,10,82.43,61943
10781,Juan Perez 10781,Ingenieria en Sistemas,1,82.60,61980
10782,Ana Lopez 10782,Ingenieria Industrial,2,82.77,62017
10783,Carlos Ruiz 10783,Ingenieria Civil,3,82.94,62054
10784,Maria Garcia 10784,Ingenieria Administrativa,4,83.11,62091
10785,Luis Hernandez 10785,Ingenieria en Software,5,83.28,62128
10786,Sofia Morales 10786,Ingenieria Mecanica,6,83.45,62165
10787,Pedro Castillo 10787,Ingenieria en Sistemas,7,83.62,62202
10788,Elena Pineda 10788,Ingenieria Industrial,8,83.79,62239
10789,Jorge Contreras 10789,Ingenieria Civil,9,83.96,62276
10790,Valeria Barrios 10790,Ingenieria Administrativa,10,84.13,62313
10791,Karla Gomez 10791,Ingenieria en Software,1,84.30,62350
10792,Diego Navarro 10792,Ingenieria Mecanica,2,84.47,62387
10793,Rosa Fuentes 10793,Ingenieria en Sistemas,3,84.64,62424
10794,Mario Lemus 10794,Ingenieria Industrial,4,84.81,62461
10795,Paola Ortiz 10795,Ingenieria Civil,5,84.98,62498
10796,Sergio Aragon 10796,Ingenieria Administrativa,6,85.15,62535
10797,Dulce Arana 10797,Ingenieria en Software,7,85.32,62572
10798,Nancy Chamalé 10798,Ingenieria Mecanica,8,85.49,62609
10799,Byron Castellanos 10799,Ingenieria en Sistemas,9,85.66,62646
10800,Helen Conoz 10800,Ingenieria Industrial,10,85.83,62683
10801,Juan Perez 10801,Ingenieria Civil,1,86.00,62720
10802,Ana Lopez 10802,Ingenieria Administrativa,2,86.17,62757
10803,Carlos Ruiz 10803,Ingenieria en Software,3,86.34,62794
10804,Maria Garcia 10804,Ingenieria Mecanica,4,86.51,62831
10805,Luis Hernandez 10805,Ingenieria en Sistemas,5,86.68,62868
10806,Sofia Morales 10806,Ingenieria Industrial,6,86.85,62905
10807,Pedro Castillo 10807,Ingenieria Civil,7,87.02,62942
10808,Elena Pineda 10808,Ingenieria Administrativa,8,87.19,62979
10809,Jorge Contreras 10809,Ingenieria en Software,9,87.36,63016
10810,Valeria Barrios 10810,Ingenieria Mecanica,10,87.53,63053
10811,Karla Gomez 10811,Ingenieria en Sistemas,1,87.70,63090
10812,Diego Navarro 10812,Ingenieria Industrial,2,87.87,63127
10813,Rosa Fuentes 10813,Ingenieria Civil,3,88.04,63164
10814,Mario Lemus 10814,Ingenieria Administrativa,4,88.21,63201
10815,Paola Ortiz 10815,Ingenieria en Software,5,88.38,63238
10816,Sergio Aragon 10816,Ingenieria Mecanica,6,88.55,63275
10817,Dulce Arana 10817,Ingenieria en Sistemas,7,88.72,63312
10818,Nancy Chamalé 10818,Ingenieria Industrial,8,88.89,63349
10819,Byron Castellanos 10819,Ingenieria Civil,9,89.06,63386
10820,Helen Conoz 10820,Ingenieria Administrativa,10,89.23,63423
10821,Juan Perez 10821,Ingenieria en Software,1,89.40,63460
10822,Ana Lopez 10822,Ingenieria Mecanica,2,89.57,63497
10823,Carlos Ruiz 10823,Ingenieria en Sistemas,3,89.74,63534
10824,Maria Garcia 10824,Ingenieria Industrial,4,89.91,63571
10825,Luis Hernandez 10825,Ingenieria Civil,5,90.08,63608
10826,Sofia Morales 10826,Ingenieria Administrativa,6,90.25,63645
10827,Pedro Castillo 10827,Ingenieria en Software,7,90.42,63682
10828,Elena Pineda 10828,Ingenieria Mecanica,8,90.59,63719
10829,Jorge Contreras 10829,Ingenieria en Sistemas,9,90.76,63756
10830,Valeria Barrios 10830,Ingenieria Industrial,10,90.93,63793
10831,Karla Gomez 10831,Ingenieria Civil,1,91.10,63830
10832,Diego Navarro 10832,Ingenieria Administrativa,2,91.27,63867
10833,Rosa Fuentes 10833,Ingenieria en Software,3,91.44,63904
10834,Mario Lemus 10834,Ingenieria Mecanica,4,91.61,63941
10835,Paola Ortiz 10835,Ingenieria en Sistemas,5,91.78,63978
10836,Sergio Aragon 10836,Ingenieria Industrial,6,91.95,64015
10837,Dulce Arana 10837,Ingenieria Civil,7,92.12,64052
10838,Nancy Chamalé 10838,Ingenieria Administrativa,8,92.29,64089
10839,Byron Castellanos 10839,Ingenieria en Software,9,92.46,64126
10840,Helen Conoz 10840,Ingenieria Mecanica,10,92.63,64163
10841,Juan Perez 10841,Ingenieria en Sistemas,1,92.80,64200
10842,Ana Lopez 10842,Ingenieria Industrial,2,92.97,64237
10843,Carlos Ruiz 10843,Ingenieria Civil,3,93.14,64274
10844,Maria Garcia 10844,Ingenieria Administrativa,4,93.31,64311
10845,Luis Hernandez 10845,Ingenieria en Software,5,93.48,64348
10846,Sofia Morales 10846,Ingenieria Mecanica,6,93.65,64385
10847,Pedro Castillo 10847,Ingenieria en Sistemas,7,93.82,64422
10848,Elena Pineda 10848,Ingenieria Industrial,8,93.99,64459
10849,Jorge Contreras 10849,Ingenieria Civil,9,94.16,64496
10850,Valeria Barrios 10850,Ingenieria Administrativa,10,94.33,64533
10851,Karla Gomez 10851,Ingenieria en Software,1,94.50,64570
10852,Diego Navarro 10852,Ingenieria Mecanica,2,94.67,64607
10853,Rosa Fuentes 10853,Ingenieria en Sistemas,3,94.84,64644
10854,Mario Lemus 10854,Ingenieria Industrial,4,95.01,64681
10855,Paola Ortiz 10855,Ingenieria Civil,5,95.18,64718
10856,Sergio Aragon 10856,Ingenieria Administrativa,6,95.35,64755
10857,Dulce Arana 10857,Ingenieria en Software,7,95.52,64792
10858,Nancy Chamalé 10858,Ingenieria Mecanica,8,95.69,64829
10859,Byron Castellanos 10859,Ingenieria en Sistemas,9,95.86,64866
10860,Helen Conoz 10860,Ingenieria Industrial,10,96.03,64903
10861,Juan Perez 10861,Ingenieria Civil,1,96.20,64940
10862,Ana Lopez 10862,Ingenieria Administrativa,2,96.37,64977
10863,Carlos Ruiz 10863,Ingenieria en Software,3,96.54,65014
10864,Maria Garcia 10864,Ingenieria Mecanica,4,96.71,65051
10865,Luis Hernandez 10865,Ingenieria en Sistemas,5,96.88,65088
10866,Sofia Morales 10866,Ingenieria Industrial,6,97.05,65125
10867,Pedro Castillo 10867,Ingenieria Civil,7,97.22,65162
10868,Elena Pineda 10868,Ingenieria Administrativa,8,97.39,65199
10869,Jorge Contreras 10869,Ingenieria en Software,9,97.56,65236
10870,Valeria Barrios 10870,Ingenieria Mecanica,10,97.73,65273
10871,Karla Gomez 10871,Ingenieria en Sistemas,1,97.90,65310
10872,Diego Navarro 10872,Ingenieria Industrial,2,98.07,65347
10873,Rosa Fuentes 10873,Ingenieria Civil,3,98.24,65384
10874,Mario Lemus 10874,Ingenieria Administrativa,4,98.41,65421
10875,Paola Ortiz 10875,Ingenieria en Software,5,98.58,65458
10876,Sergio Aragon 10876,Ingenieria Mecanica,6,98.75,65495
10877,Dulce Arana 10877,Ingenieria en Sistemas,7,98.92,65532
10878,Nancy Chamalé 10878,Ingenieria Industrial,8,99.09,65569
10879,Byron Castellanos 10879,Ingenieria Civil,9,99.26,65606
10880,Helen Conoz 10880,Ingenieria Administrativa,10,99.43,65643
10881,Juan Perez 10881,Ingenieria en Software,1,99.60,65680
10882,Ana Lopez 10882,Ingenieria Mecanica,2,99.77,65717
10883,Carlos Ruiz 10883,Ingenieria en Sistemas,3,99.94,65754
10884,Maria Garcia 10884,Ingenieria Industrial,4,60.11,65791
10885,Luis Hernandez 10885,Ingenieria Civil,5,60.28,65828
10886,Sofia Morales 10886,Ingenieria Administrativa,6,60.45,65865
10887,Pedro Castillo 10887,Ingenieria en Software,7,60.62,65902
10888,Elena Pineda 10888,Ingenieria Mecanica,8,60.79,65939
10889,Jorge Contreras 10889,Ingenieria en Sistemas,9,60.96,65976
10890,Valeria Barrios 10890,Ingenieria Industrial,10,61.13,66013
10891,Karla Gomez 10891,Ingenieria Civil,1,61.30,66050
10892,Diego Navarro 10892,Ingenieria Administrativa,2,61.47,66087
10893,Rosa Fuentes 10893,Ingenieria en Software,3,61.64,66124
10894,Mario Lemus 10894,Ingenieria Mecanica,4,61.81,66161
10895,Paola Ortiz 10895,Ingenieria en Sistemas,5,61.98,66198
10896,Sergio Aragon 10896,Ingenieria Industrial,6,62.15,66235
10897,Dulce Arana 10897,Ingenieria Civil,7,62.32,66272
10898,Nancy Chamalé 10898,Ingenieria Administrativa,8,62.49,66309
10899,Byron Castellanos 10899,Ingenieria en Software,9,62.66,66346
10900,Helen Conoz 10900,Ingenieria Mecanica,10,62.83,66383
10901,Juan Perez 10901,Ingenieria en Sistemas,1,63.00,66420
10902,Ana Lopez 10902,Ingenieria Industrial,2,63.17,66457
10903,Carlos Ruiz 10903,Ingenieria Civil,3,63.34,66494
10904,Maria Garcia 10904,Ingenieria Administrativa,4,63.51,66531
10905,Luis Hernandez 10905,Ingenieria en Software,5,63.68,66568
10906,Sofia Morales 10906,Ingenieria Mecanica,6,63.85,66605
10907,Pedro Castillo 10907,Ingenieria en Sistemas,7,64.02,66642
10908,Elena Pineda 10908,Ingenieria Industrial,8,64.19,66679
10909,Jorge Contreras 10909,Ingenieria Civil,9,64.36,66716
10910,Valeria Barrios 10910,Ingenieria Administrativa,10,64.53,66753
10911,Karla Gomez 10911,Ingenieria en Software,1,64.70,66790
10912,Diego Navarro 10912,Ingenieria Mecanica,2,64.87,66827
10913,Rosa Fuentes 10913,Ingenieria en Sistemas,3,65.04,66864
10914,Mario Lemus 10914,Ingenieria Industrial,4,65.21,66901
10915,Paola Ortiz 10915,Ingenieria Civil,5,65.38,66938
10916,Sergio Aragon 10916,Ingenieria Administrativa,6,65.55,66975
10917,Dulce Arana 10917,Ingenieria en Software,7,65.72,67012
10918,Nancy Chamalé 10918,Ingenieria Mecanica,8,65.89,67049
10919,Byron Castellanos 10919,Ingenieria en Sistemas,9,66.06,67086
10920,Helen Conoz 10920,Ingenieria Industrial,10,66.23,67123
10921,Juan Perez 10921,Ingenieria Civil,1,66.40,67160
10922,Ana Lopez 10922,Ingenieria Administrativa,2,66.57,67197
10923,Carlos Ruiz 10923,Ingenieria en Software,3,66.74,67234
10924,Maria Garcia 10924,Ingenieria Mecanica,4,66.91,67271
10925,Luis Hernandez 10925,Ingenieria en Sistemas,5,67.08,67308
10926,Sofia Morales 10926,Ingenieria Industrial,6,67.25,67345
10927,Pedro Castillo 10927,Ingenieria Civil,7,67.42,67382
10928,Elena Pineda 10928,Ingenieria Administrativa,8,67.59,67419
10929,Jorge Contreras 10929,Ingenieria en Software,9,67.76,67456
10930,Valeria Barrios 10930,Ingenieria Mecanica,10,67.93,67493
10931,Karla Gomez 10931,Ingenieria en Sistemas,1,68.10,67530
10932,Diego Navarro 10932,Ingenieria Industrial,2,68.27,67567
10933,Rosa Fuentes 10933,Ingenieria Civil,3,68.44,67604
10934,Mario Lemus 10934,Ingenieria Administrativa,4,68.61,67641
10935,Paola Ortiz 10935,Ingenieria en Software,5,68.78,67678
10936,Sergio Aragon 10936,Ingenieria Mecanica,6,68.95,67715
10937,Dulce Arana 10937,Ingenieria en Sistemas,7,69.12,67752
10938,Nancy Chamalé 10938,Ingenieria Industrial,8,69.29,67789
10939,Byron Castellanos 10939,Ingenieria Civil,9,69.46,67826
10940,Helen Conoz 10940,Ingenieria Administrativa,10,69.63,67863
10941,Juan Perez 10941,Ingenieria en Software,1,69.80,67900
10942,Ana Lopez 10942,Ingenieria Mecanica,2,69.97,67937
10943,Carlos Ruiz 10943,Ingenieria en Sistemas,3,70.14,67974
10944,Maria Garcia 10944,Ingenieria Industrial,4,70.31,68011
10945,Luis Hernandez 10945,Ingenieria Civil,5,70.48,68048
10946,Sofia Morales 10946,Ingenieria Administrativa,6,70.65,68085
10947,Pedro Castillo 10947,Ingenieria en Software,7,70.82,68122
10948,Elena Pineda 10948,Ingenieria Mecanica,8,70.99,68159
10949,Jorge Contreras 10949,Ingenieria en Sistemas,9,71.16,68196
10950,Valeria Barrios 10950,Ingenieria Industrial,10,71.33,68233
10951,Karla Gomez 10951,Ingenieria Civil,1,71.50,68270
10952,Diego Navarro 10952,Ingenieria Administrativa,2,71.67,68307
10953,Rosa Fuentes 10953,Ingenieria en Software,3,71.84,68344
10954,Mario Lemus 10954,Ingenieria Mecanica,4,72.01,68381
10955,Paola Ortiz 10955,Ingenieria en Sistemas,5,72.18,68418
10956,Sergio Aragon 10956,Ingenieria Industrial,6,72.35,68455
10957,Dulce Arana 10957,Ingenieria Civil,7,72.52,68492
10958,Nancy Chamalé 10958,Ingenieria Administrativa,8,72.69,68529
10959,Byron Castellanos 10959,Ingenieria en Software,9,72.86,68566
10960,Helen Conoz 10960,Ingenieria Mecanica,10,73.03,68603
10961,Juan Perez 10961,Ingenieria en Sistemas,1,73.20,68640
10962,Ana Lopez 10962,Ingenieria Industrial,2,73.37,68677
10963,Carlos Ruiz 10963,Ingenieria Civil,3,73.54,68714
10964,Maria Garcia 10964,Ingenieria Administrativa,4,73.71,68751
10965,Luis Hernandez 10965,Ingenieria en Software,5,73.88,68788
10966,Sofia Morales 10966,Ingenieria Mecanica,6,74.05,68825
10967,Pedro Castillo 10967,Ingenieria en Sistemas,7,74.22,68862
10968,Elena Pineda 10968,Ingenieria Industrial,8,74.39,68899
10969,Jorge Contreras 10969,Ingenieria Civil,9,74.56,68936
10970,Valeria Barrios 10970,Ingenieria Administrativa,10,74.73,68973
10971,Karla Gomez 10971,Ingenieria en Software,1,74.90,69010
10972,Diego Navarro 10972,Ingenieria Mecanica,2,75.07,69047
10973,Rosa Fuentes 10973,Ingenieria en Sistemas,3,75.24,69084
10974,Mario Lemus 10974,Ingenieria Industrial,4,75.41,69121
10975,Paola Ortiz 10975,Ingenieria Civil,5,75.58,69158
10976,Sergio Aragon 10976,Ingenieria Administrativa,6,75.75,69195
10977,Dulce Arana 10977,Ingenieria en Software,7,75.92,69232
10978,Nancy Chamalé 10978,Ingenieria Mecanica,8,76.09,69269
10979,Byron Castellanos 10979,Ingenieria en Sistemas,9,76.26,69306
10980,Helen Conoz 10980,Ingenieria Industrial,10,76.43,69343
10981,Juan Perez 10981,Ingenieria Civil,1,76.60,69380
10982,Ana Lopez 10982,Ingenieria Administrativa,2,76.77,69417
10983,Carlos Ruiz 10983,Ingenieria en Software,3,76.94,69454
10984,Maria Garcia 10984,Ingenieria Mecanica,4,77.11,69491
10985,Luis Hernandez 10985,Ingenieria en Sistemas,5,77.28,69528
10986,Sofia Morales 10986,Ingenieria Industrial,6,77.45,69565
10987,Pedro Castillo 10987,Ingenieria Civil,7,77.62,69602
10988,Elena Pineda 10988,Ingenieria Administrativa,8,77.79,69639
10989,Jorge Contreras 10989,Ingenieria en Software,9,77.96,69676
10990,Valeria Barrios 10990,Ingenieria Mecanica,10,78.13,69713
10991,Karla Gomez 10991,Ingenieria en Sistemas,1,78.30,69750
10992,Diego Navarro 10992,Ingenieria Industrial,2,78.47,69787
10993,Rosa Fuentes 10993,Ingenieria Civil,3,78.64,69824
10994,Mario Lemus 10994,Ingenieria Administrativa,4,78.81,69861
10995,Paola Ortiz 10995,Ingenieria en Software,5,78.98,69898
10996,Sergio Aragon 10996,Ingenieria Mecanica,6,79.15,69935
10997,Dulce Arana 10997,Ingenieria en Sistemas,7,79.32,69972
10998,Nancy Chamalé 10998,Ingenieria Industrial,8,79.49,70009
10999,Byron Castellanos 10999,Ingenieria Civil,9,79.66,70046
11000,Helen Conoz 11000,Ingenieria Administrativa,10,79.83,70083
